date,day_of_week,day_name,weekend,holiday,special_event,weather,shift,role,covers,employees_required,employees_scheduled,absent,actual_present,hours_per_employee,hourly_wage,labor_cost,service_score
2024-01-01,0,Monday,0,1,0,Sunny,Lunch,Server,146,19,18,0,18,5.0,14.0,1260.0,4.45
2024-01-01,0,Monday,0,1,0,Sunny,Lunch,Cook,146,10,11,1,10,5.0,20.0,1000.0,4.85
2024-01-01,0,Monday,0,1,0,Sunny,Lunch,Host,146,6,5,0,5,5.0,15.0,375.0,4.19
2024-01-01,0,Monday,0,1,0,Sunny,Lunch,Cashier,146,6,6,0,6,5.0,14.0,420.0,4.52
2024-01-01,0,Monday,0,1,0,Sunny,Lunch,Dishwasher,146,7,7,0,7,5.0,13.0,455.0,4.93
2024-01-01,0,Monday,0,1,0,Sunny,Dinner,Server,234,30,28,2,26,6.5,14.0,2366.0,2.8
2024-01-01,0,Monday,0,1,0,Sunny,Dinner,Cook,234,15,13,2,11,6.5,20.0,1430.0,2.16
2024-01-01,0,Monday,0,1,0,Sunny,Dinner,Host,234,10,9,0,9,6.5,15.0,877.5,4.11
2024-01-01,0,Monday,0,1,0,Sunny,Dinner,Cashier,234,9,7,1,6,6.5,14.0,546.0,3.23
2024-01-01,0,Monday,0,1,0,Sunny,Dinner,Dishwasher,234,11,10,1,9,6.5,13.0,760.5,3.58
2024-01-02,1,Tuesday,0,0,0,Snow,Lunch,Server,82,11,11,0,11,5.0,14.0,770.0,4.76
2024-01-02,1,Tuesday,0,0,0,Snow,Lunch,Cook,82,6,6,1,5,5.0,20.0,500.0,4.14
2024-01-02,1,Tuesday,0,0,0,Snow,Lunch,Host,82,4,4,0,4,5.0,15.0,300.0,4.78
2024-01-02,1,Tuesday,0,0,0,Snow,Lunch,Cashier,82,3,4,0,4,5.0,14.0,280.0,4.71
2024-01-02,1,Tuesday,0,0,0,Snow,Lunch,Dishwasher,82,4,4,1,3,5.0,13.0,195.0,4.2
2024-01-02,1,Tuesday,0,0,0,Snow,Dinner,Server,143,18,17,2,15,6.5,14.0,1365.0,2.83
2024-01-02,1,Tuesday,0,0,0,Snow,Dinner,Cook,143,9,9,0,9,6.5,20.0,1170.0,4.67
2024-01-02,1,Tuesday,0,0,0,Snow,Dinner,Host,143,6,6,1,5,6.5,15.0,487.5,4.01
2024-01-02,1,Tuesday,0,0,0,Snow,Dinner,Cashier,143,6,5,0,5,6.5,14.0,455.0,4.12
2024-01-02,1,Tuesday,0,0,0,Snow,Dinner,Dishwasher,143,7,7,0,7,6.5,13.0,591.5,4.96
2024-01-03,2,Wednesday,0,0,0,Sunny,Lunch,Server,100,13,13,1,12,5.0,14.0,840.0,4.14
2024-01-03,2,Wednesday,0,0,0,Sunny,Lunch,Cook,100,7,8,0,8,5.0,20.0,800.0,4.79
2024-01-03,2,Wednesday,0,0,0,Sunny,Lunch,Host,100,4,4,0,4,5.0,15.0,300.0,4.91
2024-01-03,2,Wednesday,0,0,0,Sunny,Lunch,Cashier,100,4,4,1,3,5.0,14.0,210.0,4.17
2024-01-03,2,Wednesday,0,0,0,Sunny,Lunch,Dishwasher,100,5,6,1,5,5.0,13.0,325.0,4.67
2024-01-03,2,Wednesday,0,0,0,Sunny,Dinner,Server,175,22,23,0,23,6.5,14.0,2093.0,4.75
2024-01-03,2,Wednesday,0,0,0,Sunny,Dinner,Cook,175,11,11,0,11,6.5,20.0,1430.0,4.77
2024-01-03,2,Wednesday,0,0,0,Sunny,Dinner,Host,175,7,7,0,7,6.5,15.0,682.5,4.7
2024-01-03,2,Wednesday,0,0,0,Sunny,Dinner,Cashier,175,7,7,2,5,6.5,14.0,455.0,3.45
2024-01-03,2,Wednesday,0,0,0,Sunny,Dinner,Dishwasher,175,8,7,1,6,6.5,13.0,507.0,3.57
2024-01-04,3,Thursday,0,0,0,Sunny,Lunch,Server,99,13,13,1,12,5.0,14.0,840.0,4.35
2024-01-04,3,Thursday,0,0,0,Sunny,Lunch,Cook,99,7,8,0,8,5.0,20.0,800.0,4.88
2024-01-04,3,Thursday,0,0,0,Sunny,Lunch,Host,99,4,5,0,5,5.0,15.0,375.0,4.62
2024-01-04,3,Thursday,0,0,0,Sunny,Lunch,Cashier,99,4,5,0,5,5.0,14.0,350.0,4.67
2024-01-04,3,Thursday,0,0,0,Sunny,Lunch,Dishwasher,99,5,6,0,6,5.0,13.0,390.0,4.67
2024-01-04,3,Thursday,0,0,0,Sunny,Dinner,Server,186,24,23,1,22,6.5,14.0,2002.0,3.74
2024-01-04,3,Thursday,0,0,0,Sunny,Dinner,Cook,186,12,13,1,12,6.5,20.0,1560.0,4.9
2024-01-04,3,Thursday,0,0,0,Sunny,Dinner,Host,186,8,8,0,8,6.5,15.0,780.0,4.61
2024-01-04,3,Thursday,0,0,0,Sunny,Dinner,Cashier,186,7,6,1,5,6.5,14.0,455.0,3.68
2024-01-04,3,Thursday,0,0,0,Sunny,Dinner,Dishwasher,186,9,9,1,8,6.5,13.0,676.0,4.14
2024-01-05,4,Friday,1,0,0,Snow,Lunch,Server,73,10,10,2,8,5.0,14.0,560.0,3.85
2024-01-05,4,Friday,1,0,0,Snow,Lunch,Cook,73,5,5,0,5,5.0,20.0,500.0,4.71
2024-01-05,4,Friday,1,0,0,Snow,Lunch,Host,73,3,4,0,4,5.0,15.0,300.0,4.65
2024-01-05,4,Friday,1,0,0,Snow,Lunch,Cashier,73,3,4,0,4,5.0,14.0,280.0,4.9
2024-01-05,4,Friday,1,0,0,Snow,Lunch,Dishwasher,73,4,5,0,5,5.0,13.0,325.0,4.73
2024-01-05,4,Friday,1,0,0,Snow,Dinner,Server,168,21,21,3,18,6.5,14.0,1638.0,2.96
2024-01-05,4,Friday,1,0,0,Snow,Dinner,Cook,168,11,11,0,11,6.5,20.0,1430.0,4.84
2024-01-05,4,Friday,1,0,0,Snow,Dinner,Host,168,7,6,0,6,6.5,15.0,585.0,4.12
2024-01-05,4,Friday,1,0,0,Snow,Dinner,Cashier,168,6,7,2,5,6.5,14.0,455.0,4.24
2024-01-05,4,Friday,1,0,0,Snow,Dinner,Dishwasher,168,8,9,1,8,6.5,13.0,676.0,4.9
2024-01-06,5,Saturday,1,0,0,Snow,Lunch,Server,65,9,10,0,10,5.0,14.0,700.0,4.84
2024-01-06,5,Saturday,1,0,0,Snow,Lunch,Cook,65,5,6,0,6,5.0,20.0,600.0,4.6
2024-01-06,5,Saturday,1,0,0,Snow,Lunch,Host,65,3,4,2,2,5.0,15.0,150.0,4.06
2024-01-06,5,Saturday,1,0,0,Snow,Lunch,Cashier,65,3,4,0,4,5.0,14.0,280.0,4.66
2024-01-06,5,Saturday,1,0,0,Snow,Lunch,Dishwasher,65,3,3,0,3,5.0,13.0,195.0,4.87
2024-01-06,5,Saturday,1,0,0,Snow,Dinner,Server,197,25,25,3,22,6.5,14.0,2002.0,2.99
2024-01-06,5,Saturday,1,0,0,Snow,Dinner,Cook,197,13,13,1,12,6.5,20.0,1560.0,4.14
2024-01-06,5,Saturday,1,0,0,Snow,Dinner,Host,197,8,7,0,7,6.5,15.0,682.5,4.35
2024-01-06,5,Saturday,1,0,0,Snow,Dinner,Cashier,197,8,8,0,8,6.5,14.0,728.0,4.82
2024-01-06,5,Saturday,1,0,0,Snow,Dinner,Dishwasher,197,9,8,2,6,6.5,13.0,507.0,2.91
2024-01-07,6,Sunday,1,0,0,Sunny,Lunch,Server,99,13,14,0,14,5.0,14.0,980.0,4.79
2024-01-07,6,Sunday,1,0,0,Sunny,Lunch,Cook,99,7,8,1,7,5.0,20.0,700.0,4.74
2024-01-07,6,Sunday,1,0,0,Sunny,Lunch,Host,99,4,5,0,5,5.0,15.0,375.0,4.7
2024-01-07,6,Sunday,1,0,0,Sunny,Lunch,Cashier,99,4,4,0,4,5.0,14.0,280.0,4.92
2024-01-07,6,Sunday,1,0,0,Sunny,Lunch,Dishwasher,99,5,6,1,5,5.0,13.0,325.0,4.61
2024-01-07,6,Sunday,1,0,0,Sunny,Dinner,Server,207,26,26,2,24,6.5,14.0,2184.0,3.49
2024-01-07,6,Sunday,1,0,0,Sunny,Dinner,Cook,207,13,14,1,13,6.5,20.0,1690.0,5.0
2024-01-07,6,Sunday,1,0,0,Sunny,Dinner,Host,207,9,8,0,8,6.5,15.0,780.0,4.2
2024-01-07,6,Sunday,1,0,0,Sunny,Dinner,Cashier,207,8,7,0,7,6.5,14.0,637.0,4.2
2024-01-07,6,Sunday,1,0,0,Sunny,Dinner,Dishwasher,207,10,9,1,8,6.5,13.0,676.0,3.68
2024-01-08,0,Monday,0,0,0,Sunny,Lunch,Server,114,15,15,0,15,5.0,14.0,1050.0,4.95
2024-01-08,0,Monday,0,0,0,Sunny,Lunch,Cook,114,8,9,0,9,5.0,20.0,900.0,4.58
2024-01-08,0,Monday,0,0,0,Sunny,Lunch,Host,114,5,4,0,4,5.0,15.0,300.0,4.04
2024-01-08,0,Monday,0,0,0,Sunny,Lunch,Cashier,114,5,5,0,5,5.0,14.0,350.0,4.75
2024-01-08,0,Monday,0,0,0,Sunny,Lunch,Dishwasher,114,6,6,0,6,5.0,13.0,390.0,4.8
2024-01-08,0,Monday,0,0,0,Sunny,Dinner,Server,184,23,23,3,20,6.5,14.0,1820.0,3.38
2024-01-08,0,Monday,0,0,0,Sunny,Dinner,Cook,184,12,13,0,13,6.5,20.0,1690.0,4.83
2024-01-08,0,Monday,0,0,0,Sunny,Dinner,Host,184,8,9,1,8,6.5,15.0,780.0,4.72
2024-01-08,0,Monday,0,0,0,Sunny,Dinner,Cashier,184,7,7,0,7,6.5,14.0,637.0,4.91
2024-01-08,0,Monday,0,0,0,Sunny,Dinner,Dishwasher,184,9,9,0,9,6.5,13.0,760.5,4.88
2024-01-09,1,Tuesday,0,0,0,Sunny,Lunch,Server,102,13,14,1,13,5.0,14.0,910.0,4.92
2024-01-09,1,Tuesday,0,0,0,Sunny,Lunch,Cook,102,7,8,0,8,5.0,20.0,800.0,4.74
2024-01-09,1,Tuesday,0,0,0,Sunny,Lunch,Host,102,5,6,0,6,5.0,15.0,450.0,4.85
2024-01-09,1,Tuesday,0,0,0,Sunny,Lunch,Cashier,102,4,5,0,5,5.0,14.0,350.0,4.76
2024-01-09,1,Tuesday,0,0,0,Sunny,Lunch,Dishwasher,102,5,5,0,5,5.0,13.0,325.0,4.94
2024-01-09,1,Tuesday,0,0,0,Sunny,Dinner,Server,186,24,24,1,23,6.5,14.0,2093.0,4.05
2024-01-09,1,Tuesday,0,0,0,Sunny,Dinner,Cook,186,12,12,0,12,6.5,20.0,1560.0,4.84
2024-01-09,1,Tuesday,0,0,0,Sunny,Dinner,Host,186,8,7,0,7,6.5,15.0,682.5,4.03
2024-01-09,1,Tuesday,0,0,0,Sunny,Dinner,Cashier,186,7,6,1,5,6.5,14.0,455.0,3.72
2024-01-09,1,Tuesday,0,0,0,Sunny,Dinner,Dishwasher,186,9,10,0,10,6.5,13.0,845.0,4.8
2024-01-10,2,Wednesday,0,0,0,Snow,Lunch,Server,68,9,10,1,9,5.0,14.0,630.0,4.85
2024-01-10,2,Wednesday,0,0,0,Snow,Lunch,Cook,68,5,6,0,6,5.0,20.0,600.0,4.76
2024-01-10,2,Wednesday,0,0,0,Snow,Lunch,Host,68,3,3,0,3,5.0,15.0,225.0,4.84
2024-01-10,2,Wednesday,0,0,0,Snow,Lunch,Cashier,68,3,4,1,3,5.0,14.0,210.0,4.67
2024-01-10,2,Wednesday,0,0,0,Snow,Lunch,Dishwasher,68,4,4,1,3,5.0,13.0,195.0,4.28
2024-01-10,2,Wednesday,0,0,0,Snow,Dinner,Server,134,17,17,1,16,6.5,14.0,1456.0,4.1
2024-01-10,2,Wednesday,0,0,0,Snow,Dinner,Cook,134,9,9,0,9,6.5,20.0,1170.0,4.85
2024-01-10,2,Wednesday,0,0,0,Snow,Dinner,Host,134,6,6,1,5,6.5,15.0,487.5,4.07
2024-01-10,2,Wednesday,0,0,0,Snow,Dinner,Cashier,134,5,5,0,5,6.5,14.0,455.0,4.68
2024-01-10,2,Wednesday,0,0,0,Snow,Dinner,Dishwasher,134,7,7,1,6,6.5,13.0,507.0,4.18
2024-01-11,3,Thursday,0,0,0,Snow,Lunch,Server,86,11,11,1,10,5.0,14.0,700.0,3.93
2024-01-11,3,Thursday,0,0,0,Snow,Lunch,Cook,86,6,7,1,6,5.0,20.0,600.0,4.86
2024-01-11,3,Thursday,0,0,0,Snow,Lunch,Host,86,4,5,0,5,5.0,15.0,375.0,4.96
2024-01-11,3,Thursday,0,0,0,Snow,Lunch,Cashier,86,4,4,0,4,5.0,14.0,280.0,4.71
2024-01-11,3,Thursday,0,0,0,Snow,Lunch,Dishwasher,86,4,5,1,4,5.0,13.0,260.0,4.76
2024-01-11,3,Thursday,0,0,0,Snow,Dinner,Server,147,19,20,2,18,6.5,14.0,1638.0,4.01
2024-01-11,3,Thursday,0,0,0,Snow,Dinner,Cook,147,10,11,0,11,6.5,20.0,1430.0,4.72
2024-01-11,3,Thursday,0,0,0,Snow,Dinner,Host,147,6,5,1,4,6.5,15.0,390.0,3.59
2024-01-11,3,Thursday,0,0,0,Snow,Dinner,Cashier,147,6,5,0,5,6.5,14.0,455.0,4.06
2024-01-11,3,Thursday,0,0,0,Snow,Dinner,Dishwasher,147,7,7,0,7,6.5,13.0,591.5,4.96
2024-01-12,4,Friday,1,0,0,Cloudy,Lunch,Server,135,17,18,1,17,5.0,14.0,1190.0,4.87
2024-01-12,4,Friday,1,0,0,Cloudy,Lunch,Cook,135,9,8,0,8,5.0,20.0,800.0,4.43
2024-01-12,4,Friday,1,0,0,Cloudy,Lunch,Host,135,6,6,0,6,5.0,15.0,450.0,4.67
2024-01-12,4,Friday,1,0,0,Cloudy,Lunch,Cashier,135,5,5,0,5,5.0,14.0,350.0,4.56
2024-01-12,4,Friday,1,0,0,Cloudy,Lunch,Dishwasher,135,7,7,1,6,5.0,13.0,390.0,3.95
2024-01-12,4,Friday,1,0,0,Cloudy,Dinner,Server,231,29,28,3,25,6.5,14.0,2275.0,2.73
2024-01-12,4,Friday,1,0,0,Cloudy,Dinner,Cook,231,15,13,0,13,6.5,20.0,1690.0,3.77
2024-01-12,4,Friday,1,0,0,Cloudy,Dinner,Host,231,10,9,2,7,6.5,15.0,682.5,2.9
2024-01-12,4,Friday,1,0,0,Cloudy,Dinner,Cashier,231,9,8,0,8,6.5,14.0,728.0,4.16
2024-01-12,4,Friday,1,0,0,Cloudy,Dinner,Dishwasher,231,11,9,0,9,6.5,13.0,760.5,3.49
2024-01-13,5,Saturday,1,0,0,Sunny,Lunch,Server,130,17,16,2,14,5.0,14.0,980.0,2.63
2024-01-13,5,Saturday,1,0,0,Sunny,Lunch,Cook,130,9,10,0,10,5.0,20.0,1000.0,4.79
2024-01-13,5,Saturday,1,0,0,Sunny,Lunch,Host,130,6,7,1,6,5.0,15.0,450.0,4.71
2024-01-13,5,Saturday,1,0,0,Sunny,Lunch,Cashier,130,5,5,0,5,5.0,14.0,350.0,4.7
2024-01-13,5,Saturday,1,0,0,Sunny,Lunch,Dishwasher,130,6,6,1,5,5.0,13.0,325.0,4.21
2024-01-13,5,Saturday,1,0,0,Sunny,Dinner,Server,253,32,31,2,29,6.5,14.0,2639.0,3.2
2024-01-13,5,Saturday,1,0,0,Sunny,Dinner,Cook,253,16,15,0,15,6.5,20.0,1950.0,4.16
2024-01-13,5,Saturday,1,0,0,Sunny,Dinner,Host,253,11,11,1,10,6.5,15.0,975.0,3.97
2024-01-13,5,Saturday,1,0,0,Sunny,Dinner,Cashier,253,10,10,0,10,6.5,14.0,910.0,4.8
2024-01-13,5,Saturday,1,0,0,Sunny,Dinner,Dishwasher,253,12,12,1,11,6.5,13.0,929.5,4.13
2024-01-14,6,Sunday,1,0,0,Sunny,Lunch,Server,124,16,16,4,12,5.0,14.0,840.0,2.65
2024-01-14,6,Sunday,1,0,0,Sunny,Lunch,Cook,124,8,7,0,7,5.0,20.0,700.0,4.3
2024-01-14,6,Sunday,1,0,0,Sunny,Lunch,Host,124,5,4,0,4,5.0,15.0,300.0,4.17
2024-01-14,6,Sunday,1,0,0,Sunny,Lunch,Cashier,124,5,6,0,6,5.0,14.0,420.0,4.67
2024-01-14,6,Sunday,1,0,0,Sunny,Lunch,Dishwasher,124,6,7,2,5,5.0,13.0,325.0,4.16
2024-01-14,6,Sunday,1,0,0,Sunny,Dinner,Server,230,29,28,2,26,6.5,14.0,2366.0,3.18
2024-01-14,6,Sunday,1,0,0,Sunny,Dinner,Cook,230,15,15,0,15,6.5,20.0,1950.0,4.69
2024-01-14,6,Sunday,1,0,0,Sunny,Dinner,Host,230,10,9,0,9,6.5,15.0,877.5,3.9
2024-01-14,6,Sunday,1,0,0,Sunny,Dinner,Cashier,230,9,8,0,8,6.5,14.0,728.0,4.13
2024-01-14,6,Sunday,1,0,0,Sunny,Dinner,Dishwasher,230,11,9,0,9,6.5,13.0,760.5,3.61
2024-01-15,0,Monday,0,0,0,Sunny,Lunch,Server,110,14,14,1,13,5.0,14.0,910.0,4.22
2024-01-15,0,Monday,0,0,0,Sunny,Lunch,Cook,110,7,7,0,7,5.0,20.0,700.0,4.99
2024-01-15,0,Monday,0,0,0,Sunny,Lunch,Host,110,5,6,1,5,5.0,15.0,375.0,4.86
2024-01-15,0,Monday,0,0,0,Sunny,Lunch,Cashier,110,4,3,0,3,5.0,14.0,210.0,4.01
2024-01-15,0,Monday,0,0,0,Sunny,Lunch,Dishwasher,110,5,5,1,4,5.0,13.0,260.0,4.26
2024-01-15,0,Monday,0,0,0,Sunny,Dinner,Server,167,21,22,2,20,6.5,14.0,1820.0,4.1
2024-01-15,0,Monday,0,0,0,Sunny,Dinner,Cook,167,11,11,1,10,6.5,20.0,1300.0,4.3
2024-01-15,0,Monday,0,0,0,Sunny,Dinner,Host,167,7,7,0,7,6.5,15.0,682.5,4.72
2024-01-15,0,Monday,0,0,0,Sunny,Dinner,Cashier,167,6,6,0,6,6.5,14.0,546.0,4.81
2024-01-15,0,Monday,0,0,0,Sunny,Dinner,Dishwasher,167,8,8,2,6,6.5,13.0,507.0,3.48
2024-01-16,1,Tuesday,0,0,0,Sunny,Lunch,Server,87,11,11,1,10,5.0,14.0,700.0,4.12
2024-01-16,1,Tuesday,0,0,0,Sunny,Lunch,Cook,87,6,7,0,7,5.0,20.0,700.0,5.0
2024-01-16,1,Tuesday,0,0,0,Sunny,Lunch,Host,87,4,4,0,4,5.0,15.0,300.0,4.81
2024-01-16,1,Tuesday,0,0,0,Sunny,Lunch,Cashier,87,4,5,0,5,5.0,14.0,350.0,4.75
2024-01-16,1,Tuesday,0,0,0,Sunny,Lunch,Dishwasher,87,4,4,1,3,5.0,13.0,195.0,4.04
2024-01-16,1,Tuesday,0,0,0,Sunny,Dinner,Server,157,20,20,2,18,6.5,14.0,1638.0,3.43
2024-01-16,1,Tuesday,0,0,0,Sunny,Dinner,Cook,157,10,10,0,10,6.5,20.0,1300.0,4.66
2024-01-16,1,Tuesday,0,0,0,Sunny,Dinner,Host,157,7,8,0,8,6.5,15.0,780.0,4.62
2024-01-16,1,Tuesday,0,0,0,Sunny,Dinner,Cashier,157,6,6,1,5,6.5,14.0,455.0,4.18
2024-01-16,1,Tuesday,0,0,0,Sunny,Dinner,Dishwasher,157,8,8,0,8,6.5,13.0,676.0,4.67
2024-01-17,2,Wednesday,0,0,0,Snow,Lunch,Server,80,10,11,0,11,5.0,14.0,770.0,5.0
2024-01-17,2,Wednesday,0,0,0,Snow,Lunch,Cook,80,5,6,1,5,5.0,20.0,500.0,4.98
2024-01-17,2,Wednesday,0,0,0,Snow,Lunch,Host,80,4,5,0,5,5.0,15.0,375.0,4.79
2024-01-17,2,Wednesday,0,0,0,Snow,Lunch,Cashier,80,3,3,0,3,5.0,14.0,210.0,4.9
2024-01-17,2,Wednesday,0,0,0,Snow,Lunch,Dishwasher,80,4,5,0,5,5.0,13.0,325.0,4.66
2024-01-17,2,Wednesday,0,0,0,Snow,Dinner,Server,110,14,14,1,13,6.5,14.0,1183.0,4.23
2024-01-17,2,Wednesday,0,0,0,Snow,Dinner,Cook,110,7,6,0,6,6.5,20.0,780.0,4.12
2024-01-17,2,Wednesday,0,0,0,Snow,Dinner,Host,110,5,5,1,4,6.5,15.0,390.0,4.15
2024-01-17,2,Wednesday,0,0,0,Snow,Dinner,Cashier,110,4,4,0,4,6.5,14.0,364.0,4.71
2024-01-17,2,Wednesday,0,0,0,Snow,Dinner,Dishwasher,110,5,6,0,6,6.5,13.0,507.0,4.65
2024-01-18,3,Thursday,0,0,0,Sunny,Lunch,Server,102,13,13,0,13,5.0,14.0,910.0,4.78
2024-01-18,3,Thursday,0,0,0,Sunny,Lunch,Cook,102,7,7,1,6,5.0,20.0,600.0,4.09
2024-01-18,3,Thursday,0,0,0,Sunny,Lunch,Host,102,5,6,0,6,5.0,15.0,450.0,4.9
2024-01-18,3,Thursday,0,0,0,Sunny,Lunch,Cashier,102,4,4,1,3,5.0,14.0,210.0,3.78
2024-01-18,3,Thursday,0,0,0,Sunny,Lunch,Dishwasher,102,5,5,0,5,5.0,13.0,325.0,4.61
2024-01-18,3,Thursday,0,0,0,Sunny,Dinner,Server,208,26,26,0,26,6.5,14.0,2366.0,4.67
2024-01-18,3,Thursday,0,0,0,Sunny,Dinner,Cook,208,13,12,1,11,6.5,20.0,1430.0,3.43
2024-01-18,3,Thursday,0,0,0,Sunny,Dinner,Host,208,9,8,0,8,6.5,15.0,780.0,4.27
2024-01-18,3,Thursday,0,0,0,Sunny,Dinner,Cashier,208,8,8,1,7,6.5,14.0,637.0,4.06
2024-01-18,3,Thursday,0,0,0,Sunny,Dinner,Dishwasher,208,10,9,0,9,6.5,13.0,760.5,4.19
2024-01-19,4,Friday,1,0,1,Sunny,Lunch,Server,126,16,16,3,13,5.0,14.0,910.0,3.11
2024-01-19,4,Friday,1,0,1,Sunny,Lunch,Cook,126,8,8,0,8,5.0,20.0,800.0,4.89
2024-01-19,4,Friday,1,0,1,Sunny,Lunch,Host,126,6,6,0,6,5.0,15.0,450.0,4.51
2024-01-19,4,Friday,1,0,1,Sunny,Lunch,Cashier,126,5,6,1,5,5.0,14.0,350.0,4.95
2024-01-19,4,Friday,1,0,1,Sunny,Lunch,Dishwasher,126,6,7,1,6,5.0,13.0,390.0,4.79
2024-01-19,4,Friday,1,0,1,Sunny,Dinner,Server,297,38,37,1,36,6.5,14.0,3276.0,3.48
2024-01-19,4,Friday,1,0,1,Sunny,Dinner,Cook,297,19,19,1,18,6.5,20.0,2340.0,4.2
2024-01-19,4,Friday,1,0,1,Sunny,Dinner,Host,297,12,12,0,12,6.5,15.0,1170.0,4.69
2024-01-19,4,Friday,1,0,1,Sunny,Dinner,Cashier,297,11,10,1,9,6.5,14.0,819.0,3.84
2024-01-19,4,Friday,1,0,1,Sunny,Dinner,Dishwasher,297,14,12,0,12,6.5,13.0,1014.0,3.43
2024-01-20,5,Saturday,1,0,0,Snow,Lunch,Server,99,13,13,2,11,5.0,14.0,770.0,3.34
2024-01-20,5,Saturday,1,0,0,Snow,Lunch,Cook,99,7,7,0,7,5.0,20.0,700.0,4.65
2024-01-20,5,Saturday,1,0,0,Snow,Lunch,Host,99,4,4,0,4,5.0,15.0,300.0,4.69
2024-01-20,5,Saturday,1,0,0,Snow,Lunch,Cashier,99,4,4,0,4,5.0,14.0,280.0,4.59
2024-01-20,5,Saturday,1,0,0,Snow,Lunch,Dishwasher,99,5,6,0,6,5.0,13.0,390.0,4.86
2024-01-20,5,Saturday,1,0,0,Snow,Dinner,Server,193,25,24,2,22,6.5,14.0,2002.0,2.74
2024-01-20,5,Saturday,1,0,0,Snow,Dinner,Cook,193,13,13,1,12,6.5,20.0,1560.0,4.09
2024-01-20,5,Saturday,1,0,0,Snow,Dinner,Host,193,8,8,0,8,6.5,15.0,780.0,5.0
2024-01-20,5,Saturday,1,0,0,Snow,Dinner,Cashier,193,7,7,1,6,6.5,14.0,546.0,4.25
2024-01-20,5,Saturday,1,0,0,Snow,Dinner,Dishwasher,193,9,8,2,6,6.5,13.0,507.0,3.08
2024-01-21,6,Sunday,1,0,0,Snow,Lunch,Server,75,10,11,1,10,5.0,14.0,700.0,4.86
2024-01-21,6,Sunday,1,0,0,Snow,Lunch,Cook,75,5,6,0,6,5.0,20.0,600.0,4.91
2024-01-21,6,Sunday,1,0,0,Snow,Lunch,Host,75,3,3,1,2,5.0,15.0,150.0,4.28
2024-01-21,6,Sunday,1,0,0,Snow,Lunch,Cashier,75,3,4,1,3,5.0,14.0,210.0,4.77
2024-01-21,6,Sunday,1,0,0,Snow,Lunch,Dishwasher,75,4,5,0,5,5.0,13.0,325.0,4.8
2024-01-21,6,Sunday,1,0,0,Snow,Dinner,Server,168,21,22,0,22,6.5,14.0,2002.0,4.89
2024-01-21,6,Sunday,1,0,0,Snow,Dinner,Cook,168,11,10,0,10,6.5,20.0,1300.0,4.21
2024-01-21,6,Sunday,1,0,0,Snow,Dinner,Host,168,7,7,0,7,6.5,15.0,682.5,4.71
2024-01-21,6,Sunday,1,0,0,Snow,Dinner,Cashier,168,6,6,1,5,6.5,14.0,455.0,4.17
2024-01-21,6,Sunday,1,0,0,Snow,Dinner,Dishwasher,168,8,8,0,8,6.5,13.0,676.0,4.56
2024-01-22,0,Monday,0,0,1,Snow,Lunch,Server,95,12,13,1,12,5.0,14.0,840.0,4.72
2024-01-22,0,Monday,0,0,1,Snow,Lunch,Cook,95,6,7,1,6,5.0,20.0,600.0,4.99
2024-01-22,0,Monday,0,0,1,Snow,Lunch,Host,95,4,5,0,5,5.0,15.0,375.0,4.95
2024-01-22,0,Monday,0,0,1,Snow,Lunch,Cashier,95,4,4,0,4,5.0,14.0,280.0,4.7
2024-01-22,0,Monday,0,0,1,Snow,Lunch,Dishwasher,95,5,5,0,5,5.0,13.0,325.0,4.77
2024-01-22,0,Monday,0,0,1,Snow,Dinner,Server,157,20,21,2,19,6.5,14.0,1729.0,4.33
2024-01-22,0,Monday,0,0,1,Snow,Dinner,Cook,157,10,10,1,9,6.5,20.0,1170.0,4.11
2024-01-22,0,Monday,0,0,1,Snow,Dinner,Host,157,7,6,2,4,6.5,15.0,390.0,3.28
2024-01-22,0,Monday,0,0,1,Snow,Dinner,Cashier,157,6,7,0,7,6.5,14.0,637.0,4.79
2024-01-22,0,Monday,0,0,1,Snow,Dinner,Dishwasher,157,8,7,0,7,6.5,13.0,591.5,4.52
2024-01-23,1,Tuesday,0,0,0,Rainy,Lunch,Server,101,13,14,0,14,5.0,14.0,980.0,4.69
2024-01-23,1,Tuesday,0,0,0,Rainy,Lunch,Cook,101,7,8,0,8,5.0,20.0,800.0,4.86
2024-01-23,1,Tuesday,0,0,0,Rainy,Lunch,Host,101,5,5,1,4,5.0,15.0,300.0,3.97
2024-01-23,1,Tuesday,0,0,0,Rainy,Lunch,Cashier,101,4,5,1,4,5.0,14.0,280.0,4.76
2024-01-23,1,Tuesday,0,0,0,Rainy,Lunch,Dishwasher,101,5,6,0,6,5.0,13.0,390.0,4.75
2024-01-23,1,Tuesday,0,0,0,Rainy,Dinner,Server,146,19,19,0,19,6.5,14.0,1729.0,4.64
2024-01-23,1,Tuesday,0,0,0,Rainy,Dinner,Cook,146,10,10,0,10,6.5,20.0,1300.0,4.78
2024-01-23,1,Tuesday,0,0,0,Rainy,Dinner,Host,146,6,6,1,5,6.5,15.0,487.5,4.33
2024-01-23,1,Tuesday,0,0,0,Rainy,Dinner,Cashier,146,6,6,0,6,6.5,14.0,546.0,4.87
2024-01-23,1,Tuesday,0,0,0,Rainy,Dinner,Dishwasher,146,7,7,1,6,6.5,13.0,507.0,4.01
2024-01-24,2,Wednesday,0,0,0,Rainy,Lunch,Server,104,13,14,1,13,5.0,14.0,910.0,4.75
2024-01-24,2,Wednesday,0,0,0,Rainy,Lunch,Cook,104,7,8,0,8,5.0,20.0,800.0,4.82
2024-01-24,2,Wednesday,0,0,0,Rainy,Lunch,Host,104,5,6,0,6,5.0,15.0,450.0,4.81
2024-01-24,2,Wednesday,0,0,0,Rainy,Lunch,Cashier,104,4,4,0,4,5.0,14.0,280.0,4.79
2024-01-24,2,Wednesday,0,0,0,Rainy,Lunch,Dishwasher,104,5,6,0,6,5.0,13.0,390.0,4.85
2024-01-24,2,Wednesday,0,0,0,Rainy,Dinner,Server,183,23,24,0,24,6.5,14.0,2184.0,4.64
2024-01-24,2,Wednesday,0,0,0,Rainy,Dinner,Cook,183,12,12,0,12,6.5,20.0,1560.0,4.87
2024-01-24,2,Wednesday,0,0,0,Rainy,Dinner,Host,183,8,8,0,8,6.5,15.0,780.0,4.67
2024-01-24,2,Wednesday,0,0,0,Rainy,Dinner,Cashier,183,7,6,1,5,6.5,14.0,455.0,3.37
2024-01-24,2,Wednesday,0,0,0,Rainy,Dinner,Dishwasher,183,9,8,0,8,6.5,13.0,676.0,4.23
2024-01-25,3,Thursday,0,0,0,Cloudy,Lunch,Server,99,13,13,4,9,5.0,14.0,630.0,2.58
2024-01-25,3,Thursday,0,0,0,Cloudy,Lunch,Cook,99,7,8,0,8,5.0,20.0,800.0,4.49
2024-01-25,3,Thursday,0,0,0,Cloudy,Lunch,Host,99,4,4,0,4,5.0,15.0,300.0,4.66
2024-01-25,3,Thursday,0,0,0,Cloudy,Lunch,Cashier,99,4,4,0,4,5.0,14.0,280.0,4.92
2024-01-25,3,Thursday,0,0,0,Cloudy,Lunch,Dishwasher,99,5,5,0,5,5.0,13.0,325.0,4.64
2024-01-25,3,Thursday,0,0,0,Cloudy,Dinner,Server,164,21,20,0,20,6.5,14.0,1820.0,4.24
2024-01-25,3,Thursday,0,0,0,Cloudy,Dinner,Cook,164,11,11,0,11,6.5,20.0,1430.0,4.81
2024-01-25,3,Thursday,0,0,0,Cloudy,Dinner,Host,164,7,6,1,5,6.5,15.0,487.5,3.57
2024-01-25,3,Thursday,0,0,0,Cloudy,Dinner,Cashier,164,6,6,1,5,6.5,14.0,455.0,4.31
2024-01-25,3,Thursday,0,0,0,Cloudy,Dinner,Dishwasher,164,8,7,2,5,6.5,13.0,422.5,3.07
2024-01-26,4,Friday,1,0,0,Rainy,Lunch,Server,92,12,12,1,11,5.0,14.0,770.0,4.22
2024-01-26,4,Friday,1,0,0,Rainy,Lunch,Cook,92,6,7,0,7,5.0,20.0,700.0,4.69
2024-01-26,4,Friday,1,0,0,Rainy,Lunch,Host,92,4,4,0,4,5.0,15.0,300.0,4.73
2024-01-26,4,Friday,1,0,0,Rainy,Lunch,Cashier,92,4,4,0,4,5.0,14.0,280.0,4.52
2024-01-26,4,Friday,1,0,0,Rainy,Lunch,Dishwasher,92,5,6,0,6,5.0,13.0,390.0,4.64
2024-01-26,4,Friday,1,0,0,Rainy,Dinner,Server,217,28,28,2,26,6.5,14.0,2366.0,3.81
2024-01-26,4,Friday,1,0,0,Rainy,Dinner,Cook,217,14,13,1,12,6.5,20.0,1560.0,3.77
2024-01-26,4,Friday,1,0,0,Rainy,Dinner,Host,217,9,7,0,7,6.5,15.0,682.5,3.67
2024-01-26,4,Friday,1,0,0,Rainy,Dinner,Cashier,217,8,7,1,6,6.5,14.0,546.0,3.67
2024-01-26,4,Friday,1,0,0,Rainy,Dinner,Dishwasher,217,10,8,1,7,6.5,13.0,591.5,2.91
2024-01-27,5,Saturday,1,0,0,Sunny,Lunch,Server,103,13,14,2,12,5.0,14.0,840.0,4.29
2024-01-27,5,Saturday,1,0,0,Sunny,Lunch,Cook,103,7,8,0,8,5.0,20.0,800.0,4.89
2024-01-27,5,Saturday,1,0,0,Sunny,Lunch,Host,103,5,6,1,5,5.0,15.0,375.0,5.0
2024-01-27,5,Saturday,1,0,0,Sunny,Lunch,Cashier,103,4,5,0,5,5.0,14.0,350.0,4.66
2024-01-27,5,Saturday,1,0,0,Sunny,Lunch,Dishwasher,103,5,5,0,5,5.0,13.0,325.0,4.78
2024-01-27,5,Saturday,1,0,0,Sunny,Dinner,Server,256,32,32,3,29,6.5,14.0,2639.0,2.93
2024-01-27,5,Saturday,1,0,0,Sunny,Dinner,Cook,256,16,15,1,14,6.5,20.0,1820.0,3.72
2024-01-27,5,Saturday,1,0,0,Sunny,Dinner,Host,256,11,10,0,10,6.5,15.0,975.0,4.28
2024-01-27,5,Saturday,1,0,0,Sunny,Dinner,Cashier,256,10,9,0,9,6.5,14.0,819.0,4.13
2024-01-27,5,Saturday,1,0,0,Sunny,Dinner,Dishwasher,256,12,11,1,10,6.5,13.0,845.0,3.71
2024-01-28,6,Sunday,1,0,1,Snow,Lunch,Server,101,13,13,1,12,5.0,14.0,840.0,4.17
2024-01-28,6,Sunday,1,0,1,Snow,Lunch,Cook,101,7,7,0,7,5.0,20.0,700.0,4.78
2024-01-28,6,Sunday,1,0,1,Snow,Lunch,Host,101,5,6,0,6,5.0,15.0,450.0,4.98
2024-01-28,6,Sunday,1,0,1,Snow,Lunch,Cashier,101,4,4,0,4,5.0,14.0,280.0,4.98
2024-01-28,6,Sunday,1,0,1,Snow,Lunch,Dishwasher,101,5,5,0,5,5.0,13.0,325.0,4.76
2024-01-28,6,Sunday,1,0,1,Snow,Dinner,Server,213,27,26,1,25,6.5,14.0,2275.0,3.65
2024-01-28,6,Sunday,1,0,1,Snow,Dinner,Cook,213,14,12,0,12,6.5,20.0,1560.0,3.28
2024-01-28,6,Sunday,1,0,1,Snow,Dinner,Host,213,9,7,2,5,6.5,15.0,487.5,2.61
2024-01-28,6,Sunday,1,0,1,Snow,Dinner,Cashier,213,8,7,0,7,6.5,14.0,637.0,4.19
2024-01-28,6,Sunday,1,0,1,Snow,Dinner,Dishwasher,213,10,10,1,9,6.5,13.0,760.5,4.05
2024-01-29,0,Monday,0,0,0,Cloudy,Lunch,Server,93,12,12,1,11,5.0,14.0,770.0,4.02
2024-01-29,0,Monday,0,0,0,Cloudy,Lunch,Cook,93,6,7,0,7,5.0,20.0,700.0,5.0
2024-01-29,0,Monday,0,0,0,Cloudy,Lunch,Host,93,4,4,0,4,5.0,15.0,300.0,4.77
2024-01-29,0,Monday,0,0,0,Cloudy,Lunch,Cashier,93,4,5,0,5,5.0,14.0,350.0,4.75
2024-01-29,0,Monday,0,0,0,Cloudy,Lunch,Dishwasher,93,5,6,2,4,5.0,13.0,260.0,4.27
2024-01-29,0,Monday,0,0,0,Cloudy,Dinner,Server,139,18,19,1,18,6.5,14.0,1638.0,4.84
2024-01-29,0,Monday,0,0,0,Cloudy,Dinner,Cook,139,9,9,0,9,6.5,20.0,1170.0,4.89
2024-01-29,0,Monday,0,0,0,Cloudy,Dinner,Host,139,6,6,2,4,6.5,15.0,390.0,3.65
2024-01-29,0,Monday,0,0,0,Cloudy,Dinner,Cashier,139,5,5,0,5,6.5,14.0,455.0,4.77
2024-01-29,0,Monday,0,0,0,Cloudy,Dinner,Dishwasher,139,7,8,2,6,6.5,13.0,507.0,4.13
2024-01-30,1,Tuesday,0,0,0,Cloudy,Lunch,Server,105,14,14,2,12,5.0,14.0,840.0,3.84
2024-01-30,1,Tuesday,0,0,0,Cloudy,Lunch,Cook,105,7,8,0,8,5.0,20.0,800.0,4.93
2024-01-30,1,Tuesday,0,0,0,Cloudy,Lunch,Host,105,5,5,0,5,5.0,15.0,375.0,4.8
2024-01-30,1,Tuesday,0,0,0,Cloudy,Lunch,Cashier,105,4,5,0,5,5.0,14.0,350.0,4.84
2024-01-30,1,Tuesday,0,0,0,Cloudy,Lunch,Dishwasher,105,5,6,0,6,5.0,13.0,390.0,4.95
2024-01-30,1,Tuesday,0,0,0,Cloudy,Dinner,Server,155,20,20,2,18,6.5,14.0,1638.0,3.84
2024-01-30,1,Tuesday,0,0,0,Cloudy,Dinner,Cook,155,10,10,0,10,6.5,20.0,1300.0,4.64
2024-01-30,1,Tuesday,0,0,0,Cloudy,Dinner,Host,155,7,7,0,7,6.5,15.0,682.5,4.6
2024-01-30,1,Tuesday,0,0,0,Cloudy,Dinner,Cashier,155,6,5,0,5,6.5,14.0,455.0,4.31
2024-01-30,1,Tuesday,0,0,0,Cloudy,Dinner,Dishwasher,155,8,8,0,8,6.5,13.0,676.0,4.93
2024-01-31,2,Wednesday,0,0,0,Cloudy,Lunch,Server,75,10,11,1,10,5.0,14.0,700.0,4.97
2024-01-31,2,Wednesday,0,0,0,Cloudy,Lunch,Cook,75,5,6,1,5,5.0,20.0,500.0,4.81
2024-01-31,2,Wednesday,0,0,0,Cloudy,Lunch,Host,75,3,3,0,3,5.0,15.0,225.0,4.85
2024-01-31,2,Wednesday,0,0,0,Cloudy,Lunch,Cashier,75,3,4,0,4,5.0,14.0,280.0,4.85
2024-01-31,2,Wednesday,0,0,0,Cloudy,Lunch,Dishwasher,75,4,4,0,4,5.0,13.0,260.0,4.56
2024-01-31,2,Wednesday,0,0,0,Cloudy,Dinner,Server,174,22,22,1,21,6.5,14.0,1911.0,4.04
2024-01-31,2,Wednesday,0,0,0,Cloudy,Dinner,Cook,174,11,11,0,11,6.5,20.0,1430.0,4.64
2024-01-31,2,Wednesday,0,0,0,Cloudy,Dinner,Host,174,7,7,0,7,6.5,15.0,682.5,4.76
2024-01-31,2,Wednesday,0,0,0,Cloudy,Dinner,Cashier,174,7,7,0,7,6.5,14.0,637.0,4.63
2024-01-31,2,Wednesday,0,0,0,Cloudy,Dinner,Dishwasher,174,8,8,1,7,6.5,13.0,591.5,4.19
2024-02-01,3,Thursday,0,0,0,Sunny,Lunch,Server,104,13,14,2,12,5.0,14.0,840.0,4.03
2024-02-01,3,Thursday,0,0,0,Sunny,Lunch,Cook,104,7,7,1,6,5.0,20.0,600.0,3.97
2024-02-01,3,Thursday,0,0,0,Sunny,Lunch,Host,104,5,5,0,5,5.0,15.0,375.0,4.72
2024-02-01,3,Thursday,0,0,0,Sunny,Lunch,Cashier,104,4,4,0,4,5.0,14.0,280.0,4.86
2024-02-01,3,Thursday,0,0,0,Sunny,Lunch,Dishwasher,104,5,6,0,6,5.0,13.0,390.0,4.66
2024-02-01,3,Thursday,0,0,0,Sunny,Dinner,Server,180,23,22,0,22,6.5,14.0,2002.0,4.16
2024-02-01,3,Thursday,0,0,0,Sunny,Dinner,Cook,180,12,12,0,12,6.5,20.0,1560.0,4.72
2024-02-01,3,Thursday,0,0,0,Sunny,Dinner,Host,180,8,8,2,6,6.5,15.0,585.0,3.59
2024-02-01,3,Thursday,0,0,0,Sunny,Dinner,Cashier,180,7,7,0,7,6.5,14.0,637.0,5.0
2024-02-01,3,Thursday,0,0,0,Sunny,Dinner,Dishwasher,180,9,10,0,10,6.5,13.0,845.0,4.68
2024-02-02,4,Friday,1,0,0,Rainy,Lunch,Server,87,11,11,2,9,5.0,14.0,630.0,3.64
2024-02-02,4,Friday,1,0,0,Rainy,Lunch,Cook,87,6,6,0,6,5.0,20.0,600.0,4.66
2024-02-02,4,Friday,1,0,0,Rainy,Lunch,Host,87,4,4,1,3,5.0,15.0,225.0,4.08
2024-02-02,4,Friday,1,0,0,Rainy,Lunch,Cashier,87,4,5,0,5,5.0,14.0,350.0,4.58
2024-02-02,4,Friday,1,0,0,Rainy,Lunch,Dishwasher,87,4,4,1,3,5.0,13.0,195.0,4.35
2024-02-02,4,Friday,1,0,0,Rainy,Dinner,Server,217,28,28,1,27,6.5,14.0,2457.0,4.02
2024-02-02,4,Friday,1,0,0,Rainy,Dinner,Cook,217,14,13,1,12,6.5,20.0,1560.0,3.43
2024-02-02,4,Friday,1,0,0,Rainy,Dinner,Host,217,9,8,1,7,6.5,15.0,682.5,3.31
2024-02-02,4,Friday,1,0,0,Rainy,Dinner,Cashier,217,8,8,0,8,6.5,14.0,728.0,4.69
2024-02-02,4,Friday,1,0,0,Rainy,Dinner,Dishwasher,217,10,10,1,9,6.5,13.0,760.5,4.02
2024-02-03,5,Saturday,1,0,0,Cloudy,Lunch,Server,104,13,13,2,11,5.0,14.0,770.0,3.89
2024-02-03,5,Saturday,1,0,0,Cloudy,Lunch,Cook,104,7,7,0,7,5.0,20.0,700.0,4.88
2024-02-03,5,Saturday,1,0,0,Cloudy,Lunch,Host,104,5,5,1,4,5.0,15.0,300.0,3.95
2024-02-03,5,Saturday,1,0,0,Cloudy,Lunch,Cashier,104,4,4,0,4,5.0,14.0,280.0,4.84
2024-02-03,5,Saturday,1,0,0,Cloudy,Lunch,Dishwasher,104,5,6,0,6,5.0,13.0,390.0,4.78
2024-02-03,5,Saturday,1,0,0,Cloudy,Dinner,Server,245,31,30,0,30,6.5,14.0,2730.0,4.24
2024-02-03,5,Saturday,1,0,0,Cloudy,Dinner,Cook,245,16,14,1,13,6.5,20.0,1690.0,2.89
2024-02-03,5,Saturday,1,0,0,Cloudy,Dinner,Host,245,10,10,0,10,6.5,15.0,975.0,4.81
2024-02-03,5,Saturday,1,0,0,Cloudy,Dinner,Cashier,245,9,9,0,9,6.5,14.0,819.0,4.92
2024-02-03,5,Saturday,1,0,0,Cloudy,Dinner,Dishwasher,245,12,11,1,10,6.5,13.0,845.0,3.81
2024-02-04,6,Sunday,1,0,1,Sunny,Lunch,Server,129,17,18,1,17,5.0,14.0,1190.0,4.78
2024-02-04,6,Sunday,1,0,1,Sunny,Lunch,Cook,129,9,8,0,8,5.0,20.0,800.0,3.98
2024-02-04,6,Sunday,1,0,1,Sunny,Lunch,Host,129,6,6,0,6,5.0,15.0,450.0,4.72
2024-02-04,6,Sunday,1,0,1,Sunny,Lunch,Cashier,129,5,6,0,6,5.0,14.0,420.0,4.97
2024-02-04,6,Sunday,1,0,1,Sunny,Lunch,Dishwasher,129,6,7,0,7,5.0,13.0,455.0,4.72
2024-02-04,6,Sunday,1,0,1,Sunny,Dinner,Server,248,31,31,4,27,6.5,14.0,2457.0,2.22
2024-02-04,6,Sunday,1,0,1,Sunny,Dinner,Cook,248,16,15,1,14,6.5,20.0,1820.0,3.45
2024-02-04,6,Sunday,1,0,1,Sunny,Dinner,Host,248,10,10,0,10,6.5,15.0,975.0,4.87
2024-02-04,6,Sunday,1,0,1,Sunny,Dinner,Cashier,248,9,8,0,8,6.5,14.0,728.0,4.14
2024-02-04,6,Sunday,1,0,1,Sunny,Dinner,Dishwasher,248,12,10,1,9,6.5,13.0,760.5,3.1
2024-02-05,0,Monday,0,0,0,Sunny,Lunch,Server,95,12,13,0,13,5.0,14.0,910.0,4.75
2024-02-05,0,Monday,0,0,0,Sunny,Lunch,Cook,95,6,7,0,7,5.0,20.0,700.0,4.88
2024-02-05,0,Monday,0,0,0,Sunny,Lunch,Host,95,4,4,0,4,5.0,15.0,300.0,4.75
2024-02-05,0,Monday,0,0,0,Sunny,Lunch,Cashier,95,4,5,0,5,5.0,14.0,350.0,4.67
2024-02-05,0,Monday,0,0,0,Sunny,Lunch,Dishwasher,95,5,6,1,5,5.0,13.0,325.0,4.71
2024-02-05,0,Monday,0,0,0,Sunny,Dinner,Server,187,24,25,0,25,6.5,14.0,2275.0,4.76
2024-02-05,0,Monday,0,0,0,Sunny,Dinner,Cook,187,12,12,1,11,6.5,20.0,1430.0,4.2
2024-02-05,0,Monday,0,0,0,Sunny,Dinner,Host,187,8,8,0,8,6.5,15.0,780.0,4.82
2024-02-05,0,Monday,0,0,0,Sunny,Dinner,Cashier,187,7,6,1,5,6.5,14.0,455.0,4.04
2024-02-05,0,Monday,0,0,0,Sunny,Dinner,Dishwasher,187,9,8,1,7,6.5,13.0,591.5,3.8
2024-02-06,1,Tuesday,0,0,1,Sunny,Lunch,Server,97,13,13,1,12,5.0,14.0,840.0,4.1
2024-02-06,1,Tuesday,0,0,1,Sunny,Lunch,Cook,97,7,7,0,7,5.0,20.0,700.0,4.87
2024-02-06,1,Tuesday,0,0,1,Sunny,Lunch,Host,97,4,4,0,4,5.0,15.0,300.0,4.91
2024-02-06,1,Tuesday,0,0,1,Sunny,Lunch,Cashier,97,4,4,0,4,5.0,14.0,280.0,4.66
2024-02-06,1,Tuesday,0,0,1,Sunny,Lunch,Dishwasher,97,5,6,1,5,5.0,13.0,325.0,4.8
2024-02-06,1,Tuesday,0,0,1,Sunny,Dinner,Server,261,33,33,3,30,6.5,14.0,2730.0,3.09
2024-02-06,1,Tuesday,0,0,1,Sunny,Dinner,Cook,261,17,15,0,15,6.5,20.0,1950.0,3.47
2024-02-06,1,Tuesday,0,0,1,Sunny,Dinner,Host,261,11,10,2,8,6.5,15.0,780.0,2.95
2024-02-06,1,Tuesday,0,0,1,Sunny,Dinner,Cashier,261,10,8,0,8,6.5,14.0,728.0,3.71
2024-02-06,1,Tuesday,0,0,1,Sunny,Dinner,Dishwasher,261,12,12,2,10,6.5,13.0,845.0,3.49
2024-02-07,2,Wednesday,0,0,0,Snow,Lunch,Server,79,10,11,1,10,5.0,14.0,700.0,4.83
2024-02-07,2,Wednesday,0,0,0,Snow,Lunch,Cook,79,5,6,2,4,5.0,20.0,400.0,4.18
2024-02-07,2,Wednesday,0,0,0,Snow,Lunch,Host,79,4,4,0,4,5.0,15.0,300.0,4.85
2024-02-07,2,Wednesday,0,0,0,Snow,Lunch,Cashier,79,3,3,0,3,5.0,14.0,210.0,4.73
2024-02-07,2,Wednesday,0,0,0,Snow,Lunch,Dishwasher,79,4,5,0,5,5.0,13.0,325.0,4.79
2024-02-07,2,Wednesday,0,0,0,Snow,Dinner,Server,172,22,23,2,21,6.5,14.0,1911.0,4.15
2024-02-07,2,Wednesday,0,0,0,Snow,Dinner,Cook,172,11,10,0,10,6.5,20.0,1300.0,4.04
2024-02-07,2,Wednesday,0,0,0,Snow,Dinner,Host,172,7,6,0,6,6.5,15.0,585.0,3.98
2024-02-07,2,Wednesday,0,0,0,Snow,Dinner,Cashier,172,7,7,0,7,6.5,14.0,637.0,4.93
2024-02-07,2,Wednesday,0,0,0,Snow,Dinner,Dishwasher,172,8,7,1,6,6.5,13.0,507.0,3.73
2024-02-08,3,Thursday,0,0,0,Rainy,Lunch,Server,88,11,11,0,11,5.0,14.0,770.0,4.91
2024-02-08,3,Thursday,0,0,0,Rainy,Lunch,Cook,88,6,6,0,6,5.0,20.0,600.0,4.75
2024-02-08,3,Thursday,0,0,0,Rainy,Lunch,Host,88,4,5,0,5,5.0,15.0,375.0,4.63
2024-02-08,3,Thursday,0,0,0,Rainy,Lunch,Cashier,88,4,4,0,4,5.0,14.0,280.0,4.56
2024-02-08,3,Thursday,0,0,0,Rainy,Lunch,Dishwasher,88,4,5,0,5,5.0,13.0,325.0,4.73
2024-02-08,3,Thursday,0,0,0,Rainy,Dinner,Server,194,25,25,2,23,6.5,14.0,2093.0,3.44
2024-02-08,3,Thursday,0,0,0,Rainy,Dinner,Cook,194,13,13,1,12,6.5,20.0,1560.0,4.24
2024-02-08,3,Thursday,0,0,0,Rainy,Dinner,Host,194,8,7,0,7,6.5,15.0,682.5,4.12
2024-02-08,3,Thursday,0,0,0,Rainy,Dinner,Cashier,194,7,7,1,6,6.5,14.0,546.0,4.17
2024-02-08,3,Thursday,0,0,0,Rainy,Dinner,Dishwasher,194,9,8,0,8,6.5,13.0,676.0,4.34
2024-02-09,4,Friday,1,0,0,Sunny,Lunch,Server,127,16,17,3,14,5.0,14.0,980.0,3.38
2024-02-09,4,Friday,1,0,0,Sunny,Lunch,Cook,127,8,8,0,8,5.0,20.0,800.0,5.0
2024-02-09,4,Friday,1,0,0,Sunny,Lunch,Host,127,6,7,0,7,5.0,15.0,525.0,4.98
2024-02-09,4,Friday,1,0,0,Sunny,Lunch,Cashier,127,5,5,0,5,5.0,14.0,350.0,4.93
2024-02-09,4,Friday,1,0,0,Sunny,Lunch,Dishwasher,127,6,5,1,4,5.0,13.0,260.0,3.69
2024-02-09,4,Friday,1,0,0,Sunny,Dinner,Server,200,25,26,1,25,6.5,14.0,2275.0,4.78
2024-02-09,4,Friday,1,0,0,Sunny,Dinner,Cook,200,13,13,0,13,6.5,20.0,1690.0,4.77
2024-02-09,4,Friday,1,0,0,Sunny,Dinner,Host,200,8,8,1,7,6.5,15.0,682.5,4.44
2024-02-09,4,Friday,1,0,0,Sunny,Dinner,Cashier,200,8,8,0,8,6.5,14.0,728.0,4.91
2024-02-09,4,Friday,1,0,0,Sunny,Dinner,Dishwasher,200,10,9,0,9,6.5,13.0,760.5,4.35
2024-02-10,5,Saturday,1,0,0,Sunny,Lunch,Server,104,13,13,2,11,5.0,14.0,770.0,3.97
2024-02-10,5,Saturday,1,0,0,Sunny,Lunch,Cook,104,7,8,0,8,5.0,20.0,800.0,4.71
2024-02-10,5,Saturday,1,0,0,Sunny,Lunch,Host,104,5,6,0,6,5.0,15.0,450.0,4.48
2024-02-10,5,Saturday,1,0,0,Sunny,Lunch,Cashier,104,4,5,0,5,5.0,14.0,350.0,4.9
2024-02-10,5,Saturday,1,0,0,Sunny,Lunch,Dishwasher,104,5,6,1,5,5.0,13.0,325.0,4.61
2024-02-10,5,Saturday,1,0,0,Sunny,Dinner,Server,232,29,28,2,26,6.5,14.0,2366.0,2.71
2024-02-10,5,Saturday,1,0,0,Sunny,Dinner,Cook,232,15,14,0,14,6.5,20.0,1820.0,3.97
2024-02-10,5,Saturday,1,0,0,Sunny,Dinner,Host,232,10,9,0,9,6.5,15.0,877.5,4.14
2024-02-10,5,Saturday,1,0,0,Sunny,Dinner,Cashier,232,9,9,1,8,6.5,14.0,728.0,4.16
2024-02-10,5,Saturday,1,0,0,Sunny,Dinner,Dishwasher,232,11,9,1,8,6.5,13.0,676.0,2.96
2024-02-11,6,Sunday,1,0,0,Sunny,Lunch,Server,114,15,15,1,14,5.0,14.0,980.0,4.33
2024-02-11,6,Sunday,1,0,0,Sunny,Lunch,Cook,114,8,8,1,7,5.0,20.0,700.0,4.4
2024-02-11,6,Sunday,1,0,0,Sunny,Lunch,Host,114,5,4,1,3,5.0,15.0,225.0,3.66
2024-02-11,6,Sunday,1,0,0,Sunny,Lunch,Cashier,114,5,5,1,4,5.0,14.0,280.0,4.04
2024-02-11,6,Sunday,1,0,0,Sunny,Lunch,Dishwasher,114,6,5,1,4,5.0,13.0,260.0,3.29
2024-02-11,6,Sunday,1,0,0,Sunny,Dinner,Server,180,23,24,2,22,6.5,14.0,2002.0,4.06
2024-02-11,6,Sunday,1,0,0,Sunny,Dinner,Cook,180,12,11,1,10,6.5,20.0,1300.0,3.38
2024-02-11,6,Sunday,1,0,0,Sunny,Dinner,Host,180,8,9,0,9,6.5,15.0,877.5,4.92
2024-02-11,6,Sunday,1,0,0,Sunny,Dinner,Cashier,180,7,7,1,6,6.5,14.0,546.0,4.3
2024-02-11,6,Sunday,1,0,0,Sunny,Dinner,Dishwasher,180,9,9,2,7,6.5,13.0,591.5,3.68
2024-02-12,0,Monday,0,0,0,Sunny,Lunch,Server,96,12,13,2,11,5.0,14.0,770.0,4.18
2024-02-12,0,Monday,0,0,0,Sunny,Lunch,Cook,96,6,7,0,7,5.0,20.0,700.0,4.7
2024-02-12,0,Monday,0,0,0,Sunny,Lunch,Host,96,4,4,0,4,5.0,15.0,300.0,4.82
2024-02-12,0,Monday,0,0,0,Sunny,Lunch,Cashier,96,4,4,1,3,5.0,14.0,210.0,4.27
2024-02-12,0,Monday,0,0,0,Sunny,Lunch,Dishwasher,96,5,6,0,6,5.0,13.0,390.0,4.73
2024-02-12,0,Monday,0,0,0,Sunny,Dinner,Server,193,25,25,2,23,6.5,14.0,2093.0,3.34
2024-02-12,0,Monday,0,0,0,Sunny,Dinner,Cook,193,13,12,1,11,6.5,20.0,1430.0,3.45
2024-02-12,0,Monday,0,0,0,Sunny,Dinner,Host,193,8,8,1,7,6.5,15.0,682.5,4.16
2024-02-12,0,Monday,0,0,0,Sunny,Dinner,Cashier,193,7,7,1,6,6.5,14.0,546.0,3.89
2024-02-12,0,Monday,0,0,0,Sunny,Dinner,Dishwasher,193,9,10,0,10,6.5,13.0,845.0,4.68
2024-02-13,1,Tuesday,0,0,0,Rainy,Lunch,Server,84,11,11,0,11,5.0,14.0,770.0,4.99
2024-02-13,1,Tuesday,0,0,0,Rainy,Lunch,Cook,84,6,7,0,7,5.0,20.0,700.0,4.77
2024-02-13,1,Tuesday,0,0,0,Rainy,Lunch,Host,84,4,5,2,3,5.0,15.0,225.0,3.99
2024-02-13,1,Tuesday,0,0,0,Rainy,Lunch,Cashier,84,3,3,0,3,5.0,14.0,210.0,4.78
2024-02-13,1,Tuesday,0,0,0,Rainy,Lunch,Dishwasher,84,4,4,1,3,5.0,13.0,195.0,4.27
2024-02-13,1,Tuesday,0,0,0,Rainy,Dinner,Server,153,20,20,1,19,6.5,14.0,1729.0,4.34
2024-02-13,1,Tuesday,0,0,0,Rainy,Dinner,Cook,153,10,9,0,9,6.5,20.0,1170.0,4.11
2024-02-13,1,Tuesday,0,0,0,Rainy,Dinner,Host,153,7,7,1,6,6.5,15.0,585.0,4.13
2024-02-13,1,Tuesday,0,0,0,Rainy,Dinner,Cashier,153,6,6,1,5,6.5,14.0,455.0,4.32
2024-02-13,1,Tuesday,0,0,0,Rainy,Dinner,Dishwasher,153,7,7,0,7,6.5,13.0,591.5,5.0
2024-02-14,2,Wednesday,0,1,0,Cloudy,Lunch,Server,119,15,15,2,13,5.0,14.0,910.0,3.76
2024-02-14,2,Wednesday,0,1,0,Cloudy,Lunch,Cook,119,8,9,1,8,5.0,20.0,800.0,4.75
2024-02-14,2,Wednesday,0,1,0,Cloudy,Lunch,Host,119,5,4,1,3,5.0,15.0,225.0,3.29
2024-02-14,2,Wednesday,0,1,0,Cloudy,Lunch,Cashier,119,5,5,1,4,5.0,14.0,280.0,4.37
2024-02-14,2,Wednesday,0,1,0,Cloudy,Lunch,Dishwasher,119,6,6,0,6,5.0,13.0,390.0,4.71
2024-02-14,2,Wednesday,0,1,0,Cloudy,Dinner,Server,209,27,27,1,26,6.5,14.0,2366.0,4.16
2024-02-14,2,Wednesday,0,1,0,Cloudy,Dinner,Cook,209,14,14,0,14,6.5,20.0,1820.0,4.93
2024-02-14,2,Wednesday,0,1,0,Cloudy,Dinner,Host,209,9,8,0,8,6.5,15.0,780.0,4.42
2024-02-14,2,Wednesday,0,1,0,Cloudy,Dinner,Cashier,209,8,8,0,8,6.5,14.0,728.0,4.75
2024-02-14,2,Wednesday,0,1,0,Cloudy,Dinner,Dishwasher,209,10,11,1,10,6.5,13.0,845.0,4.89
2024-02-15,3,Thursday,0,0,0,Sunny,Lunch,Server,114,15,16,1,15,5.0,14.0,1050.0,4.44
2024-02-15,3,Thursday,0,0,0,Sunny,Lunch,Cook,114,8,8,1,7,5.0,20.0,700.0,4.2
2024-02-15,3,Thursday,0,0,0,Sunny,Lunch,Host,114,5,6,0,6,5.0,15.0,450.0,4.98
2024-02-15,3,Thursday,0,0,0,Sunny,Lunch,Cashier,114,5,5,0,5,5.0,14.0,350.0,4.94
2024-02-15,3,Thursday,0,0,0,Sunny,Lunch,Dishwasher,114,6,5,0,5,5.0,13.0,325.0,4.29
2024-02-15,3,Thursday,0,0,0,Sunny,Dinner,Server,179,23,23,2,21,6.5,14.0,1911.0,3.86
2024-02-15,3,Thursday,0,0,0,Sunny,Dinner,Cook,179,12,12,0,12,6.5,20.0,1560.0,4.68
2024-02-15,3,Thursday,0,0,0,Sunny,Dinner,Host,179,8,8,2,6,6.5,15.0,585.0,3.65
2024-02-15,3,Thursday,0,0,0,Sunny,Dinner,Cashier,179,7,7,0,7,6.5,14.0,637.0,4.58
2024-02-15,3,Thursday,0,0,0,Sunny,Dinner,Dishwasher,179,9,9,0,9,6.5,13.0,760.5,4.83
2024-02-16,4,Friday,1,0,1,Sunny,Lunch,Server,118,15,16,1,15,5.0,14.0,1050.0,4.59
2024-02-16,4,Friday,1,0,1,Sunny,Lunch,Cook,118,8,8,0,8,5.0,20.0,800.0,4.8
2024-02-16,4,Friday,1,0,1,Sunny,Lunch,Host,118,5,4,0,4,5.0,15.0,300.0,4.28
2024-02-16,4,Friday,1,0,1,Sunny,Lunch,Cashier,118,5,5,2,3,5.0,14.0,210.0,3.76
2024-02-16,4,Friday,1,0,1,Sunny,Lunch,Dishwasher,118,6,6,0,6,5.0,13.0,390.0,4.6
2024-02-16,4,Friday,1,0,1,Sunny,Dinner,Server,243,31,30,4,26,6.5,14.0,2366.0,1.46
2024-02-16,4,Friday,1,0,1,Sunny,Dinner,Cook,243,16,16,0,16,6.5,20.0,2080.0,4.7
2024-02-16,4,Friday,1,0,1,Sunny,Dinner,Host,243,10,8,1,7,6.5,15.0,682.5,2.87
2024-02-16,4,Friday,1,0,1,Sunny,Dinner,Cashier,243,9,7,0,7,6.5,14.0,637.0,3.5
2024-02-16,4,Friday,1,0,1,Sunny,Dinner,Dishwasher,243,12,11,2,9,6.5,13.0,760.5,3.23
2024-02-17,5,Saturday,1,0,0,Sunny,Lunch,Server,109,14,15,1,14,5.0,14.0,980.0,4.78
2024-02-17,5,Saturday,1,0,0,Sunny,Lunch,Cook,109,7,8,0,8,5.0,20.0,800.0,4.81
2024-02-17,5,Saturday,1,0,0,Sunny,Lunch,Host,109,5,6,0,6,5.0,15.0,450.0,4.6
2024-02-17,5,Saturday,1,0,0,Sunny,Lunch,Cashier,109,4,4,0,4,5.0,14.0,280.0,4.79
2024-02-17,5,Saturday,1,0,0,Sunny,Lunch,Dishwasher,109,5,6,0,6,5.0,13.0,390.0,4.79
2024-02-17,5,Saturday,1,0,0,Sunny,Dinner,Server,228,29,29,3,26,6.5,14.0,2366.0,3.2
2024-02-17,5,Saturday,1,0,0,Sunny,Dinner,Cook,228,15,14,0,14,6.5,20.0,1820.0,4.28
2024-02-17,5,Saturday,1,0,0,Sunny,Dinner,Host,228,10,10,1,9,6.5,15.0,877.5,3.98
2024-02-17,5,Saturday,1,0,0,Sunny,Dinner,Cashier,228,9,9,0,9,6.5,14.0,819.0,4.86
2024-02-17,5,Saturday,1,0,0,Sunny,Dinner,Dishwasher,228,11,10,1,9,6.5,13.0,760.5,3.27
2024-02-18,6,Sunday,1,0,0,Sunny,Lunch,Server,90,12,13,0,13,5.0,14.0,910.0,4.92
2024-02-18,6,Sunday,1,0,0,Sunny,Lunch,Cook,90,6,6,0,6,5.0,20.0,600.0,4.93
2024-02-18,6,Sunday,1,0,0,Sunny,Lunch,Host,90,4,5,0,5,5.0,15.0,375.0,4.67
2024-02-18,6,Sunday,1,0,0,Sunny,Lunch,Cashier,90,4,5,0,5,5.0,14.0,350.0,4.68
2024-02-18,6,Sunday,1,0,0,Sunny,Lunch,Dishwasher,90,5,6,0,6,5.0,13.0,390.0,4.84
2024-02-18,6,Sunday,1,0,0,Sunny,Dinner,Server,208,26,25,3,22,6.5,14.0,2002.0,2.42
2024-02-18,6,Sunday,1,0,0,Sunny,Dinner,Cook,208,13,13,2,11,6.5,20.0,1430.0,3.6
2024-02-18,6,Sunday,1,0,0,Sunny,Dinner,Host,208,9,10,3,7,6.5,15.0,682.5,3.64
2024-02-18,6,Sunday,1,0,0,Sunny,Dinner,Cashier,208,8,9,0,9,6.5,14.0,819.0,4.59
2024-02-18,6,Sunday,1,0,0,Sunny,Dinner,Dishwasher,208,10,9,1,8,6.5,13.0,676.0,3.41
2024-02-19,0,Monday,0,0,0,Rainy,Lunch,Server,67,9,9,0,9,5.0,14.0,630.0,4.74
2024-02-19,0,Monday,0,0,0,Rainy,Lunch,Cook,67,5,6,0,6,5.0,20.0,600.0,4.71
2024-02-19,0,Monday,0,0,0,Rainy,Lunch,Host,67,3,4,0,4,5.0,15.0,300.0,5.0
2024-02-19,0,Monday,0,0,0,Rainy,Lunch,Cashier,67,3,3,2,1,5.0,14.0,70.0,3.27
2024-02-19,0,Monday,0,0,0,Rainy,Lunch,Dishwasher,67,4,5,0,5,5.0,13.0,325.0,4.62
2024-02-19,0,Monday,0,0,0,Rainy,Dinner,Server,162,21,21,0,21,6.5,14.0,1911.0,4.75
2024-02-19,0,Monday,0,0,0,Rainy,Dinner,Cook,162,11,12,1,11,6.5,20.0,1430.0,4.88
2024-02-19,0,Monday,0,0,0,Rainy,Dinner,Host,162,7,7,0,7,6.5,15.0,682.5,4.82
2024-02-19,0,Monday,0,0,0,Rainy,Dinner,Cashier,162,6,6,1,5,6.5,14.0,455.0,4.19
2024-02-19,0,Monday,0,0,0,Rainy,Dinner,Dishwasher,162,8,9,1,8,6.5,13.0,676.0,4.77
2024-02-20,1,Tuesday,0,0,0,Sunny,Lunch,Server,98,13,14,1,13,5.0,14.0,910.0,4.95
2024-02-20,1,Tuesday,0,0,0,Sunny,Lunch,Cook,98,7,7,1,6,5.0,20.0,600.0,4.11
2024-02-20,1,Tuesday,0,0,0,Sunny,Lunch,Host,98,4,5,1,4,5.0,15.0,300.0,4.78
2024-02-20,1,Tuesday,0,0,0,Sunny,Lunch,Cashier,98,4,4,1,3,5.0,14.0,210.0,4.03
2024-02-20,1,Tuesday,0,0,0,Sunny,Lunch,Dishwasher,98,5,5,1,4,5.0,13.0,260.0,4.18
2024-02-20,1,Tuesday,0,0,0,Sunny,Dinner,Server,133,17,17,1,16,6.5,14.0,1456.0,4.21
2024-02-20,1,Tuesday,0,0,0,Sunny,Dinner,Cook,133,9,9,0,9,6.5,20.0,1170.0,4.68
2024-02-20,1,Tuesday,0,0,0,Sunny,Dinner,Host,133,6,7,0,7,6.5,15.0,682.5,4.92
2024-02-20,1,Tuesday,0,0,0,Sunny,Dinner,Cashier,133,5,5,1,4,6.5,14.0,364.0,4.17
2024-02-20,1,Tuesday,0,0,0,Sunny,Dinner,Dishwasher,133,7,6,1,5,6.5,13.0,422.5,3.5
2024-02-21,2,Wednesday,0,0,0,Rainy,Lunch,Server,96,12,12,1,11,5.0,14.0,770.0,4.15
2024-02-21,2,Wednesday,0,0,0,Rainy,Lunch,Cook,96,6,6,0,6,5.0,20.0,600.0,4.66
2024-02-21,2,Wednesday,0,0,0,Rainy,Lunch,Host,96,4,5,1,4,5.0,15.0,300.0,4.52
2024-02-21,2,Wednesday,0,0,0,Rainy,Lunch,Cashier,96,4,5,1,4,5.0,14.0,280.0,4.82
2024-02-21,2,Wednesday,0,0,0,Rainy,Lunch,Dishwasher,96,5,5,0,5,5.0,13.0,325.0,4.57
2024-02-21,2,Wednesday,0,0,0,Rainy,Dinner,Server,147,19,20,1,19,6.5,14.0,1729.0,4.74
2024-02-21,2,Wednesday,0,0,0,Rainy,Dinner,Cook,147,10,10,0,10,6.5,20.0,1300.0,4.89
2024-02-21,2,Wednesday,0,0,0,Rainy,Dinner,Host,147,6,6,0,6,6.5,15.0,585.0,4.64
2024-02-21,2,Wednesday,0,0,0,Rainy,Dinner,Cashier,147,6,5,1,4,6.5,14.0,364.0,3.16
2024-02-21,2,Wednesday,0,0,0,Rainy,Dinner,Dishwasher,147,7,7,0,7,6.5,13.0,591.5,4.82
2024-02-22,3,Thursday,0,0,0,Sunny,Lunch,Server,108,14,15,1,14,5.0,14.0,980.0,4.81
2024-02-22,3,Thursday,0,0,0,Sunny,Lunch,Cook,108,7,8,0,8,5.0,20.0,800.0,4.69
2024-02-22,3,Thursday,0,0,0,Sunny,Lunch,Host,108,5,6,0,6,5.0,15.0,450.0,4.64
2024-02-22,3,Thursday,0,0,0,Sunny,Lunch,Cashier,108,4,5,0,5,5.0,14.0,350.0,4.9
2024-02-22,3,Thursday,0,0,0,Sunny,Lunch,Dishwasher,108,5,6,0,6,5.0,13.0,390.0,4.86
2024-02-22,3,Thursday,0,0,0,Sunny,Dinner,Server,160,20,20,2,18,6.5,14.0,1638.0,3.57
2024-02-22,3,Thursday,0,0,0,Sunny,Dinner,Cook,160,10,10,1,9,6.5,20.0,1170.0,4.28
2024-02-22,3,Thursday,0,0,0,Sunny,Dinner,Host,160,7,8,0,8,6.5,15.0,780.0,4.78
2024-02-22,3,Thursday,0,0,0,Sunny,Dinner,Cashier,160,6,6,0,6,6.5,14.0,546.0,4.91
2024-02-22,3,Thursday,0,0,0,Sunny,Dinner,Dishwasher,160,8,7,1,6,6.5,13.0,507.0,3.6
2024-02-23,4,Friday,1,0,0,Snow,Lunch,Server,80,10,10,0,10,5.0,14.0,700.0,4.82
2024-02-23,4,Friday,1,0,0,Snow,Lunch,Cook,80,5,5,1,4,5.0,20.0,400.0,4.29
2024-02-23,4,Friday,1,0,0,Snow,Lunch,Host,80,4,4,0,4,5.0,15.0,300.0,4.7
2024-02-23,4,Friday,1,0,0,Snow,Lunch,Cashier,80,3,3,0,3,5.0,14.0,210.0,4.63
2024-02-23,4,Friday,1,0,0,Snow,Lunch,Dishwasher,80,4,5,1,4,5.0,13.0,260.0,4.85
2024-02-23,4,Friday,1,0,0,Snow,Dinner,Server,157,20,20,2,18,6.5,14.0,1638.0,3.72
2024-02-23,4,Friday,1,0,0,Snow,Dinner,Cook,157,10,9,1,8,6.5,20.0,1040.0,3.39
2024-02-23,4,Friday,1,0,0,Snow,Dinner,Host,157,7,7,1,6,6.5,15.0,585.0,4.36
2024-02-23,4,Friday,1,0,0,Snow,Dinner,Cashier,157,6,7,0,7,6.5,14.0,637.0,4.68
2024-02-23,4,Friday,1,0,0,Snow,Dinner,Dishwasher,157,8,8,0,8,6.5,13.0,676.0,4.79
2024-02-24,5,Saturday,1,0,0,Sunny,Lunch,Server,98,13,14,1,13,5.0,14.0,910.0,5.0
2024-02-24,5,Saturday,1,0,0,Sunny,Lunch,Cook,98,7,8,2,6,5.0,20.0,600.0,4.23
2024-02-24,5,Saturday,1,0,0,Sunny,Lunch,Host,98,4,5,0,5,5.0,15.0,375.0,4.87
2024-02-24,5,Saturday,1,0,0,Sunny,Lunch,Cashier,98,4,5,0,5,5.0,14.0,350.0,4.83
2024-02-24,5,Saturday,1,0,0,Sunny,Lunch,Dishwasher,98,5,6,1,5,5.0,13.0,325.0,4.7
2024-02-24,5,Saturday,1,0,0,Sunny,Dinner,Server,240,30,29,2,27,6.5,14.0,2457.0,3.0
2024-02-24,5,Saturday,1,0,0,Sunny,Dinner,Cook,240,15,13,0,13,6.5,20.0,1690.0,3.42
2024-02-24,5,Saturday,1,0,0,Sunny,Dinner,Host,240,10,8,1,7,6.5,15.0,682.5,2.79
2024-02-24,5,Saturday,1,0,0,Sunny,Dinner,Cashier,240,9,9,0,9,6.5,14.0,819.0,4.55
2024-02-24,5,Saturday,1,0,0,Sunny,Dinner,Dishwasher,240,11,10,0,10,6.5,13.0,845.0,4.05
2024-02-25,6,Sunday,1,0,0,Rainy,Lunch,Server,94,12,13,0,13,5.0,14.0,910.0,4.6
2024-02-25,6,Sunday,1,0,0,Rainy,Lunch,Cook,94,6,6,0,6,5.0,20.0,600.0,4.73
2024-02-25,6,Sunday,1,0,0,Rainy,Lunch,Host,94,4,5,0,5,5.0,15.0,375.0,4.83
2024-02-25,6,Sunday,1,0,0,Rainy,Lunch,Cashier,94,4,5,0,5,5.0,14.0,350.0,4.9
2024-02-25,6,Sunday,1,0,0,Rainy,Lunch,Dishwasher,94,5,6,0,6,5.0,13.0,390.0,4.92
2024-02-25,6,Sunday,1,0,0,Rainy,Dinner,Server,181,23,24,2,22,6.5,14.0,2002.0,4.19
2024-02-25,6,Sunday,1,0,0,Rainy,Dinner,Cook,181,12,12,1,11,6.5,20.0,1430.0,4.05
2024-02-25,6,Sunday,1,0,0,Rainy,Dinner,Host,181,8,8,0,8,6.5,15.0,780.0,4.73
2024-02-25,6,Sunday,1,0,0,Rainy,Dinner,Cashier,181,7,6,0,6,6.5,14.0,546.0,4.09
2024-02-25,6,Sunday,1,0,0,Rainy,Dinner,Dishwasher,181,9,10,3,7,6.5,13.0,591.5,3.39
2024-02-26,0,Monday,0,0,0,Snow,Lunch,Server,62,8,8,0,8,5.0,14.0,560.0,4.84
2024-02-26,0,Monday,0,0,0,Snow,Lunch,Cook,62,4,4,0,4,5.0,20.0,400.0,4.73
2024-02-26,0,Monday,0,0,0,Snow,Lunch,Host,62,3,4,1,3,5.0,15.0,225.0,4.85
2024-02-26,0,Monday,0,0,0,Snow,Lunch,Cashier,62,3,3,0,3,5.0,14.0,210.0,4.8
2024-02-26,0,Monday,0,0,0,Snow,Lunch,Dishwasher,62,3,3,0,3,5.0,13.0,195.0,4.67
2024-02-26,0,Monday,0,0,0,Snow,Dinner,Server,138,18,17,0,17,6.5,14.0,1547.0,4.37
2024-02-26,0,Monday,0,0,0,Snow,Dinner,Cook,138,9,10,0,10,6.5,20.0,1300.0,4.62
2024-02-26,0,Monday,0,0,0,Snow,Dinner,Host,138,6,7,1,6,6.5,15.0,585.0,4.82
2024-02-26,0,Monday,0,0,0,Snow,Dinner,Cashier,138,5,5,0,5,6.5,14.0,455.0,5.0
2024-02-26,0,Monday,0,0,0,Snow,Dinner,Dishwasher,138,7,7,0,7,6.5,13.0,591.5,4.78
2024-02-27,1,Tuesday,0,0,1,Snow,Lunch,Server,88,11,11,1,10,5.0,14.0,700.0,3.85
2024-02-27,1,Tuesday,0,0,1,Snow,Lunch,Cook,88,6,6,0,6,5.0,20.0,600.0,4.89
2024-02-27,1,Tuesday,0,0,1,Snow,Lunch,Host,88,4,5,0,5,5.0,15.0,375.0,4.76
2024-02-27,1,Tuesday,0,0,1,Snow,Lunch,Cashier,88,4,4,0,4,5.0,14.0,280.0,4.64
2024-02-27,1,Tuesday,0,0,1,Snow,Lunch,Dishwasher,88,4,5,0,5,5.0,13.0,325.0,4.79
2024-02-27,1,Tuesday,0,0,1,Snow,Dinner,Server,169,22,22,1,21,6.5,14.0,1911.0,4.5
2024-02-27,1,Tuesday,0,0,1,Snow,Dinner,Cook,169,11,12,2,10,6.5,20.0,1300.0,4.05
2024-02-27,1,Tuesday,0,0,1,Snow,Dinner,Host,169,7,7,0,7,6.5,15.0,682.5,4.87
2024-02-27,1,Tuesday,0,0,1,Snow,Dinner,Cashier,169,7,7,0,7,6.5,14.0,637.0,4.86
2024-02-27,1,Tuesday,0,0,1,Snow,Dinner,Dishwasher,169,8,7,0,7,6.5,13.0,591.5,3.98
2024-02-28,2,Wednesday,0,0,0,Cloudy,Lunch,Server,105,14,14,1,13,5.0,14.0,910.0,4.31
2024-02-28,2,Wednesday,0,0,0,Cloudy,Lunch,Cook,105,7,8,0,8,5.0,20.0,800.0,4.91
2024-02-28,2,Wednesday,0,0,0,Cloudy,Lunch,Host,105,5,5,0,5,5.0,15.0,375.0,4.78
2024-02-28,2,Wednesday,0,0,0,Cloudy,Lunch,Cashier,105,4,4,0,4,5.0,14.0,280.0,4.69
2024-02-28,2,Wednesday,0,0,0,Cloudy,Lunch,Dishwasher,105,5,6,0,6,5.0,13.0,390.0,4.63
2024-02-28,2,Wednesday,0,0,0,Cloudy,Dinner,Server,159,20,21,1,20,6.5,14.0,1820.0,4.86
2024-02-28,2,Wednesday,0,0,0,Cloudy,Dinner,Cook,159,10,10,1,9,6.5,20.0,1170.0,4.12
2024-02-28,2,Wednesday,0,0,0,Cloudy,Dinner,Host,159,7,8,1,7,6.5,15.0,682.5,4.87
2024-02-28,2,Wednesday,0,0,0,Cloudy,Dinner,Cashier,159,6,6,0,6,6.5,14.0,546.0,4.95
2024-02-28,2,Wednesday,0,0,0,Cloudy,Dinner,Dishwasher,159,8,8,1,7,6.5,13.0,591.5,4.35
2024-02-29,3,Thursday,0,0,0,Rainy,Lunch,Server,89,12,12,1,11,5.0,14.0,770.0,4.1
2024-02-29,3,Thursday,0,0,0,Rainy,Lunch,Cook,89,6,7,0,7,5.0,20.0,700.0,4.84
2024-02-29,3,Thursday,0,0,0,Rainy,Lunch,Host,89,4,5,0,5,5.0,15.0,375.0,4.78
2024-02-29,3,Thursday,0,0,0,Rainy,Lunch,Cashier,89,4,5,0,5,5.0,14.0,350.0,5.0
2024-02-29,3,Thursday,0,0,0,Rainy,Lunch,Dishwasher,89,5,5,1,4,5.0,13.0,260.0,4.12
2024-02-29,3,Thursday,0,0,0,Rainy,Dinner,Server,142,18,18,3,15,6.5,14.0,1365.0,3.11
2024-02-29,3,Thursday,0,0,0,Rainy,Dinner,Cook,142,9,9,0,9,6.5,20.0,1170.0,4.85
2024-02-29,3,Thursday,0,0,0,Rainy,Dinner,Host,142,6,5,1,4,6.5,15.0,390.0,3.92
2024-02-29,3,Thursday,0,0,0,Rainy,Dinner,Cashier,142,6,6,2,4,6.5,14.0,364.0,3.29
2024-02-29,3,Thursday,0,0,0,Rainy,Dinner,Dishwasher,142,7,8,1,7,6.5,13.0,591.5,4.77
2024-03-01,4,Friday,1,0,0,Sunny,Lunch,Server,115,15,14,2,12,5.0,14.0,840.0,3.01
2024-03-01,4,Friday,1,0,0,Sunny,Lunch,Cook,115,8,9,0,9,5.0,20.0,900.0,4.9
2024-03-01,4,Friday,1,0,0,Sunny,Lunch,Host,115,5,5,1,4,5.0,15.0,300.0,4.33
2024-03-01,4,Friday,1,0,0,Sunny,Lunch,Cashier,115,5,5,0,5,5.0,14.0,350.0,4.88
2024-03-01,4,Friday,1,0,0,Sunny,Lunch,Dishwasher,115,6,7,0,7,5.0,13.0,455.0,4.74
2024-03-01,4,Friday,1,0,0,Sunny,Dinner,Server,236,30,29,3,26,6.5,14.0,2366.0,2.45
2024-03-01,4,Friday,1,0,0,Sunny,Dinner,Cook,236,15,15,0,15,6.5,20.0,1950.0,4.73
2024-03-01,4,Friday,1,0,0,Sunny,Dinner,Host,236,10,9,0,9,6.5,15.0,877.5,3.97
2024-03-01,4,Friday,1,0,0,Sunny,Dinner,Cashier,236,9,9,1,8,6.5,14.0,728.0,4.35
2024-03-01,4,Friday,1,0,0,Sunny,Dinner,Dishwasher,236,11,10,2,8,6.5,13.0,676.0,3.47
2024-03-02,5,Saturday,1,0,0,Sunny,Lunch,Server,109,14,14,1,13,5.0,14.0,910.0,4.06
2024-03-02,5,Saturday,1,0,0,Sunny,Lunch,Cook,109,7,8,0,8,5.0,20.0,800.0,4.66
2024-03-02,5,Saturday,1,0,0,Sunny,Lunch,Host,109,5,5,0,5,5.0,15.0,375.0,4.75
2024-03-02,5,Saturday,1,0,0,Sunny,Lunch,Cashier,109,4,4,0,4,5.0,14.0,280.0,4.64
2024-03-02,5,Saturday,1,0,0,Sunny,Lunch,Dishwasher,109,5,6,0,6,5.0,13.0,390.0,4.72
2024-03-02,5,Saturday,1,0,0,Sunny,Dinner,Server,249,32,31,0,31,6.5,14.0,2821.0,4.18
2024-03-02,5,Saturday,1,0,0,Sunny,Dinner,Cook,249,16,15,1,14,6.5,20.0,1820.0,3.76
2024-03-02,5,Saturday,1,0,0,Sunny,Dinner,Host,249,10,9,1,8,6.5,15.0,780.0,3.57
2024-03-02,5,Saturday,1,0,0,Sunny,Dinner,Cashier,249,9,9,0,9,6.5,14.0,819.0,4.82
2024-03-02,5,Saturday,1,0,0,Sunny,Dinner,Dishwasher,249,12,11,2,9,6.5,13.0,760.5,2.9
2024-03-03,6,Sunday,1,0,1,Sunny,Lunch,Server,105,14,15,3,12,5.0,14.0,840.0,3.86
2024-03-03,6,Sunday,1,0,1,Sunny,Lunch,Cook,105,7,8,2,6,5.0,20.0,600.0,4.2
2024-03-03,6,Sunday,1,0,1,Sunny,Lunch,Host,105,5,5,0,5,5.0,15.0,375.0,4.84
2024-03-03,6,Sunday,1,0,1,Sunny,Lunch,Cashier,105,4,4,0,4,5.0,14.0,280.0,4.73
2024-03-03,6,Sunday,1,0,1,Sunny,Lunch,Dishwasher,105,5,6,0,6,5.0,13.0,390.0,5.0
2024-03-03,6,Sunday,1,0,1,Sunny,Dinner,Server,293,37,35,1,34,6.5,14.0,3094.0,2.6
2024-03-03,6,Sunday,1,0,1,Sunny,Dinner,Cook,293,19,19,0,19,6.5,20.0,2470.0,4.67
2024-03-03,6,Sunday,1,0,1,Sunny,Dinner,Host,293,12,11,0,11,6.5,15.0,1072.5,4.07
2024-03-03,6,Sunday,1,0,1,Sunny,Dinner,Cashier,293,11,11,1,10,6.5,14.0,910.0,3.96
2024-03-03,6,Sunday,1,0,1,Sunny,Dinner,Dishwasher,293,14,14,2,12,6.5,13.0,1014.0,3.44
2024-03-04,0,Monday,0,0,0,Rainy,Lunch,Server,88,11,12,1,11,5.0,14.0,770.0,4.68
2024-03-04,0,Monday,0,0,0,Rainy,Lunch,Cook,88,6,7,0,7,5.0,20.0,700.0,4.79
2024-03-04,0,Monday,0,0,0,Rainy,Lunch,Host,88,4,4,0,4,5.0,15.0,300.0,4.84
2024-03-04,0,Monday,0,0,0,Rainy,Lunch,Cashier,88,4,5,0,5,5.0,14.0,350.0,4.85
2024-03-04,0,Monday,0,0,0,Rainy,Lunch,Dishwasher,88,4,5,0,5,5.0,13.0,325.0,5.0
2024-03-04,0,Monday,0,0,0,Rainy,Dinner,Server,141,18,17,0,17,6.5,14.0,1547.0,3.93
2024-03-04,0,Monday,0,0,0,Rainy,Dinner,Cook,141,9,8,0,8,6.5,20.0,1040.0,4.05
2024-03-04,0,Monday,0,0,0,Rainy,Dinner,Host,141,6,6,0,6,6.5,15.0,585.0,4.93
2024-03-04,0,Monday,0,0,0,Rainy,Dinner,Cashier,141,6,5,0,5,6.5,14.0,455.0,4.16
2024-03-04,0,Monday,0,0,0,Rainy,Dinner,Dishwasher,141,7,7,0,7,6.5,13.0,591.5,4.8
2024-03-05,1,Tuesday,0,0,0,Sunny,Lunch,Server,140,18,18,1,17,5.0,14.0,1190.0,4.25
2024-03-05,1,Tuesday,0,0,0,Sunny,Lunch,Cook,140,9,10,2,8,5.0,20.0,800.0,4.25
2024-03-05,1,Tuesday,0,0,0,Sunny,Lunch,Host,140,6,6,0,6,5.0,15.0,450.0,4.76
2024-03-05,1,Tuesday,0,0,0,Sunny,Lunch,Cashier,140,5,5,0,5,5.0,14.0,350.0,4.71
2024-03-05,1,Tuesday,0,0,0,Sunny,Lunch,Dishwasher,140,7,7,1,6,5.0,13.0,390.0,4.21
2024-03-05,1,Tuesday,0,0,0,Sunny,Dinner,Server,182,23,23,0,23,6.5,14.0,2093.0,4.84
2024-03-05,1,Tuesday,0,0,0,Sunny,Dinner,Cook,182,12,11,0,11,6.5,20.0,1430.0,4.26
2024-03-05,1,Tuesday,0,0,0,Sunny,Dinner,Host,182,8,7,0,7,6.5,15.0,682.5,4.38
2024-03-05,1,Tuesday,0,0,0,Sunny,Dinner,Cashier,182,7,6,1,5,6.5,14.0,455.0,3.68
2024-03-05,1,Tuesday,0,0,0,Sunny,Dinner,Dishwasher,182,9,8,1,7,6.5,13.0,591.5,3.37
2024-03-06,2,Wednesday,0,0,1,Sunny,Lunch,Server,98,13,13,2,11,5.0,14.0,770.0,3.73
2024-03-06,2,Wednesday,0,0,1,Sunny,Lunch,Cook,98,7,7,0,7,5.0,20.0,700.0,5.0
2024-03-06,2,Wednesday,0,0,1,Sunny,Lunch,Host,98,4,5,0,5,5.0,15.0,375.0,4.49
2024-03-06,2,Wednesday,0,0,1,Sunny,Lunch,Cashier,98,4,5,0,5,5.0,14.0,350.0,4.75
2024-03-06,2,Wednesday,0,0,1,Sunny,Lunch,Dishwasher,98,5,6,0,6,5.0,13.0,390.0,4.69
2024-03-06,2,Wednesday,0,0,1,Sunny,Dinner,Server,201,26,27,1,26,6.5,14.0,2366.0,4.63
2024-03-06,2,Wednesday,0,0,1,Sunny,Dinner,Cook,201,13,13,0,13,6.5,20.0,1690.0,5.0
2024-03-06,2,Wednesday,0,0,1,Sunny,Dinner,Host,201,9,9,0,9,6.5,15.0,877.5,4.61
2024-03-06,2,Wednesday,0,0,1,Sunny,Dinner,Cashier,201,8,8,0,8,6.5,14.0,728.0,4.85
2024-03-06,2,Wednesday,0,0,1,Sunny,Dinner,Dishwasher,201,10,10,0,10,6.5,13.0,845.0,4.85
2024-03-07,3,Thursday,0,0,0,Sunny,Lunch,Server,90,12,12,1,11,5.0,14.0,770.0,4.25
2024-03-07,3,Thursday,0,0,0,Sunny,Lunch,Cook,90,6,7,0,7,5.0,20.0,700.0,4.79
2024-03-07,3,Thursday,0,0,0,Sunny,Lunch,Host,90,4,5,0,5,5.0,15.0,375.0,4.7
2024-03-07,3,Thursday,0,0,0,Sunny,Lunch,Cashier,90,4,5,0,5,5.0,14.0,350.0,4.85
2024-03-07,3,Thursday,0,0,0,Sunny,Lunch,Dishwasher,90,5,6,0,6,5.0,13.0,390.0,4.69
2024-03-07,3,Thursday,0,0,0,Sunny,Dinner,Server,155,20,20,2,18,6.5,14.0,1638.0,3.42
2024-03-07,3,Thursday,0,0,0,Sunny,Dinner,Cook,155,10,10,0,10,6.5,20.0,1300.0,4.86
2024-03-07,3,Thursday,0,0,0,Sunny,Dinner,Host,155,7,6,1,5,6.5,15.0,487.5,3.3
2024-03-07,3,Thursday,0,0,0,Sunny,Dinner,Cashier,155,6,6,0,6,6.5,14.0,546.0,4.86
2024-03-07,3,Thursday,0,0,0,Sunny,Dinner,Dishwasher,155,8,8,1,7,6.5,13.0,591.5,4.32
2024-03-08,4,Friday,1,0,0,Sunny,Lunch,Server,125,16,15,0,15,5.0,14.0,1050.0,4.08
2024-03-08,4,Friday,1,0,0,Sunny,Lunch,Cook,125,8,8,0,8,5.0,20.0,800.0,4.85
2024-03-08,4,Friday,1,0,0,Sunny,Lunch,Host,125,5,6,0,6,5.0,15.0,450.0,4.65
2024-03-08,4,Friday,1,0,0,Sunny,Lunch,Cashier,125,5,5,0,5,5.0,14.0,350.0,4.8
2024-03-08,4,Friday,1,0,0,Sunny,Lunch,Dishwasher,125,6,6,0,6,5.0,13.0,390.0,4.77
2024-03-08,4,Friday,1,0,0,Sunny,Dinner,Server,199,25,24,2,22,6.5,14.0,2002.0,3.09
2024-03-08,4,Friday,1,0,0,Sunny,Dinner,Cook,199,13,14,1,13,6.5,20.0,1690.0,4.72
2024-03-08,4,Friday,1,0,0,Sunny,Dinner,Host,199,8,8,2,6,6.5,15.0,585.0,3.6
2024-03-08,4,Friday,1,0,0,Sunny,Dinner,Cashier,199,8,8,0,8,6.5,14.0,728.0,4.83
2024-03-08,4,Friday,1,0,0,Sunny,Dinner,Dishwasher,199,10,10,0,10,6.5,13.0,845.0,4.68
2024-03-09,5,Saturday,1,0,0,Rainy,Lunch,Server,87,11,11,1,10,5.0,14.0,700.0,4.14
2024-03-09,5,Saturday,1,0,0,Rainy,Lunch,Cook,87,6,6,0,6,5.0,20.0,600.0,4.57
2024-03-09,5,Saturday,1,0,0,Rainy,Lunch,Host,87,4,4,0,4,5.0,15.0,300.0,4.78
2024-03-09,5,Saturday,1,0,0,Rainy,Lunch,Cashier,87,4,5,1,4,5.0,14.0,280.0,4.73
2024-03-09,5,Saturday,1,0,0,Rainy,Lunch,Dishwasher,87,4,5,3,2,5.0,13.0,130.0,3.74
2024-03-09,5,Saturday,1,0,0,Rainy,Dinner,Server,224,28,26,7,19,6.5,14.0,1729.0,1.0
2024-03-09,5,Saturday,1,0,0,Rainy,Dinner,Cook,224,14,14,1,13,6.5,20.0,1690.0,4.14
2024-03-09,5,Saturday,1,0,0,Rainy,Dinner,Host,224,9,8,1,7,6.5,15.0,682.5,3.51
2024-03-09,5,Saturday,1,0,0,Rainy,Dinner,Cashier,224,8,7,1,6,6.5,14.0,546.0,3.51
2024-03-09,5,Saturday,1,0,0,Rainy,Dinner,Dishwasher,224,11,9,2,7,6.5,13.0,591.5,2.46
2024-03-10,6,Sunday,1,0,0,Cloudy,Lunch,Server,110,14,14,4,10,5.0,14.0,700.0,2.17
2024-03-10,6,Sunday,1,0,0,Cloudy,Lunch,Cook,110,7,7,0,7,5.0,20.0,700.0,4.98
2024-03-10,6,Sunday,1,0,0,Cloudy,Lunch,Host,110,5,6,1,5,5.0,15.0,375.0,4.8
2024-03-10,6,Sunday,1,0,0,Cloudy,Lunch,Cashier,110,4,5,2,3,5.0,14.0,210.0,3.86
2024-03-10,6,Sunday,1,0,0,Cloudy,Lunch,Dishwasher,110,5,6,1,5,5.0,13.0,325.0,4.71
2024-03-10,6,Sunday,1,0,0,Cloudy,Dinner,Server,216,27,26,4,22,6.5,14.0,2002.0,2.4
2024-03-10,6,Sunday,1,0,0,Cloudy,Dinner,Cook,216,14,13,1,12,6.5,20.0,1560.0,3.8
2024-03-10,6,Sunday,1,0,0,Cloudy,Dinner,Host,216,9,7,1,6,6.5,15.0,585.0,3.08
2024-03-10,6,Sunday,1,0,0,Cloudy,Dinner,Cashier,216,8,6,1,5,6.5,14.0,455.0,2.98
2024-03-10,6,Sunday,1,0,0,Cloudy,Dinner,Dishwasher,216,10,8,0,8,6.5,13.0,676.0,3.37
2024-03-11,0,Monday,0,0,0,Cloudy,Lunch,Server,105,14,15,1,14,5.0,14.0,980.0,4.45
2024-03-11,0,Monday,0,0,0,Cloudy,Lunch,Cook,105,7,8,0,8,5.0,20.0,800.0,4.78
2024-03-11,0,Monday,0,0,0,Cloudy,Lunch,Host,105,5,6,0,6,5.0,15.0,450.0,4.69
2024-03-11,0,Monday,0,0,0,Cloudy,Lunch,Cashier,105,4,4,0,4,5.0,14.0,280.0,4.77
2024-03-11,0,Monday,0,0,0,Cloudy,Lunch,Dishwasher,105,5,6,1,5,5.0,13.0,325.0,4.67
2024-03-11,0,Monday,0,0,0,Cloudy,Dinner,Server,182,23,23,1,22,6.5,14.0,2002.0,4.09
2024-03-11,0,Monday,0,0,0,Cloudy,Dinner,Cook,182,12,13,0,13,6.5,20.0,1690.0,4.85
2024-03-11,0,Monday,0,0,0,Cloudy,Dinner,Host,182,8,8,1,7,6.5,15.0,682.5,4.35
2024-03-11,0,Monday,0,0,0,Cloudy,Dinner,Cashier,182,7,7,0,7,6.5,14.0,637.0,4.72
2024-03-11,0,Monday,0,0,0,Cloudy,Dinner,Dishwasher,182,9,8,0,8,6.5,13.0,676.0,4.06
2024-03-12,1,Tuesday,0,0,0,Sunny,Lunch,Server,96,12,13,1,12,5.0,14.0,840.0,4.75
2024-03-12,1,Tuesday,0,0,0,Sunny,Lunch,Cook,96,6,7,0,7,5.0,20.0,700.0,4.82
2024-03-12,1,Tuesday,0,0,0,Sunny,Lunch,Host,96,4,4,0,4,5.0,15.0,300.0,4.7
2024-03-12,1,Tuesday,0,0,0,Sunny,Lunch,Cashier,96,4,4,0,4,5.0,14.0,280.0,4.65
2024-03-12,1,Tuesday,0,0,0,Sunny,Lunch,Dishwasher,96,5,5,0,5,5.0,13.0,325.0,4.76
2024-03-12,1,Tuesday,0,0,0,Sunny,Dinner,Server,167,21,20,1,19,6.5,14.0,1729.0,3.6
2024-03-12,1,Tuesday,0,0,0,Sunny,Dinner,Cook,167,11,10,0,10,6.5,20.0,1300.0,4.24
2024-03-12,1,Tuesday,0,0,0,Sunny,Dinner,Host,167,7,7,0,7,6.5,15.0,682.5,4.59
2024-03-12,1,Tuesday,0,0,0,Sunny,Dinner,Cashier,167,6,5,0,5,6.5,14.0,455.0,4.34
2024-03-12,1,Tuesday,0,0,0,Sunny,Dinner,Dishwasher,167,8,8,1,7,6.5,13.0,591.5,4.02
2024-03-13,2,Wednesday,0,0,0,Sunny,Lunch,Server,100,13,13,1,12,5.0,14.0,840.0,4.14
2024-03-13,2,Wednesday,0,0,0,Sunny,Lunch,Cook,100,7,8,0,8,5.0,20.0,800.0,5.0
2024-03-13,2,Wednesday,0,0,0,Sunny,Lunch,Host,100,4,4,0,4,5.0,15.0,300.0,4.94
2024-03-13,2,Wednesday,0,0,0,Sunny,Lunch,Cashier,100,4,4,1,3,5.0,14.0,210.0,4.19
2024-03-13,2,Wednesday,0,0,0,Sunny,Lunch,Dishwasher,100,5,6,0,6,5.0,13.0,390.0,5.0
2024-03-13,2,Wednesday,0,0,0,Sunny,Dinner,Server,165,21,21,0,21,6.5,14.0,1911.0,4.89
2024-03-13,2,Wednesday,0,0,0,Sunny,Dinner,Cook,165,11,10,0,10,6.5,20.0,1300.0,3.99
2024-03-13,2,Wednesday,0,0,0,Sunny,Dinner,Host,165,7,7,1,6,6.5,15.0,585.0,3.96
2024-03-13,2,Wednesday,0,0,0,Sunny,Dinner,Cashier,165,6,6,0,6,6.5,14.0,546.0,4.92
2024-03-13,2,Wednesday,0,0,0,Sunny,Dinner,Dishwasher,165,8,7,0,7,6.5,13.0,591.5,4.0
2024-03-14,3,Thursday,0,0,0,Cloudy,Lunch,Server,88,11,11,2,9,5.0,14.0,630.0,3.72
2024-03-14,3,Thursday,0,0,0,Cloudy,Lunch,Cook,88,6,7,1,6,5.0,20.0,600.0,4.68
2024-03-14,3,Thursday,0,0,0,Cloudy,Lunch,Host,88,4,5,0,5,5.0,15.0,375.0,4.5
2024-03-14,3,Thursday,0,0,0,Cloudy,Lunch,Cashier,88,4,5,1,4,5.0,14.0,280.0,4.67
2024-03-14,3,Thursday,0,0,0,Cloudy,Lunch,Dishwasher,88,4,4,0,4,5.0,13.0,260.0,4.81
2024-03-14,3,Thursday,0,0,0,Cloudy,Dinner,Server,175,22,21,1,20,6.5,14.0,1820.0,3.58
2024-03-14,3,Thursday,0,0,0,Cloudy,Dinner,Cook,175,11,11,4,7,6.5,20.0,910.0,2.03
2024-03-14,3,Thursday,0,0,0,Cloudy,Dinner,Host,175,7,6,0,6,6.5,15.0,585.0,4.39
2024-03-14,3,Thursday,0,0,0,Cloudy,Dinner,Cashier,175,7,7,0,7,6.5,14.0,637.0,4.87
2024-03-14,3,Thursday,0,0,0,Cloudy,Dinner,Dishwasher,175,8,8,0,8,6.5,13.0,676.0,4.77
2024-03-15,4,Friday,1,0,0,Cloudy,Lunch,Server,100,13,13,1,12,5.0,14.0,840.0,4.05
2024-03-15,4,Friday,1,0,0,Cloudy,Lunch,Cook,100,7,7,0,7,5.0,20.0,700.0,4.81
2024-03-15,4,Friday,1,0,0,Cloudy,Lunch,Host,100,4,5,0,5,5.0,15.0,375.0,4.74
2024-03-15,4,Friday,1,0,0,Cloudy,Lunch,Cashier,100,4,4,0,4,5.0,14.0,280.0,4.83
2024-03-15,4,Friday,1,0,0,Cloudy,Lunch,Dishwasher,100,5,6,0,6,5.0,13.0,390.0,4.81
2024-03-15,4,Friday,1,0,0,Cloudy,Dinner,Server,259,33,31,5,26,6.5,14.0,2366.0,1.0
2024-03-15,4,Friday,1,0,0,Cloudy,Dinner,Cook,259,17,17,0,17,6.5,20.0,2210.0,4.95
2024-03-15,4,Friday,1,0,0,Cloudy,Dinner,Host,259,11,11,2,9,6.5,15.0,877.5,3.5
2024-03-15,4,Friday,1,0,0,Cloudy,Dinner,Cashier,259,10,10,0,10,6.5,14.0,910.0,4.92
2024-03-15,4,Friday,1,0,0,Cloudy,Dinner,Dishwasher,259,12,11,1,10,6.5,13.0,845.0,3.96
2024-03-16,5,Saturday,1,0,0,Sunny,Lunch,Server,116,15,16,0,16,5.0,14.0,1120.0,4.82
2024-03-16,5,Saturday,1,0,0,Sunny,Lunch,Cook,116,8,7,0,7,5.0,20.0,700.0,4.1
2024-03-16,5,Saturday,1,0,0,Sunny,Lunch,Host,116,5,4,1,3,5.0,15.0,225.0,3.71
2024-03-16,5,Saturday,1,0,0,Sunny,Lunch,Cashier,116,5,5,0,5,5.0,14.0,350.0,4.44
2024-03-16,5,Saturday,1,0,0,Sunny,Lunch,Dishwasher,116,6,6,1,5,5.0,13.0,325.0,4.06
2024-03-16,5,Saturday,1,0,0,Sunny,Dinner,Server,291,37,36,2,34,6.5,14.0,3094.0,3.3
2024-03-16,5,Saturday,1,0,0,Sunny,Dinner,Cook,291,19,17,0,17,6.5,20.0,2210.0,3.91
2024-03-16,5,Saturday,1,0,0,Sunny,Dinner,Host,291,12,12,1,11,6.5,15.0,1072.5,4.17
2024-03-16,5,Saturday,1,0,0,Sunny,Dinner,Cashier,291,11,10,0,10,6.5,14.0,910.0,4.06
2024-03-16,5,Saturday,1,0,0,Sunny,Dinner,Dishwasher,291,14,12,1,11,6.5,13.0,929.5,2.93
2024-03-17,6,Sunday,1,1,0,Sunny,Lunch,Server,146,19,20,2,18,5.0,14.0,1260.0,4.26
2024-03-17,6,Sunday,1,1,0,Sunny,Lunch,Cook,146,10,10,0,10,5.0,20.0,1000.0,4.84
2024-03-17,6,Sunday,1,1,0,Sunny,Lunch,Host,146,6,7,0,7,5.0,15.0,525.0,4.61
2024-03-17,6,Sunday,1,1,0,Sunny,Lunch,Cashier,146,6,7,0,7,5.0,14.0,490.0,5.0
2024-03-17,6,Sunday,1,1,0,Sunny,Lunch,Dishwasher,146,7,7,1,6,5.0,13.0,390.0,4.15
2024-03-17,6,Sunday,1,1,0,Sunny,Dinner,Server,264,33,33,4,29,6.5,14.0,2639.0,2.01
2024-03-17,6,Sunday,1,1,0,Sunny,Dinner,Cook,264,17,16,3,13,6.5,20.0,1690.0,2.64
2024-03-17,6,Sunday,1,1,0,Sunny,Dinner,Host,264,11,9,1,8,6.5,15.0,780.0,2.92
2024-03-17,6,Sunday,1,1,0,Sunny,Dinner,Cashier,264,10,9,1,8,6.5,14.0,728.0,3.7
2024-03-17,6,Sunday,1,1,0,Sunny,Dinner,Dishwasher,264,12,12,2,10,6.5,13.0,845.0,3.4
2024-03-18,0,Monday,0,0,0,Sunny,Lunch,Server,97,13,13,0,13,5.0,14.0,910.0,4.62
2024-03-18,0,Monday,0,0,0,Sunny,Lunch,Cook,97,7,7,0,7,5.0,20.0,700.0,4.46
2024-03-18,0,Monday,0,0,0,Sunny,Lunch,Host,97,4,5,0,5,5.0,15.0,375.0,4.59
2024-03-18,0,Monday,0,0,0,Sunny,Lunch,Cashier,97,4,4,1,3,5.0,14.0,210.0,4.05
2024-03-18,0,Monday,0,0,0,Sunny,Lunch,Dishwasher,97,5,6,0,6,5.0,13.0,390.0,4.45
2024-03-18,0,Monday,0,0,0,Sunny,Dinner,Server,165,21,21,2,19,6.5,14.0,1729.0,3.79
2024-03-18,0,Monday,0,0,0,Sunny,Dinner,Cook,165,11,11,0,11,6.5,20.0,1430.0,4.87
2024-03-18,0,Monday,0,0,0,Sunny,Dinner,Host,165,7,6,0,6,6.5,15.0,585.0,4.15
2024-03-18,0,Monday,0,0,0,Sunny,Dinner,Cashier,165,6,6,1,5,6.5,14.0,455.0,4.23
2024-03-18,0,Monday,0,0,0,Sunny,Dinner,Dishwasher,165,8,8,0,8,6.5,13.0,676.0,4.91
2024-03-19,1,Tuesday,0,0,0,Sunny,Lunch,Server,94,12,12,0,12,5.0,14.0,840.0,4.78
2024-03-19,1,Tuesday,0,0,0,Sunny,Lunch,Cook,94,6,6,0,6,5.0,20.0,600.0,4.77
2024-03-19,1,Tuesday,0,0,0,Sunny,Lunch,Host,94,4,5,0,5,5.0,15.0,375.0,5.0
2024-03-19,1,Tuesday,0,0,0,Sunny,Lunch,Cashier,94,4,4,1,3,5.0,14.0,210.0,4.04
2024-03-19,1,Tuesday,0,0,0,Sunny,Lunch,Dishwasher,94,5,6,1,5,5.0,13.0,325.0,4.65
2024-03-19,1,Tuesday,0,0,0,Sunny,Dinner,Server,213,27,26,2,24,6.5,14.0,2184.0,2.79
2024-03-19,1,Tuesday,0,0,0,Sunny,Dinner,Cook,213,14,12,1,11,6.5,20.0,1430.0,3.19
2024-03-19,1,Tuesday,0,0,0,Sunny,Dinner,Host,213,9,8,1,7,6.5,15.0,682.5,3.71
2024-03-19,1,Tuesday,0,0,0,Sunny,Dinner,Cashier,213,8,8,0,8,6.5,14.0,728.0,4.55
2024-03-19,1,Tuesday,0,0,0,Sunny,Dinner,Dishwasher,213,10,9,0,9,6.5,13.0,760.5,4.22
2024-03-20,2,Wednesday,0,0,0,Sunny,Lunch,Server,101,13,14,0,14,5.0,14.0,980.0,4.94
2024-03-20,2,Wednesday,0,0,0,Sunny,Lunch,Cook,101,7,7,1,6,5.0,20.0,600.0,4.27
2024-03-20,2,Wednesday,0,0,0,Sunny,Lunch,Host,101,5,6,0,6,5.0,15.0,450.0,4.99
2024-03-20,2,Wednesday,0,0,0,Sunny,Lunch,Cashier,101,4,4,1,3,5.0,14.0,210.0,4.35
2024-03-20,2,Wednesday,0,0,0,Sunny,Lunch,Dishwasher,101,5,6,0,6,5.0,13.0,390.0,4.83
2024-03-20,2,Wednesday,0,0,0,Sunny,Dinner,Server,142,18,18,2,16,6.5,14.0,1456.0,3.33
2024-03-20,2,Wednesday,0,0,0,Sunny,Dinner,Cook,142,9,8,0,8,6.5,20.0,1040.0,4.36
2024-03-20,2,Wednesday,0,0,0,Sunny,Dinner,Host,142,6,5,0,5,6.5,15.0,487.5,4.26
2024-03-20,2,Wednesday,0,0,0,Sunny,Dinner,Cashier,142,6,7,0,7,6.5,14.0,637.0,4.87
2024-03-20,2,Wednesday,0,0,0,Sunny,Dinner,Dishwasher,142,7,7,0,7,6.5,13.0,591.5,4.7
2024-03-21,3,Thursday,0,0,0,Cloudy,Lunch,Server,97,13,13,1,12,5.0,14.0,840.0,4.11
2024-03-21,3,Thursday,0,0,0,Cloudy,Lunch,Cook,97,7,7,2,5,5.0,20.0,500.0,3.54
2024-03-21,3,Thursday,0,0,0,Cloudy,Lunch,Host,97,4,4,0,4,5.0,15.0,300.0,4.83
2024-03-21,3,Thursday,0,0,0,Cloudy,Lunch,Cashier,97,4,5,0,5,5.0,14.0,350.0,4.74
2024-03-21,3,Thursday,0,0,0,Cloudy,Lunch,Dishwasher,97,5,6,1,5,5.0,13.0,325.0,4.72
2024-03-21,3,Thursday,0,0,0,Cloudy,Dinner,Server,152,19,20,0,20,6.5,14.0,1820.0,4.68
2024-03-21,3,Thursday,0,0,0,Cloudy,Dinner,Cook,152,10,10,0,10,6.5,20.0,1300.0,4.42
2024-03-21,3,Thursday,0,0,0,Cloudy,Dinner,Host,152,7,7,0,7,6.5,15.0,682.5,4.71
2024-03-21,3,Thursday,0,0,0,Cloudy,Dinner,Cashier,152,6,6,1,5,6.5,14.0,455.0,4.16
2024-03-21,3,Thursday,0,0,0,Cloudy,Dinner,Dishwasher,152,7,7,0,7,6.5,13.0,591.5,4.83
2024-03-22,4,Friday,1,0,1,Cloudy,Lunch,Server,120,15,15,0,15,5.0,14.0,1050.0,4.65
2024-03-22,4,Friday,1,0,1,Cloudy,Lunch,Cook,120,8,9,0,9,5.0,20.0,900.0,4.85
2024-03-22,4,Friday,1,0,1,Cloudy,Lunch,Host,120,5,5,0,5,5.0,15.0,375.0,4.91
2024-03-22,4,Friday,1,0,1,Cloudy,Lunch,Cashier,120,5,6,0,6,5.0,14.0,420.0,4.81
2024-03-22,4,Friday,1,0,1,Cloudy,Lunch,Dishwasher,120,6,6,0,6,5.0,13.0,390.0,4.6
2024-03-22,4,Friday,1,0,1,Cloudy,Dinner,Server,305,39,38,5,33,6.5,14.0,3003.0,1.72
2024-03-22,4,Friday,1,0,1,Cloudy,Dinner,Cook,305,20,19,1,18,6.5,20.0,2340.0,3.47
2024-03-22,4,Friday,1,0,1,Cloudy,Dinner,Host,305,13,12,2,10,6.5,15.0,975.0,2.99
2024-03-22,4,Friday,1,0,1,Cloudy,Dinner,Cashier,305,11,11,1,10,6.5,14.0,910.0,4.1
2024-03-22,4,Friday,1,0,1,Cloudy,Dinner,Dishwasher,305,14,12,2,10,6.5,13.0,845.0,3.03
2024-03-23,5,Saturday,1,0,0,Rainy,Lunch,Server,79,10,11,0,11,5.0,14.0,770.0,4.87
2024-03-23,5,Saturday,1,0,0,Rainy,Lunch,Cook,79,5,6,0,6,5.0,20.0,600.0,4.84
2024-03-23,5,Saturday,1,0,0,Rainy,Lunch,Host,79,4,5,0,5,5.0,15.0,375.0,4.6
2024-03-23,5,Saturday,1,0,0,Rainy,Lunch,Cashier,79,3,3,0,3,5.0,14.0,210.0,4.7
2024-03-23,5,Saturday,1,0,0,Rainy,Lunch,Dishwasher,79,4,5,1,4,5.0,13.0,260.0,4.84
2024-03-23,5,Saturday,1,0,0,Rainy,Dinner,Server,198,25,26,1,25,6.5,14.0,2275.0,4.52
2024-03-23,5,Saturday,1,0,0,Rainy,Dinner,Cook,198,13,12,0,12,6.5,20.0,1560.0,4.0
2024-03-23,5,Saturday,1,0,0,Rainy,Dinner,Host,198,8,7,0,7,6.5,15.0,682.5,4.33
2024-03-23,5,Saturday,1,0,0,Rainy,Dinner,Cashier,198,8,9,0,9,6.5,14.0,819.0,4.81
2024-03-23,5,Saturday,1,0,0,Rainy,Dinner,Dishwasher,198,9,9,0,9,6.5,13.0,760.5,4.86
2024-03-24,6,Sunday,1,0,0,Cloudy,Lunch,Server,104,13,13,1,12,5.0,14.0,840.0,4.12
2024-03-24,6,Sunday,1,0,0,Cloudy,Lunch,Cook,104,7,8,1,7,5.0,20.0,700.0,4.57
2024-03-24,6,Sunday,1,0,0,Cloudy,Lunch,Host,104,5,6,1,5,5.0,15.0,375.0,4.69
2024-03-24,6,Sunday,1,0,0,Cloudy,Lunch,Cashier,104,4,5,0,5,5.0,14.0,350.0,4.66
2024-03-24,6,Sunday,1,0,0,Cloudy,Lunch,Dishwasher,104,5,6,0,6,5.0,13.0,390.0,4.85
2024-03-24,6,Sunday,1,0,0,Cloudy,Dinner,Server,245,31,30,3,27,6.5,14.0,2457.0,2.17
2024-03-24,6,Sunday,1,0,0,Cloudy,Dinner,Cook,245,16,14,0,14,6.5,20.0,1820.0,3.58
2024-03-24,6,Sunday,1,0,0,Cloudy,Dinner,Host,245,10,8,0,8,6.5,15.0,780.0,3.56
2024-03-24,6,Sunday,1,0,0,Cloudy,Dinner,Cashier,245,9,9,1,8,6.5,14.0,728.0,4.03
2024-03-24,6,Sunday,1,0,0,Cloudy,Dinner,Dishwasher,245,12,11,1,10,6.5,13.0,845.0,3.63
2024-03-25,0,Monday,0,0,0,Sunny,Lunch,Server,91,12,12,3,9,5.0,14.0,630.0,2.89
2024-03-25,0,Monday,0,0,0,Sunny,Lunch,Cook,91,6,7,0,7,5.0,20.0,700.0,4.51
2024-03-25,0,Monday,0,0,0,Sunny,Lunch,Host,91,4,4,0,4,5.0,15.0,300.0,5.0
2024-03-25,0,Monday,0,0,0,Sunny,Lunch,Cashier,91,4,4,0,4,5.0,14.0,280.0,4.68
2024-03-25,0,Monday,0,0,0,Sunny,Lunch,Dishwasher,91,5,5,0,5,5.0,13.0,325.0,4.93
2024-03-25,0,Monday,0,0,0,Sunny,Dinner,Server,194,25,25,2,23,6.5,14.0,2093.0,3.86
2024-03-25,0,Monday,0,0,0,Sunny,Dinner,Cook,194,13,12,0,12,6.5,20.0,1560.0,4.31
2024-03-25,0,Monday,0,0,0,Sunny,Dinner,Host,194,8,7,0,7,6.5,15.0,682.5,3.91
2024-03-25,0,Monday,0,0,0,Sunny,Dinner,Cashier,194,7,6,0,6,6.5,14.0,546.0,4.38
2024-03-25,0,Monday,0,0,0,Sunny,Dinner,Dishwasher,194,9,8,0,8,6.5,13.0,676.0,4.4
2024-03-26,1,Tuesday,0,0,0,Sunny,Lunch,Server,115,15,14,1,13,5.0,14.0,910.0,3.54
2024-03-26,1,Tuesday,0,0,0,Sunny,Lunch,Cook,115,8,8,1,7,5.0,20.0,700.0,4.17
2024-03-26,1,Tuesday,0,0,0,Sunny,Lunch,Host,115,5,5,0,5,5.0,15.0,375.0,4.95
2024-03-26,1,Tuesday,0,0,0,Sunny,Lunch,Cashier,115,5,4,0,4,5.0,14.0,280.0,3.97
2024-03-26,1,Tuesday,0,0,0,Sunny,Lunch,Dishwasher,115,6,6,1,5,5.0,13.0,325.0,3.98
2024-03-26,1,Tuesday,0,0,0,Sunny,Dinner,Server,202,26,26,1,25,6.5,14.0,2275.0,3.97
2024-03-26,1,Tuesday,0,0,0,Sunny,Dinner,Cook,202,13,13,0,13,6.5,20.0,1690.0,4.82
2024-03-26,1,Tuesday,0,0,0,Sunny,Dinner,Host,202,9,8,0,8,6.5,15.0,780.0,4.15
2024-03-26,1,Tuesday,0,0,0,Sunny,Dinner,Cashier,202,8,7,0,7,6.5,14.0,637.0,4.1
2024-03-26,1,Tuesday,0,0,0,Sunny,Dinner,Dishwasher,202,10,11,1,10,6.5,13.0,845.0,4.57
2024-03-27,2,Wednesday,0,0,0,Cloudy,Lunch,Server,93,12,13,2,11,5.0,14.0,770.0,4.28
2024-03-27,2,Wednesday,0,0,0,Cloudy,Lunch,Cook,93,6,7,0,7,5.0,20.0,700.0,4.8
2024-03-27,2,Wednesday,0,0,0,Cloudy,Lunch,Host,93,4,4,0,4,5.0,15.0,300.0,4.72
2024-03-27,2,Wednesday,0,0,0,Cloudy,Lunch,Cashier,93,4,5,0,5,5.0,14.0,350.0,4.63
2024-03-27,2,Wednesday,0,0,0,Cloudy,Lunch,Dishwasher,93,5,6,0,6,5.0,13.0,390.0,4.79
2024-03-27,2,Wednesday,0,0,0,Cloudy,Dinner,Server,190,24,23,1,22,6.5,14.0,2002.0,3.53
2024-03-27,2,Wednesday,0,0,0,Cloudy,Dinner,Cook,190,12,12,0,12,6.5,20.0,1560.0,4.77
2024-03-27,2,Wednesday,0,0,0,Cloudy,Dinner,Host,190,8,8,0,8,6.5,15.0,780.0,4.81
2024-03-27,2,Wednesday,0,0,0,Cloudy,Dinner,Cashier,190,7,7,0,7,6.5,14.0,637.0,5.0
2024-03-27,2,Wednesday,0,0,0,Cloudy,Dinner,Dishwasher,190,9,9,0,9,6.5,13.0,760.5,4.77
2024-03-28,3,Thursday,0,0,0,Sunny,Lunch,Server,95,12,13,2,11,5.0,14.0,770.0,4.04
2024-03-28,3,Thursday,0,0,0,Sunny,Lunch,Cook,95,6,7,0,7,5.0,20.0,700.0,5.0
2024-03-28,3,Thursday,0,0,0,Sunny,Lunch,Host,95,4,4,0,4,5.0,15.0,300.0,4.69
2024-03-28,3,Thursday,0,0,0,Sunny,Lunch,Cashier,95,4,5,0,5,5.0,14.0,350.0,4.7
2024-03-28,3,Thursday,0,0,0,Sunny,Lunch,Dishwasher,95,5,6,1,5,5.0,13.0,325.0,4.62
2024-03-28,3,Thursday,0,0,0,Sunny,Dinner,Server,168,21,21,2,19,6.5,14.0,1729.0,3.69
2024-03-28,3,Thursday,0,0,0,Sunny,Dinner,Cook,168,11,12,1,11,6.5,20.0,1430.0,4.83
2024-03-28,3,Thursday,0,0,0,Sunny,Dinner,Host,168,7,8,0,8,6.5,15.0,780.0,4.95
2024-03-28,3,Thursday,0,0,0,Sunny,Dinner,Cashier,168,6,5,0,5,6.5,14.0,455.0,4.1
2024-03-28,3,Thursday,0,0,0,Sunny,Dinner,Dishwasher,168,8,8,1,7,6.5,13.0,591.5,4.17
2024-03-29,4,Friday,1,0,0,Sunny,Lunch,Server,100,13,13,0,13,5.0,14.0,910.0,4.69
2024-03-29,4,Friday,1,0,0,Sunny,Lunch,Cook,100,7,7,0,7,5.0,20.0,700.0,4.63
2024-03-29,4,Friday,1,0,0,Sunny,Lunch,Host,100,4,4,1,3,5.0,15.0,225.0,4.26
2024-03-29,4,Friday,1,0,0,Sunny,Lunch,Cashier,100,4,4,0,4,5.0,14.0,280.0,4.64
2024-03-29,4,Friday,1,0,0,Sunny,Lunch,Dishwasher,100,5,6,1,5,5.0,13.0,325.0,4.81
2024-03-29,4,Friday,1,0,0,Sunny,Dinner,Server,204,26,25,1,24,6.5,14.0,2184.0,3.86
2024-03-29,4,Friday,1,0,0,Sunny,Dinner,Cook,204,13,12,0,12,6.5,20.0,1560.0,3.94
2024-03-29,4,Friday,1,0,0,Sunny,Dinner,Host,204,9,9,2,7,6.5,15.0,682.5,3.59
2024-03-29,4,Friday,1,0,0,Sunny,Dinner,Cashier,204,8,8,0,8,6.5,14.0,728.0,4.91
2024-03-29,4,Friday,1,0,0,Sunny,Dinner,Dishwasher,204,10,10,1,9,6.5,13.0,760.5,4.43
2024-03-30,5,Saturday,1,0,0,Sunny,Lunch,Server,127,16,16,1,15,5.0,14.0,1050.0,4.19
2024-03-30,5,Saturday,1,0,0,Sunny,Lunch,Cook,127,8,8,1,7,5.0,20.0,700.0,4.11
2024-03-30,5,Saturday,1,0,0,Sunny,Lunch,Host,127,6,6,1,5,5.0,15.0,375.0,4.16
2024-03-30,5,Saturday,1,0,0,Sunny,Lunch,Cashier,127,5,5,2,3,5.0,14.0,210.0,3.66
2024-03-30,5,Saturday,1,0,0,Sunny,Lunch,Dishwasher,127,6,7,1,6,5.0,13.0,390.0,4.71
2024-03-30,5,Saturday,1,0,0,Sunny,Dinner,Server,214,27,27,2,25,6.5,14.0,2275.0,3.66
2024-03-30,5,Saturday,1,0,0,Sunny,Dinner,Cook,214,14,14,1,13,6.5,20.0,1690.0,4.07
2024-03-30,5,Saturday,1,0,0,Sunny,Dinner,Host,214,9,8,0,8,6.5,15.0,780.0,4.19
2024-03-30,5,Saturday,1,0,0,Sunny,Dinner,Cashier,214,8,8,0,8,6.5,14.0,728.0,4.63
2024-03-30,5,Saturday,1,0,0,Sunny,Dinner,Dishwasher,214,10,8,2,6,6.5,13.0,507.0,2.24
2024-03-31,6,Sunday,1,0,0,Rainy,Lunch,Server,81,11,12,1,11,5.0,14.0,770.0,4.57
2024-03-31,6,Sunday,1,0,0,Rainy,Lunch,Cook,81,6,7,0,7,5.0,20.0,700.0,4.65
2024-03-31,6,Sunday,1,0,0,Rainy,Lunch,Host,81,4,5,0,5,5.0,15.0,375.0,4.82
2024-03-31,6,Sunday,1,0,0,Rainy,Lunch,Cashier,81,3,3,0,3,5.0,14.0,210.0,4.69
2024-03-31,6,Sunday,1,0,0,Rainy,Lunch,Dishwasher,81,4,4,1,3,5.0,13.0,195.0,4.25
2024-03-31,6,Sunday,1,0,0,Rainy,Dinner,Server,192,24,23,1,22,6.5,14.0,2002.0,3.9
2024-03-31,6,Sunday,1,0,0,Rainy,Dinner,Cook,192,12,12,0,12,6.5,20.0,1560.0,4.58
2024-03-31,6,Sunday,1,0,0,Rainy,Dinner,Host,192,8,7,0,7,6.5,15.0,682.5,4.03
2024-03-31,6,Sunday,1,0,0,Rainy,Dinner,Cashier,192,7,6,0,6,6.5,14.0,546.0,4.16
2024-03-31,6,Sunday,1,0,0,Rainy,Dinner,Dishwasher,192,9,9,1,8,6.5,13.0,676.0,3.96
2024-04-01,0,Monday,0,0,1,Sunny,Lunch,Server,128,16,17,1,16,5.0,14.0,1120.0,4.76
2024-04-01,0,Monday,0,0,1,Sunny,Lunch,Cook,128,8,9,0,9,5.0,20.0,900.0,4.91
2024-04-01,0,Monday,0,0,1,Sunny,Lunch,Host,128,6,6,0,6,5.0,15.0,450.0,4.69
2024-04-01,0,Monday,0,0,1,Sunny,Lunch,Cashier,128,5,5,0,5,5.0,14.0,350.0,4.66
2024-04-01,0,Monday,0,0,1,Sunny,Lunch,Dishwasher,128,6,5,0,5,5.0,13.0,325.0,4.23
2024-04-01,0,Monday,0,0,1,Sunny,Dinner,Server,181,23,24,0,24,6.5,14.0,2184.0,4.6
2024-04-01,0,Monday,0,0,1,Sunny,Dinner,Cook,181,12,12,1,11,6.5,20.0,1430.0,4.38
2024-04-01,0,Monday,0,0,1,Sunny,Dinner,Host,181,8,8,1,7,6.5,15.0,682.5,3.84
2024-04-01,0,Monday,0,0,1,Sunny,Dinner,Cashier,181,7,7,0,7,6.5,14.0,637.0,4.8
2024-04-01,0,Monday,0,0,1,Sunny,Dinner,Dishwasher,181,9,8,0,8,6.5,13.0,676.0,4.03
2024-04-02,1,Tuesday,0,0,0,Sunny,Lunch,Server,106,14,15,0,15,5.0,14.0,1050.0,4.66
2024-04-02,1,Tuesday,0,0,0,Sunny,Lunch,Cook,106,7,8,1,7,5.0,20.0,700.0,4.71
2024-04-02,1,Tuesday,0,0,0,Sunny,Lunch,Host,106,5,6,1,5,5.0,15.0,375.0,4.68
2024-04-02,1,Tuesday,0,0,0,Sunny,Lunch,Cashier,106,4,5,0,5,5.0,14.0,350.0,4.72
2024-04-02,1,Tuesday,0,0,0,Sunny,Lunch,Dishwasher,106,5,6,0,6,5.0,13.0,390.0,5.0
2024-04-02,1,Tuesday,0,0,0,Sunny,Dinner,Server,158,20,20,0,20,6.5,14.0,1820.0,4.63
2024-04-02,1,Tuesday,0,0,0,Sunny,Dinner,Cook,158,10,11,0,11,6.5,20.0,1430.0,4.86
2024-04-02,1,Tuesday,0,0,0,Sunny,Dinner,Host,158,7,6,1,5,6.5,15.0,487.5,3.66
2024-04-02,1,Tuesday,0,0,0,Sunny,Dinner,Cashier,158,6,6,0,6,6.5,14.0,546.0,4.64
2024-04-02,1,Tuesday,0,0,0,Sunny,Dinner,Dishwasher,158,8,8,1,7,6.5,13.0,591.5,4.05
2024-04-03,2,Wednesday,0,0,0,Sunny,Lunch,Server,107,14,14,1,13,5.0,14.0,910.0,4.21
2024-04-03,2,Wednesday,0,0,0,Sunny,Lunch,Cook,107,7,8,0,8,5.0,20.0,800.0,4.82
2024-04-03,2,Wednesday,0,0,0,Sunny,Lunch,Host,107,5,5,0,5,5.0,15.0,375.0,4.8
2024-04-03,2,Wednesday,0,0,0,Sunny,Lunch,Cashier,107,4,5,0,5,5.0,14.0,350.0,4.83
2024-04-03,2,Wednesday,0,0,0,Sunny,Lunch,Dishwasher,107,5,6,1,5,5.0,13.0,325.0,4.79
2024-04-03,2,Wednesday,0,0,0,Sunny,Dinner,Server,183,23,23,2,21,6.5,14.0,1911.0,3.61
2024-04-03,2,Wednesday,0,0,0,Sunny,Dinner,Cook,183,12,13,0,13,6.5,20.0,1690.0,4.79
2024-04-03,2,Wednesday,0,0,0,Sunny,Dinner,Host,183,8,9,0,9,6.5,15.0,877.5,4.74
2024-04-03,2,Wednesday,0,0,0,Sunny,Dinner,Cashier,183,7,8,0,8,6.5,14.0,728.0,4.85
2024-04-03,2,Wednesday,0,0,0,Sunny,Dinner,Dishwasher,183,9,9,0,9,6.5,13.0,760.5,4.7
2024-04-04,3,Thursday,0,0,0,Rainy,Lunch,Server,105,14,14,2,12,5.0,14.0,840.0,3.55
2024-04-04,3,Thursday,0,0,0,Rainy,Lunch,Cook,105,7,8,0,8,5.0,20.0,800.0,4.86
2024-04-04,3,Thursday,0,0,0,Rainy,Lunch,Host,105,5,6,0,6,5.0,15.0,450.0,4.71
2024-04-04,3,Thursday,0,0,0,Rainy,Lunch,Cashier,105,4,4,0,4,5.0,14.0,280.0,4.67
2024-04-04,3,Thursday,0,0,0,Rainy,Lunch,Dishwasher,105,5,5,0,5,5.0,13.0,325.0,4.82
2024-04-04,3,Thursday,0,0,0,Rainy,Dinner,Server,150,19,19,1,18,6.5,14.0,1638.0,3.9
2024-04-04,3,Thursday,0,0,0,Rainy,Dinner,Cook,150,10,10,0,10,6.5,20.0,1300.0,4.77
2024-04-04,3,Thursday,0,0,0,Rainy,Dinner,Host,150,6,6,0,6,6.5,15.0,585.0,4.76
2024-04-04,3,Thursday,0,0,0,Rainy,Dinner,Cashier,150,6,6,0,6,6.5,14.0,546.0,4.83
2024-04-04,3,Thursday,0,0,0,Rainy,Dinner,Dishwasher,150,7,7,0,7,6.5,13.0,591.5,4.93
2024-04-05,4,Friday,1,0,0,Sunny,Lunch,Server,115,15,15,0,15,5.0,14.0,1050.0,4.71
2024-04-05,4,Friday,1,0,0,Sunny,Lunch,Cook,115,8,7,1,6,5.0,20.0,600.0,3.24
2024-04-05,4,Friday,1,0,0,Sunny,Lunch,Host,115,5,5,0,5,5.0,15.0,375.0,4.81
2024-04-05,4,Friday,1,0,0,Sunny,Lunch,Cashier,115,5,4,0,4,5.0,14.0,280.0,4.2
2024-04-05,4,Friday,1,0,0,Sunny,Lunch,Dishwasher,115,6,6,1,5,5.0,13.0,325.0,4.19
2024-04-05,4,Friday,1,0,0,Sunny,Dinner,Server,244,31,31,2,29,6.5,14.0,2639.0,3.54
2024-04-05,4,Friday,1,0,0,Sunny,Dinner,Cook,244,16,15,1,14,6.5,20.0,1820.0,3.61
2024-04-05,4,Friday,1,0,0,Sunny,Dinner,Host,244,10,10,1,9,6.5,15.0,877.5,4.21
2024-04-05,4,Friday,1,0,0,Sunny,Dinner,Cashier,244,9,8,3,5,6.5,14.0,455.0,2.8
2024-04-05,4,Friday,1,0,0,Sunny,Dinner,Dishwasher,244,12,11,0,11,6.5,13.0,929.5,4.22
2024-04-06,5,Saturday,1,0,0,Sunny,Lunch,Server,92,12,12,0,12,5.0,14.0,840.0,4.56
2024-04-06,5,Saturday,1,0,0,Sunny,Lunch,Cook,92,6,6,1,5,5.0,20.0,500.0,4.1
2024-04-06,5,Saturday,1,0,0,Sunny,Lunch,Host,92,4,5,0,5,5.0,15.0,375.0,4.75
2024-04-06,5,Saturday,1,0,0,Sunny,Lunch,Cashier,92,4,4,0,4,5.0,14.0,280.0,4.76
2024-04-06,5,Saturday,1,0,0,Sunny,Lunch,Dishwasher,92,5,5,1,4,5.0,13.0,260.0,4.27
2024-04-06,5,Saturday,1,0,0,Sunny,Dinner,Server,281,36,36,0,36,6.5,14.0,3276.0,4.81
2024-04-06,5,Saturday,1,0,0,Sunny,Dinner,Cook,281,18,18,2,16,6.5,20.0,2080.0,3.66
2024-04-06,5,Saturday,1,0,0,Sunny,Dinner,Host,281,12,11,0,11,6.5,15.0,1072.5,4.2
2024-04-06,5,Saturday,1,0,0,Sunny,Dinner,Cashier,281,11,10,0,10,6.5,14.0,910.0,4.09
2024-04-06,5,Saturday,1,0,0,Sunny,Dinner,Dishwasher,281,13,12,2,10,6.5,13.0,845.0,2.88
2024-04-07,6,Sunday,1,0,0,Cloudy,Lunch,Server,93,12,12,1,11,5.0,14.0,770.0,4.18
2024-04-07,6,Sunday,1,0,0,Cloudy,Lunch,Cook,93,6,6,1,5,5.0,20.0,500.0,4.22
2024-04-07,6,Sunday,1,0,0,Cloudy,Lunch,Host,93,4,5,0,5,5.0,15.0,375.0,4.8
2024-04-07,6,Sunday,1,0,0,Cloudy,Lunch,Cashier,93,4,4,0,4,5.0,14.0,280.0,4.78
2024-04-07,6,Sunday,1,0,0,Cloudy,Lunch,Dishwasher,93,5,5,2,3,5.0,13.0,195.0,3.93
2024-04-07,6,Sunday,1,0,0,Cloudy,Dinner,Server,213,27,26,1,25,6.5,14.0,2275.0,3.61
2024-04-07,6,Sunday,1,0,0,Cloudy,Dinner,Cook,213,14,13,1,12,6.5,20.0,1560.0,3.61
2024-04-07,6,Sunday,1,0,0,Cloudy,Dinner,Host,213,9,8,0,8,6.5,15.0,780.0,4.07
2024-04-07,6,Sunday,1,0,0,Cloudy,Dinner,Cashier,213,8,7,1,6,6.5,14.0,546.0,3.85
2024-04-07,6,Sunday,1,0,0,Cloudy,Dinner,Dishwasher,213,10,9,2,7,6.5,13.0,591.5,3.18
2024-04-08,0,Monday,0,0,0,Sunny,Lunch,Server,111,14,13,1,12,5.0,14.0,840.0,3.47
2024-04-08,0,Monday,0,0,0,Sunny,Lunch,Cook,111,7,6,0,6,5.0,20.0,600.0,4.23
2024-04-08,0,Monday,0,0,0,Sunny,Lunch,Host,111,5,4,0,4,5.0,15.0,300.0,4.24
2024-04-08,0,Monday,0,0,0,Sunny,Lunch,Cashier,111,4,4,1,3,5.0,14.0,210.0,4.2
2024-04-08,0,Monday,0,0,0,Sunny,Lunch,Dishwasher,111,6,7,0,7,5.0,13.0,455.0,4.85
2024-04-08,0,Monday,0,0,0,Sunny,Dinner,Server,210,27,26,0,26,6.5,14.0,2366.0,4.33
2024-04-08,0,Monday,0,0,0,Sunny,Dinner,Cook,210,14,14,0,14,6.5,20.0,1820.0,4.73
2024-04-08,0,Monday,0,0,0,Sunny,Dinner,Host,210,9,9,0,9,6.5,15.0,877.5,4.95
2024-04-08,0,Monday,0,0,0,Sunny,Dinner,Cashier,210,8,7,0,7,6.5,14.0,637.0,3.9
2024-04-08,0,Monday,0,0,0,Sunny,Dinner,Dishwasher,210,10,11,1,10,6.5,13.0,845.0,4.74
2024-04-09,1,Tuesday,0,0,0,Rainy,Lunch,Server,64,8,9,0,9,5.0,14.0,630.0,4.85
2024-04-09,1,Tuesday,0,0,0,Rainy,Lunch,Cook,64,4,4,0,4,5.0,20.0,400.0,4.84
2024-04-09,1,Tuesday,0,0,0,Rainy,Lunch,Host,64,3,4,1,3,5.0,15.0,225.0,4.97
2024-04-09,1,Tuesday,0,0,0,Rainy,Lunch,Cashier,64,3,4,0,4,5.0,14.0,280.0,4.83
2024-04-09,1,Tuesday,0,0,0,Rainy,Lunch,Dishwasher,64,3,3,0,3,5.0,13.0,195.0,4.96
2024-04-09,1,Tuesday,0,0,0,Rainy,Dinner,Server,145,19,19,1,18,6.5,14.0,1638.0,4.28
2024-04-09,1,Tuesday,0,0,0,Rainy,Dinner,Cook,145,10,10,1,9,6.5,20.0,1170.0,3.85
2024-04-09,1,Tuesday,0,0,0,Rainy,Dinner,Host,145,6,6,1,5,6.5,15.0,487.5,4.15
2024-04-09,1,Tuesday,0,0,0,Rainy,Dinner,Cashier,145,6,6,1,5,6.5,14.0,455.0,4.43
2024-04-09,1,Tuesday,0,0,0,Rainy,Dinner,Dishwasher,145,7,7,0,7,6.5,13.0,591.5,4.78
2024-04-10,2,Wednesday,0,0,1,Sunny,Lunch,Server,136,17,17,0,17,5.0,14.0,1190.0,4.88
2024-04-10,2,Wednesday,0,0,1,Sunny,Lunch,Cook,136,9,9,2,7,5.0,20.0,700.0,3.72
2024-04-10,2,Wednesday,0,0,1,Sunny,Lunch,Host,136,6,6,0,6,5.0,15.0,450.0,4.76
2024-04-10,2,Wednesday,0,0,1,Sunny,Lunch,Cashier,136,5,5,0,5,5.0,14.0,350.0,4.69
2024-04-10,2,Wednesday,0,0,1,Sunny,Lunch,Dishwasher,136,7,8,0,8,5.0,13.0,520.0,4.82
2024-04-10,2,Wednesday,0,0,1,Sunny,Dinner,Server,215,27,27,2,25,6.5,14.0,2275.0,3.47
2024-04-10,2,Wednesday,0,0,1,Sunny,Dinner,Cook,215,14,12,0,12,6.5,20.0,1560.0,3.53
2024-04-10,2,Wednesday,0,0,1,Sunny,Dinner,Host,215,9,9,1,8,6.5,15.0,780.0,4.13
2024-04-10,2,Wednesday,0,0,1,Sunny,Dinner,Cashier,215,8,8,1,7,6.5,14.0,637.0,4.21
2024-04-10,2,Wednesday,0,0,1,Sunny,Dinner,Dishwasher,215,10,8,1,7,6.5,13.0,591.5,3.37
2024-04-11,3,Thursday,0,0,0,Sunny,Lunch,Server,129,17,16,1,15,5.0,14.0,1050.0,3.5
2024-04-11,3,Thursday,0,0,0,Sunny,Lunch,Cook,129,9,10,1,9,5.0,20.0,900.0,4.8
2024-04-11,3,Thursday,0,0,0,Sunny,Lunch,Host,129,6,5,0,5,5.0,15.0,375.0,4.31
2024-04-11,3,Thursday,0,0,0,Sunny,Lunch,Cashier,129,5,5,0,5,5.0,14.0,350.0,4.98
2024-04-11,3,Thursday,0,0,0,Sunny,Lunch,Dishwasher,129,6,5,1,4,5.0,13.0,260.0,3.83
2024-04-11,3,Thursday,0,0,0,Sunny,Dinner,Server,164,21,21,3,18,6.5,14.0,1638.0,2.47
2024-04-11,3,Thursday,0,0,0,Sunny,Dinner,Cook,164,11,11,0,11,6.5,20.0,1430.0,4.56
2024-04-11,3,Thursday,0,0,0,Sunny,Dinner,Host,164,7,6,0,6,6.5,15.0,585.0,4.05
2024-04-11,3,Thursday,0,0,0,Sunny,Dinner,Cashier,164,6,6,0,6,6.5,14.0,546.0,4.79
2024-04-11,3,Thursday,0,0,0,Sunny,Dinner,Dishwasher,164,8,7,0,7,6.5,13.0,591.5,4.22
2024-04-12,4,Friday,1,0,1,Sunny,Lunch,Server,121,16,15,1,14,5.0,14.0,980.0,3.68
2024-04-12,4,Friday,1,0,1,Sunny,Lunch,Cook,121,8,7,1,6,5.0,20.0,600.0,3.78
2024-04-12,4,Friday,1,0,1,Sunny,Lunch,Host,121,5,4,0,4,5.0,15.0,300.0,4.11
2024-04-12,4,Friday,1,0,1,Sunny,Lunch,Cashier,121,5,4,0,4,5.0,14.0,280.0,4.21
2024-04-12,4,Friday,1,0,1,Sunny,Lunch,Dishwasher,121,6,6,0,6,5.0,13.0,390.0,4.69
2024-04-12,4,Friday,1,0,1,Sunny,Dinner,Server,276,35,35,6,29,6.5,14.0,2639.0,1.0
2024-04-12,4,Friday,1,0,1,Sunny,Dinner,Cook,276,18,17,1,16,6.5,20.0,2080.0,3.7
2024-04-12,4,Friday,1,0,1,Sunny,Dinner,Host,276,12,11,1,10,6.5,15.0,975.0,3.51
2024-04-12,4,Friday,1,0,1,Sunny,Dinner,Cashier,276,10,9,2,7,6.5,14.0,637.0,2.68
2024-04-12,4,Friday,1,0,1,Sunny,Dinner,Dishwasher,276,13,12,1,11,6.5,13.0,929.5,3.61
2024-04-13,5,Saturday,1,0,0,Sunny,Lunch,Server,125,16,15,0,15,5.0,14.0,1050.0,4.11
2024-04-13,5,Saturday,1,0,0,Sunny,Lunch,Cook,125,8,7,0,7,5.0,20.0,700.0,4.08
2024-04-13,5,Saturday,1,0,0,Sunny,Lunch,Host,125,5,5,0,5,5.0,15.0,375.0,4.95
2024-04-13,5,Saturday,1,0,0,Sunny,Lunch,Cashier,125,5,6,0,6,5.0,14.0,420.0,4.87
2024-04-13,5,Saturday,1,0,0,Sunny,Lunch,Dishwasher,125,6,6,0,6,5.0,13.0,390.0,4.69
2024-04-13,5,Saturday,1,0,0,Sunny,Dinner,Server,237,30,29,1,28,6.5,14.0,2548.0,3.58
2024-04-13,5,Saturday,1,0,0,Sunny,Dinner,Cook,237,15,14,0,14,6.5,20.0,1820.0,4.13
2024-04-13,5,Saturday,1,0,0,Sunny,Dinner,Host,237,10,9,0,9,6.5,15.0,877.5,4.04
2024-04-13,5,Saturday,1,0,0,Sunny,Dinner,Cashier,237,9,8,0,8,6.5,14.0,728.0,4.24
2024-04-13,5,Saturday,1,0,0,Sunny,Dinner,Dishwasher,237,11,10,0,10,6.5,13.0,845.0,4.18
2024-04-14,6,Sunday,1,0,0,Sunny,Lunch,Server,116,15,15,2,13,5.0,14.0,910.0,3.22
2024-04-14,6,Sunday,1,0,0,Sunny,Lunch,Cook,116,8,8,0,8,5.0,20.0,800.0,4.97
2024-04-14,6,Sunday,1,0,0,Sunny,Lunch,Host,116,5,5,1,4,5.0,15.0,300.0,4.16
2024-04-14,6,Sunday,1,0,0,Sunny,Lunch,Cashier,116,5,4,0,4,5.0,14.0,280.0,4.13
2024-04-14,6,Sunday,1,0,0,Sunny,Lunch,Dishwasher,116,6,6,3,3,5.0,13.0,195.0,2.8
2024-04-14,6,Sunday,1,0,0,Sunny,Dinner,Server,236,30,29,4,25,6.5,14.0,2275.0,2.19
2024-04-14,6,Sunday,1,0,0,Sunny,Dinner,Cook,236,15,15,0,15,6.5,20.0,1950.0,4.91
2024-04-14,6,Sunday,1,0,0,Sunny,Dinner,Host,236,10,9,0,9,6.5,15.0,877.5,3.99
2024-04-14,6,Sunday,1,0,0,Sunny,Dinner,Cashier,236,9,8,0,8,6.5,14.0,728.0,4.2
2024-04-14,6,Sunday,1,0,0,Sunny,Dinner,Dishwasher,236,11,10,1,9,6.5,13.0,760.5,3.56
2024-04-15,0,Monday,0,0,0,Cloudy,Lunch,Server,97,13,14,0,14,5.0,14.0,980.0,4.69
2024-04-15,0,Monday,0,0,0,Cloudy,Lunch,Cook,97,7,7,0,7,5.0,20.0,700.0,4.99
2024-04-15,0,Monday,0,0,0,Cloudy,Lunch,Host,97,4,4,0,4,5.0,15.0,300.0,4.77
2024-04-15,0,Monday,0,0,0,Cloudy,Lunch,Cashier,97,4,5,0,5,5.0,14.0,350.0,4.83
2024-04-15,0,Monday,0,0,0,Cloudy,Lunch,Dishwasher,97,5,6,1,5,5.0,13.0,325.0,4.59
2024-04-15,0,Monday,0,0,0,Cloudy,Dinner,Server,125,16,16,1,15,6.5,14.0,1365.0,4.05
2024-04-15,0,Monday,0,0,0,Cloudy,Dinner,Cook,125,8,7,1,6,6.5,20.0,780.0,3.26
2024-04-15,0,Monday,0,0,0,Cloudy,Dinner,Host,125,5,5,0,5,6.5,15.0,487.5,4.79
2024-04-15,0,Monday,0,0,0,Cloudy,Dinner,Cashier,125,5,6,0,6,6.5,14.0,546.0,4.73
2024-04-15,0,Monday,0,0,0,Cloudy,Dinner,Dishwasher,125,6,6,0,6,6.5,13.0,507.0,4.73
2024-04-16,1,Tuesday,0,0,0,Sunny,Lunch,Server,100,13,14,1,13,5.0,14.0,910.0,5.0
2024-04-16,1,Tuesday,0,0,0,Sunny,Lunch,Cook,100,7,7,0,7,5.0,20.0,700.0,4.76
2024-04-16,1,Tuesday,0,0,0,Sunny,Lunch,Host,100,4,4,0,4,5.0,15.0,300.0,4.72
2024-04-16,1,Tuesday,0,0,0,Sunny,Lunch,Cashier,100,4,5,0,5,5.0,14.0,350.0,4.79
2024-04-16,1,Tuesday,0,0,0,Sunny,Lunch,Dishwasher,100,5,6,0,6,5.0,13.0,390.0,4.82
2024-04-16,1,Tuesday,0,0,0,Sunny,Dinner,Server,173,22,22,3,19,6.5,14.0,1729.0,3.02
2024-04-16,1,Tuesday,0,0,0,Sunny,Dinner,Cook,173,11,11,0,11,6.5,20.0,1430.0,4.4
2024-04-16,1,Tuesday,0,0,0,Sunny,Dinner,Host,173,7,8,0,8,6.5,15.0,780.0,4.85
2024-04-16,1,Tuesday,0,0,0,Sunny,Dinner,Cashier,173,7,7,0,7,6.5,14.0,637.0,4.76
2024-04-16,1,Tuesday,0,0,0,Sunny,Dinner,Dishwasher,173,8,7,0,7,6.5,13.0,591.5,4.07
2024-04-17,2,Wednesday,0,0,0,Sunny,Lunch,Server,95,12,13,2,11,5.0,14.0,770.0,4.14
2024-04-17,2,Wednesday,0,0,0,Sunny,Lunch,Cook,95,6,6,1,5,5.0,20.0,500.0,3.81
2024-04-17,2,Wednesday,0,0,0,Sunny,Lunch,Host,95,4,4,0,4,5.0,15.0,300.0,4.75
2024-04-17,2,Wednesday,0,0,0,Sunny,Lunch,Cashier,95,4,4,0,4,5.0,14.0,280.0,4.86
2024-04-17,2,Wednesday,0,0,0,Sunny,Lunch,Dishwasher,95,5,6,3,3,5.0,13.0,195.0,3.59
2024-04-17,2,Wednesday,0,0,0,Sunny,Dinner,Server,140,18,19,2,17,6.5,14.0,1547.0,4.11
2024-04-17,2,Wednesday,0,0,0,Sunny,Dinner,Cook,140,9,9,0,9,6.5,20.0,1170.0,5.0
2024-04-17,2,Wednesday,0,0,0,Sunny,Dinner,Host,140,6,7,0,7,6.5,15.0,682.5,4.82
2024-04-17,2,Wednesday,0,0,0,Sunny,Dinner,Cashier,140,5,5,0,5,6.5,14.0,455.0,4.59
2024-04-17,2,Wednesday,0,0,0,Sunny,Dinner,Dishwasher,140,7,7,0,7,6.5,13.0,591.5,4.66
2024-04-18,3,Thursday,0,0,0,Cloudy,Lunch,Server,94,12,12,1,11,5.0,14.0,770.0,4.18
2024-04-18,3,Thursday,0,0,0,Cloudy,Lunch,Cook,94,6,7,0,7,5.0,20.0,700.0,5.0
2024-04-18,3,Thursday,0,0,0,Cloudy,Lunch,Host,94,4,4,0,4,5.0,15.0,300.0,4.83
2024-04-18,3,Thursday,0,0,0,Cloudy,Lunch,Cashier,94,4,4,0,4,5.0,14.0,280.0,4.9
2024-04-18,3,Thursday,0,0,0,Cloudy,Lunch,Dishwasher,94,5,5,1,4,5.0,13.0,260.0,4.12
2024-04-18,3,Thursday,0,0,0,Cloudy,Dinner,Server,160,20,20,2,18,6.5,14.0,1638.0,3.61
2024-04-18,3,Thursday,0,0,0,Cloudy,Dinner,Cook,160,10,10,0,10,6.5,20.0,1300.0,4.75
2024-04-18,3,Thursday,0,0,0,Cloudy,Dinner,Host,160,7,7,0,7,6.5,15.0,682.5,4.7
2024-04-18,3,Thursday,0,0,0,Cloudy,Dinner,Cashier,160,6,5,0,5,6.5,14.0,455.0,4.15
2024-04-18,3,Thursday,0,0,0,Cloudy,Dinner,Dishwasher,160,8,8,3,5,6.5,13.0,422.5,3.23
2024-04-19,4,Friday,1,0,0,Cloudy,Lunch,Server,94,12,13,0,13,5.0,14.0,910.0,4.94
2024-04-19,4,Friday,1,0,0,Cloudy,Lunch,Cook,94,6,7,0,7,5.0,20.0,700.0,4.88
2024-04-19,4,Friday,1,0,0,Cloudy,Lunch,Host,94,4,5,0,5,5.0,15.0,375.0,4.93
2024-04-19,4,Friday,1,0,0,Cloudy,Lunch,Cashier,94,4,4,0,4,5.0,14.0,280.0,4.58
2024-04-19,4,Friday,1,0,0,Cloudy,Lunch,Dishwasher,94,5,5,0,5,5.0,13.0,325.0,4.65
2024-04-19,4,Friday,1,0,0,Cloudy,Dinner,Server,249,32,32,4,28,6.5,14.0,2548.0,2.67
2024-04-19,4,Friday,1,0,0,Cloudy,Dinner,Cook,249,16,14,0,14,6.5,20.0,1820.0,3.44
2024-04-19,4,Friday,1,0,0,Cloudy,Dinner,Host,249,10,10,1,9,6.5,15.0,877.5,3.97
2024-04-19,4,Friday,1,0,0,Cloudy,Dinner,Cashier,249,9,8,0,8,6.5,14.0,728.0,4.29
2024-04-19,4,Friday,1,0,0,Cloudy,Dinner,Dishwasher,249,12,11,1,10,6.5,13.0,845.0,3.43
2024-04-20,5,Saturday,1,0,0,Cloudy,Lunch,Server,99,13,13,1,12,5.0,14.0,840.0,4.2
2024-04-20,5,Saturday,1,0,0,Cloudy,Lunch,Cook,99,7,8,0,8,5.0,20.0,800.0,4.66
2024-04-20,5,Saturday,1,0,0,Cloudy,Lunch,Host,99,4,5,0,5,5.0,15.0,375.0,4.54
2024-04-20,5,Saturday,1,0,0,Cloudy,Lunch,Cashier,99,4,5,0,5,5.0,14.0,350.0,4.75
2024-04-20,5,Saturday,1,0,0,Cloudy,Lunch,Dishwasher,99,5,6,0,6,5.0,13.0,390.0,4.76
2024-04-20,5,Saturday,1,0,0,Cloudy,Dinner,Server,207,26,26,1,25,6.5,14.0,2275.0,3.99
2024-04-20,5,Saturday,1,0,0,Cloudy,Dinner,Cook,207,13,12,2,10,6.5,20.0,1300.0,3.34
2024-04-20,5,Saturday,1,0,0,Cloudy,Dinner,Host,207,9,9,1,8,6.5,15.0,780.0,4.16
2024-04-20,5,Saturday,1,0,0,Cloudy,Dinner,Cashier,207,8,7,1,6,6.5,14.0,546.0,3.53
2024-04-20,5,Saturday,1,0,0,Cloudy,Dinner,Dishwasher,207,10,10,1,9,6.5,13.0,760.5,4.4
2024-04-21,6,Sunday,1,0,1,Cloudy,Lunch,Server,95,12,13,0,13,5.0,14.0,910.0,4.87
2024-04-21,6,Sunday,1,0,1,Cloudy,Lunch,Cook,95,6,6,0,6,5.0,20.0,600.0,4.89
2024-04-21,6,Sunday,1,0,1,Cloudy,Lunch,Host,95,4,5,0,5,5.0,15.0,375.0,4.84
2024-04-21,6,Sunday,1,0,1,Cloudy,Lunch,Cashier,95,4,5,0,5,5.0,14.0,350.0,4.65
2024-04-21,6,Sunday,1,0,1,Cloudy,Lunch,Dishwasher,95,5,5,0,5,5.0,13.0,325.0,4.69
2024-04-21,6,Sunday,1,0,1,Cloudy,Dinner,Server,243,31,30,4,26,6.5,14.0,2366.0,1.56
2024-04-21,6,Sunday,1,0,1,Cloudy,Dinner,Cook,243,16,14,1,13,6.5,20.0,1690.0,3.22
2024-04-21,6,Sunday,1,0,1,Cloudy,Dinner,Host,243,10,10,0,10,6.5,15.0,975.0,4.6
2024-04-21,6,Sunday,1,0,1,Cloudy,Dinner,Cashier,243,9,9,0,9,6.5,14.0,819.0,4.94
2024-04-21,6,Sunday,1,0,1,Cloudy,Dinner,Dishwasher,243,12,12,4,8,6.5,13.0,676.0,2.97
2024-04-22,0,Monday,0,0,0,Rainy,Lunch,Server,80,10,11,3,8,5.0,14.0,560.0,3.79
2024-04-22,0,Monday,0,0,0,Rainy,Lunch,Cook,80,5,5,1,4,5.0,20.0,400.0,4.2
2024-04-22,0,Monday,0,0,0,Rainy,Lunch,Host,80,4,5,0,5,5.0,15.0,375.0,4.69
2024-04-22,0,Monday,0,0,0,Rainy,Lunch,Cashier,80,3,4,0,4,5.0,14.0,280.0,4.48
2024-04-22,0,Monday,0,0,0,Rainy,Lunch,Dishwasher,80,4,4,2,2,5.0,13.0,130.0,3.6
2024-04-22,0,Monday,0,0,0,Rainy,Dinner,Server,126,16,16,0,16,6.5,14.0,1456.0,4.92
2024-04-22,0,Monday,0,0,0,Rainy,Dinner,Cook,126,8,7,0,7,6.5,20.0,910.0,4.06
2024-04-22,0,Monday,0,0,0,Rainy,Dinner,Host,126,6,7,0,7,6.5,15.0,682.5,4.72
2024-04-22,0,Monday,0,0,0,Rainy,Dinner,Cashier,126,5,4,0,4,6.5,14.0,364.0,4.1
2024-04-22,0,Monday,0,0,0,Rainy,Dinner,Dishwasher,126,6,7,1,6,6.5,13.0,507.0,4.84
2024-04-23,1,Tuesday,0,0,0,Cloudy,Lunch,Server,107,14,14,2,12,5.0,14.0,840.0,3.31
2024-04-23,1,Tuesday,0,0,0,Cloudy,Lunch,Cook,107,7,7,1,6,5.0,20.0,600.0,4.03
2024-04-23,1,Tuesday,0,0,0,Cloudy,Lunch,Host,107,5,5,0,5,5.0,15.0,375.0,4.88
2024-04-23,1,Tuesday,0,0,0,Cloudy,Lunch,Cashier,107,4,4,0,4,5.0,14.0,280.0,4.84
2024-04-23,1,Tuesday,0,0,0,Cloudy,Lunch,Dishwasher,107,5,5,0,5,5.0,13.0,325.0,4.56
2024-04-23,1,Tuesday,0,0,0,Cloudy,Dinner,Server,186,24,24,2,22,6.5,14.0,2002.0,3.65
2024-04-23,1,Tuesday,0,0,0,Cloudy,Dinner,Cook,186,12,11,0,11,6.5,20.0,1430.0,4.13
2024-04-23,1,Tuesday,0,0,0,Cloudy,Dinner,Host,186,8,8,0,8,6.5,15.0,780.0,4.8
2024-04-23,1,Tuesday,0,0,0,Cloudy,Dinner,Cashier,186,7,8,0,8,6.5,14.0,728.0,4.95
2024-04-23,1,Tuesday,0,0,0,Cloudy,Dinner,Dishwasher,186,9,10,0,10,6.5,13.0,845.0,4.87
2024-04-24,2,Wednesday,0,0,0,Rainy,Lunch,Server,77,10,11,0,11,5.0,14.0,770.0,4.65
2024-04-24,2,Wednesday,0,0,0,Rainy,Lunch,Cook,77,5,5,0,5,5.0,20.0,500.0,4.81
2024-04-24,2,Wednesday,0,0,0,Rainy,Lunch,Host,77,4,5,0,5,5.0,15.0,375.0,4.83
2024-04-24,2,Wednesday,0,0,0,Rainy,Lunch,Cashier,77,3,4,0,4,5.0,14.0,280.0,4.72
2024-04-24,2,Wednesday,0,0,0,Rainy,Lunch,Dishwasher,77,4,4,0,4,5.0,13.0,260.0,4.9
2024-04-24,2,Wednesday,0,0,0,Rainy,Dinner,Server,178,23,23,4,19,6.5,14.0,1729.0,2.4
2024-04-24,2,Wednesday,0,0,0,Rainy,Dinner,Cook,178,12,12,0,12,6.5,20.0,1560.0,4.62
2024-04-24,2,Wednesday,0,0,0,Rainy,Dinner,Host,178,8,8,1,7,6.5,15.0,682.5,4.29
2024-04-24,2,Wednesday,0,0,0,Rainy,Dinner,Cashier,178,7,7,1,6,6.5,14.0,546.0,4.18
2024-04-24,2,Wednesday,0,0,0,Rainy,Dinner,Dishwasher,178,9,9,0,9,6.5,13.0,760.5,4.76
2024-04-25,3,Thursday,0,0,0,Sunny,Lunch,Server,94,12,13,0,13,5.0,14.0,910.0,4.8
2024-04-25,3,Thursday,0,0,0,Sunny,Lunch,Cook,94,6,6,0,6,5.0,20.0,600.0,4.71
2024-04-25,3,Thursday,0,0,0,Sunny,Lunch,Host,94,4,5,0,5,5.0,15.0,375.0,4.85
2024-04-25,3,Thursday,0,0,0,Sunny,Lunch,Cashier,94,4,5,0,5,5.0,14.0,350.0,5.0
2024-04-25,3,Thursday,0,0,0,Sunny,Lunch,Dishwasher,94,5,5,0,5,5.0,13.0,325.0,4.83
2024-04-25,3,Thursday,0,0,0,Sunny,Dinner,Server,196,25,26,5,21,6.5,14.0,1911.0,2.38
2024-04-25,3,Thursday,0,0,0,Sunny,Dinner,Cook,196,13,12,1,11,6.5,20.0,1430.0,3.39
2024-04-25,3,Thursday,0,0,0,Sunny,Dinner,Host,196,8,8,0,8,6.5,15.0,780.0,4.74
2024-04-25,3,Thursday,0,0,0,Sunny,Dinner,Cashier,196,7,7,0,7,6.5,14.0,637.0,4.8
2024-04-25,3,Thursday,0,0,0,Sunny,Dinner,Dishwasher,196,9,8,0,8,6.5,13.0,676.0,4.11
2024-04-26,4,Friday,1,0,0,Cloudy,Lunch,Server,110,14,13,1,12,5.0,14.0,840.0,3.29
2024-04-26,4,Friday,1,0,0,Cloudy,Lunch,Cook,110,7,6,0,6,5.0,20.0,600.0,4.21
2024-04-26,4,Friday,1,0,0,Cloudy,Lunch,Host,110,5,5,0,5,5.0,15.0,375.0,4.91
2024-04-26,4,Friday,1,0,0,Cloudy,Lunch,Cashier,110,4,3,0,3,5.0,14.0,210.0,4.04
2024-04-26,4,Friday,1,0,0,Cloudy,Lunch,Dishwasher,110,5,6,2,4,5.0,13.0,260.0,4.41
2024-04-26,4,Friday,1,0,0,Cloudy,Dinner,Server,230,29,27,1,26,6.5,14.0,2366.0,2.66
2024-04-26,4,Friday,1,0,0,Cloudy,Dinner,Cook,230,15,14,0,14,6.5,20.0,1820.0,4.09
2024-04-26,4,Friday,1,0,0,Cloudy,Dinner,Host,230,10,10,1,9,6.5,15.0,877.5,4.42
2024-04-26,4,Friday,1,0,0,Cloudy,Dinner,Cashier,230,9,7,0,7,6.5,14.0,637.0,3.38
2024-04-26,4,Friday,1,0,0,Cloudy,Dinner,Dishwasher,230,11,10,2,8,6.5,13.0,676.0,2.92
2024-04-27,5,Saturday,1,0,0,Cloudy,Lunch,Server,93,12,13,0,13,5.0,14.0,910.0,4.89
2024-04-27,5,Saturday,1,0,0,Cloudy,Lunch,Cook,93,6,7,1,6,5.0,20.0,600.0,4.51
2024-04-27,5,Saturday,1,0,0,Cloudy,Lunch,Host,93,4,5,0,5,5.0,15.0,375.0,4.76
2024-04-27,5,Saturday,1,0,0,Cloudy,Lunch,Cashier,93,4,5,0,5,5.0,14.0,350.0,4.86
2024-04-27,5,Saturday,1,0,0,Cloudy,Lunch,Dishwasher,93,5,5,0,5,5.0,13.0,325.0,4.72
2024-04-27,5,Saturday,1,0,0,Cloudy,Dinner,Server,253,32,31,1,30,6.5,14.0,2730.0,3.48
2024-04-27,5,Saturday,1,0,0,Cloudy,Dinner,Cook,253,16,16,2,14,6.5,20.0,1820.0,3.92
2024-04-27,5,Saturday,1,0,0,Cloudy,Dinner,Host,253,11,9,0,9,6.5,15.0,877.5,3.47
2024-04-27,5,Saturday,1,0,0,Cloudy,Dinner,Cashier,253,10,9,0,9,6.5,14.0,819.0,4.09
2024-04-27,5,Saturday,1,0,0,Cloudy,Dinner,Dishwasher,253,12,11,2,9,6.5,13.0,760.5,3.18
2024-04-28,6,Sunday,1,0,0,Rainy,Lunch,Server,82,11,12,2,10,5.0,14.0,700.0,3.87
2024-04-28,6,Sunday,1,0,0,Rainy,Lunch,Cook,82,6,7,0,7,5.0,20.0,700.0,4.71
2024-04-28,6,Sunday,1,0,0,Rainy,Lunch,Host,82,4,4,0,4,5.0,15.0,300.0,4.54
2024-04-28,6,Sunday,1,0,0,Rainy,Lunch,Cashier,82,3,4,1,3,5.0,14.0,210.0,4.44
2024-04-28,6,Sunday,1,0,0,Rainy,Lunch,Dishwasher,82,4,5,1,4,5.0,13.0,260.0,4.61
2024-04-28,6,Sunday,1,0,0,Rainy,Dinner,Server,188,24,24,4,20,6.5,14.0,1820.0,2.37
2024-04-28,6,Sunday,1,0,0,Rainy,Dinner,Cook,188,12,12,1,11,6.5,20.0,1430.0,4.21
2024-04-28,6,Sunday,1,0,0,Rainy,Dinner,Host,188,8,8,0,8,6.5,15.0,780.0,4.69
2024-04-28,6,Sunday,1,0,0,Rainy,Dinner,Cashier,188,7,6,0,6,6.5,14.0,546.0,4.18
2024-04-28,6,Sunday,1,0,0,Rainy,Dinner,Dishwasher,188,9,9,1,8,6.5,13.0,676.0,4.23
2024-04-29,0,Monday,0,0,0,Snow,Lunch,Server,74,10,10,2,8,5.0,14.0,560.0,3.75
2024-04-29,0,Monday,0,0,0,Snow,Lunch,Cook,74,5,6,0,6,5.0,20.0,600.0,4.67
2024-04-29,0,Monday,0,0,0,Snow,Lunch,Host,74,3,4,1,3,5.0,15.0,225.0,4.73
2024-04-29,0,Monday,0,0,0,Snow,Lunch,Cashier,74,3,4,0,4,5.0,14.0,280.0,4.73
2024-04-29,0,Monday,0,0,0,Snow,Lunch,Dishwasher,74,4,5,0,5,5.0,13.0,325.0,4.68
2024-04-29,0,Monday,0,0,0,Snow,Dinner,Server,115,15,14,1,13,6.5,14.0,1183.0,3.26
2024-04-29,0,Monday,0,0,0,Snow,Dinner,Cook,115,8,7,0,7,6.5,20.0,910.0,4.32
2024-04-29,0,Monday,0,0,0,Snow,Dinner,Host,115,5,5,0,5,6.5,15.0,487.5,4.92
2024-04-29,0,Monday,0,0,0,Snow,Dinner,Cashier,115,5,5,1,4,6.5,14.0,364.0,4.24
2024-04-29,0,Monday,0,0,0,Snow,Dinner,Dishwasher,115,6,6,0,6,6.5,13.0,507.0,4.8
2024-04-30,1,Tuesday,0,0,0,Rainy,Lunch,Server,84,11,12,2,10,5.0,14.0,700.0,4.27
2024-04-30,1,Tuesday,0,0,0,Rainy,Lunch,Cook,84,6,6,0,6,5.0,20.0,600.0,4.78
2024-04-30,1,Tuesday,0,0,0,Rainy,Lunch,Host,84,4,5,0,5,5.0,15.0,375.0,4.88
2024-04-30,1,Tuesday,0,0,0,Rainy,Lunch,Cashier,84,3,4,0,4,5.0,14.0,280.0,4.8
2024-04-30,1,Tuesday,0,0,0,Rainy,Lunch,Dishwasher,84,4,5,0,5,5.0,13.0,325.0,4.81
2024-04-30,1,Tuesday,0,0,0,Rainy,Dinner,Server,147,19,18,1,17,6.5,14.0,1547.0,3.92
2024-04-30,1,Tuesday,0,0,0,Rainy,Dinner,Cook,147,10,11,0,11,6.5,20.0,1430.0,4.7
2024-04-30,1,Tuesday,0,0,0,Rainy,Dinner,Host,147,6,6,1,5,6.5,15.0,487.5,4.07
2024-04-30,1,Tuesday,0,0,0,Rainy,Dinner,Cashier,147,6,7,0,7,6.5,14.0,637.0,4.94
2024-04-30,1,Tuesday,0,0,0,Rainy,Dinner,Dishwasher,147,7,7,0,7,6.5,13.0,591.5,4.71
2024-05-01,2,Wednesday,0,0,0,Sunny,Lunch,Server,96,12,13,0,13,5.0,14.0,910.0,4.73
2024-05-01,2,Wednesday,0,0,0,Sunny,Lunch,Cook,96,6,6,1,5,5.0,20.0,500.0,4.25
2024-05-01,2,Wednesday,0,0,0,Sunny,Lunch,Host,96,4,5,0,5,5.0,15.0,375.0,4.83
2024-05-01,2,Wednesday,0,0,0,Sunny,Lunch,Cashier,96,4,5,0,5,5.0,14.0,350.0,4.8
2024-05-01,2,Wednesday,0,0,0,Sunny,Lunch,Dishwasher,96,5,5,0,5,5.0,13.0,325.0,4.87
2024-05-01,2,Wednesday,0,0,0,Sunny,Dinner,Server,195,25,26,1,25,6.5,14.0,2275.0,4.82
2024-05-01,2,Wednesday,0,0,0,Sunny,Dinner,Cook,195,13,13,0,13,6.5,20.0,1690.0,4.77
2024-05-01,2,Wednesday,0,0,0,Sunny,Dinner,Host,195,8,8,1,7,6.5,15.0,682.5,4.21
2024-05-01,2,Wednesday,0,0,0,Sunny,Dinner,Cashier,195,7,7,0,7,6.5,14.0,637.0,5.0
2024-05-01,2,Wednesday,0,0,0,Sunny,Dinner,Dishwasher,195,9,9,1,8,6.5,13.0,676.0,4.15
2024-05-02,3,Thursday,0,0,0,Sunny,Lunch,Server,100,13,13,1,12,5.0,14.0,840.0,4.19
2024-05-02,3,Thursday,0,0,0,Sunny,Lunch,Cook,100,7,7,0,7,5.0,20.0,700.0,4.58
2024-05-02,3,Thursday,0,0,0,Sunny,Lunch,Host,100,4,4,0,4,5.0,15.0,300.0,4.77
2024-05-02,3,Thursday,0,0,0,Sunny,Lunch,Cashier,100,4,4,0,4,5.0,14.0,280.0,4.55
2024-05-02,3,Thursday,0,0,0,Sunny,Lunch,Dishwasher,100,5,5,1,4,5.0,13.0,260.0,4.31
2024-05-02,3,Thursday,0,0,0,Sunny,Dinner,Server,142,18,19,1,18,6.5,14.0,1638.0,4.85
2024-05-02,3,Thursday,0,0,0,Sunny,Dinner,Cook,142,9,9,1,8,6.5,20.0,1040.0,4.13
2024-05-02,3,Thursday,0,0,0,Sunny,Dinner,Host,142,6,5,0,5,6.5,15.0,487.5,4.01
2024-05-02,3,Thursday,0,0,0,Sunny,Dinner,Cashier,142,6,7,0,7,6.5,14.0,637.0,4.77
2024-05-02,3,Thursday,0,0,0,Sunny,Dinner,Dishwasher,142,7,7,1,6,6.5,13.0,507.0,4.12
2024-05-03,4,Friday,1,0,0,Sunny,Lunch,Server,115,15,15,1,14,5.0,14.0,980.0,4.12
2024-05-03,4,Friday,1,0,0,Sunny,Lunch,Cook,115,8,8,0,8,5.0,20.0,800.0,4.66
2024-05-03,4,Friday,1,0,0,Sunny,Lunch,Host,115,5,4,0,4,5.0,15.0,300.0,4.19
2024-05-03,4,Friday,1,0,0,Sunny,Lunch,Cashier,115,5,6,0,6,5.0,14.0,420.0,4.75
2024-05-03,4,Friday,1,0,0,Sunny,Lunch,Dishwasher,115,6,5,1,4,5.0,13.0,260.0,3.5
2024-05-03,4,Friday,1,0,0,Sunny,Dinner,Server,257,33,33,3,30,6.5,14.0,2730.0,2.94
2024-05-03,4,Friday,1,0,0,Sunny,Dinner,Cook,257,17,15,0,15,6.5,20.0,1950.0,3.86
2024-05-03,4,Friday,1,0,0,Sunny,Dinner,Host,257,11,11,0,11,6.5,15.0,1072.5,4.88
2024-05-03,4,Friday,1,0,0,Sunny,Dinner,Cashier,257,10,9,0,9,6.5,14.0,819.0,4.16
2024-05-03,4,Friday,1,0,0,Sunny,Dinner,Dishwasher,257,12,12,0,12,6.5,13.0,1014.0,4.55
2024-05-04,5,Saturday,1,0,0,Sunny,Lunch,Server,149,19,19,0,19,5.0,14.0,1330.0,4.71
2024-05-04,5,Saturday,1,0,0,Sunny,Lunch,Cook,149,10,9,0,9,5.0,20.0,900.0,3.91
2024-05-04,5,Saturday,1,0,0,Sunny,Lunch,Host,149,6,5,1,4,5.0,15.0,300.0,3.67
2024-05-04,5,Saturday,1,0,0,Sunny,Lunch,Cashier,149,6,5,0,5,5.0,14.0,350.0,4.23
2024-05-04,5,Saturday,1,0,0,Sunny,Lunch,Dishwasher,149,7,7,2,5,5.0,13.0,325.0,3.6
2024-05-04,5,Saturday,1,0,0,Sunny,Dinner,Server,260,33,31,3,28,6.5,14.0,2548.0,2.03
2024-05-04,5,Saturday,1,0,0,Sunny,Dinner,Cook,260,17,17,1,16,6.5,20.0,2080.0,4.07
2024-05-04,5,Saturday,1,0,0,Sunny,Dinner,Host,260,11,9,0,9,6.5,15.0,877.5,3.61
2024-05-04,5,Saturday,1,0,0,Sunny,Dinner,Cashier,260,10,9,0,9,6.5,14.0,819.0,4.31
2024-05-04,5,Saturday,1,0,0,Sunny,Dinner,Dishwasher,260,12,11,1,10,6.5,13.0,845.0,3.82
2024-05-05,6,Sunday,1,0,0,Cloudy,Lunch,Server,92,12,12,1,11,5.0,14.0,770.0,4.06
2024-05-05,6,Sunday,1,0,0,Cloudy,Lunch,Cook,92,6,7,0,7,5.0,20.0,700.0,4.91
2024-05-05,6,Sunday,1,0,0,Cloudy,Lunch,Host,92,4,4,1,3,5.0,15.0,225.0,4.22
2024-05-05,6,Sunday,1,0,0,Cloudy,Lunch,Cashier,92,4,5,1,4,5.0,14.0,280.0,4.9
2024-05-05,6,Sunday,1,0,0,Cloudy,Lunch,Dishwasher,92,5,6,1,5,5.0,13.0,325.0,4.82
2024-05-05,6,Sunday,1,0,0,Cloudy,Dinner,Server,240,30,28,2,26,6.5,14.0,2366.0,2.85
2024-05-05,6,Sunday,1,0,0,Cloudy,Dinner,Cook,240,15,14,0,14,6.5,20.0,1820.0,4.25
2024-05-05,6,Sunday,1,0,0,Cloudy,Dinner,Host,240,10,9,1,8,6.5,15.0,780.0,3.45
2024-05-05,6,Sunday,1,0,0,Cloudy,Dinner,Cashier,240,9,7,1,6,6.5,14.0,546.0,2.63
2024-05-05,6,Sunday,1,0,0,Cloudy,Dinner,Dishwasher,240,11,9,0,9,6.5,13.0,760.5,3.65
2024-05-06,0,Monday,0,0,0,Sunny,Lunch,Server,98,13,14,1,13,5.0,14.0,910.0,4.72
2024-05-06,0,Monday,0,0,0,Sunny,Lunch,Cook,98,7,7,1,6,5.0,20.0,600.0,3.97
2024-05-06,0,Monday,0,0,0,Sunny,Lunch,Host,98,4,5,0,5,5.0,15.0,375.0,4.85
2024-05-06,0,Monday,0,0,0,Sunny,Lunch,Cashier,98,4,4,1,3,5.0,14.0,210.0,3.99
2024-05-06,0,Monday,0,0,0,Sunny,Lunch,Dishwasher,98,5,5,0,5,5.0,13.0,325.0,4.79
2024-05-06,0,Monday,0,0,0,Sunny,Dinner,Server,180,23,22,2,20,6.5,14.0,1820.0,3.24
2024-05-06,0,Monday,0,0,0,Sunny,Dinner,Cook,180,12,12,0,12,6.5,20.0,1560.0,4.95
2024-05-06,0,Monday,0,0,0,Sunny,Dinner,Host,180,8,8,0,8,6.5,15.0,780.0,4.76
2024-05-06,0,Monday,0,0,0,Sunny,Dinner,Cashier,180,7,7,1,6,6.5,14.0,546.0,4.15
2024-05-06,0,Monday,0,0,0,Sunny,Dinner,Dishwasher,180,9,9,0,9,6.5,13.0,760.5,4.55
2024-05-07,1,Tuesday,0,0,0,Cloudy,Lunch,Server,96,12,13,1,12,5.0,14.0,840.0,4.49
2024-05-07,1,Tuesday,0,0,0,Cloudy,Lunch,Cook,96,6,6,1,5,5.0,20.0,500.0,4.25
2024-05-07,1,Tuesday,0,0,0,Cloudy,Lunch,Host,96,4,5,0,5,5.0,15.0,375.0,4.84
2024-05-07,1,Tuesday,0,0,0,Cloudy,Lunch,Cashier,96,4,5,0,5,5.0,14.0,350.0,5.0
2024-05-07,1,Tuesday,0,0,0,Cloudy,Lunch,Dishwasher,96,5,6,0,6,5.0,13.0,390.0,4.88
2024-05-07,1,Tuesday,0,0,0,Cloudy,Dinner,Server,150,19,18,0,18,6.5,14.0,1638.0,4.17
2024-05-07,1,Tuesday,0,0,0,Cloudy,Dinner,Cook,150,10,10,1,9,6.5,20.0,1170.0,4.26
2024-05-07,1,Tuesday,0,0,0,Cloudy,Dinner,Host,150,6,6,1,5,6.5,15.0,487.5,4.0
2024-05-07,1,Tuesday,0,0,0,Cloudy,Dinner,Cashier,150,6,6,0,6,6.5,14.0,546.0,4.76
2024-05-07,1,Tuesday,0,0,0,Cloudy,Dinner,Dishwasher,150,7,7,0,7,6.5,13.0,591.5,4.83
2024-05-08,2,Wednesday,0,0,0,Sunny,Lunch,Server,86,11,12,1,11,5.0,14.0,770.0,4.67
2024-05-08,2,Wednesday,0,0,0,Sunny,Lunch,Cook,86,6,7,0,7,5.0,20.0,700.0,4.89
2024-05-08,2,Wednesday,0,0,0,Sunny,Lunch,Host,86,4,5,1,4,5.0,15.0,300.0,4.83
2024-05-08,2,Wednesday,0,0,0,Sunny,Lunch,Cashier,86,4,4,0,4,5.0,14.0,280.0,5.0
2024-05-08,2,Wednesday,0,0,0,Sunny,Lunch,Dishwasher,86,4,5,1,4,5.0,13.0,260.0,4.81
2024-05-08,2,Wednesday,0,0,0,Sunny,Dinner,Server,153,20,20,4,16,6.5,14.0,1456.0,2.58
2024-05-08,2,Wednesday,0,0,0,Sunny,Dinner,Cook,153,10,10,0,10,6.5,20.0,1300.0,4.93
2024-05-08,2,Wednesday,0,0,0,Sunny,Dinner,Host,153,7,8,0,8,6.5,15.0,780.0,4.79
2024-05-08,2,Wednesday,0,0,0,Sunny,Dinner,Cashier,153,6,5,1,4,6.5,14.0,364.0,3.42
2024-05-08,2,Wednesday,0,0,0,Sunny,Dinner,Dishwasher,153,7,8,0,8,6.5,13.0,676.0,4.63
2024-05-09,3,Thursday,0,0,0,Rainy,Lunch,Server,79,10,10,2,8,5.0,14.0,560.0,3.33
2024-05-09,3,Thursday,0,0,0,Rainy,Lunch,Cook,79,5,6,0,6,5.0,20.0,600.0,4.95
2024-05-09,3,Thursday,0,0,0,Rainy,Lunch,Host,79,4,4,0,4,5.0,15.0,300.0,4.87
2024-05-09,3,Thursday,0,0,0,Rainy,Lunch,Cashier,79,3,4,1,3,5.0,14.0,210.0,4.59
2024-05-09,3,Thursday,0,0,0,Rainy,Lunch,Dishwasher,79,4,5,0,5,5.0,13.0,325.0,4.63
2024-05-09,3,Thursday,0,0,0,Rainy,Dinner,Server,150,19,18,2,16,6.5,14.0,1456.0,3.37
2024-05-09,3,Thursday,0,0,0,Rainy,Dinner,Cook,150,10,10,0,10,6.5,20.0,1300.0,4.74
2024-05-09,3,Thursday,0,0,0,Rainy,Dinner,Host,150,6,6,1,5,6.5,15.0,487.5,4.08
2024-05-09,3,Thursday,0,0,0,Rainy,Dinner,Cashier,150,6,6,0,6,6.5,14.0,546.0,4.58
2024-05-09,3,Thursday,0,0,0,Rainy,Dinner,Dishwasher,150,7,7,0,7,6.5,13.0,591.5,5.0
2024-05-10,4,Friday,1,0,0,Rainy,Lunch,Server,84,11,12,2,10,5.0,14.0,700.0,4.23
2024-05-10,4,Friday,1,0,0,Rainy,Lunch,Cook,84,6,7,1,6,5.0,20.0,600.0,4.87
2024-05-10,4,Friday,1,0,0,Rainy,Lunch,Host,84,4,5,0,5,5.0,15.0,375.0,4.66
2024-05-10,4,Friday,1,0,0,Rainy,Lunch,Cashier,84,3,4,0,4,5.0,14.0,280.0,4.75
2024-05-10,4,Friday,1,0,0,Rainy,Lunch,Dishwasher,84,4,4,0,4,5.0,13.0,260.0,4.76
2024-05-10,4,Friday,1,0,0,Rainy,Dinner,Server,222,28,27,2,25,6.5,14.0,2275.0,3.39
2024-05-10,4,Friday,1,0,0,Rainy,Dinner,Cook,222,14,14,0,14,6.5,20.0,1820.0,4.73
2024-05-10,4,Friday,1,0,0,Rainy,Dinner,Host,222,9,9,0,9,6.5,15.0,877.5,4.74
2024-05-10,4,Friday,1,0,0,Rainy,Dinner,Cashier,222,8,7,0,7,6.5,14.0,637.0,4.07
2024-05-10,4,Friday,1,0,0,Rainy,Dinner,Dishwasher,222,11,10,0,10,6.5,13.0,845.0,4.09
2024-05-11,5,Saturday,1,0,0,Rainy,Lunch,Server,75,10,11,1,10,5.0,14.0,700.0,4.72
2024-05-11,5,Saturday,1,0,0,Rainy,Lunch,Cook,75,5,5,0,5,5.0,20.0,500.0,4.74
2024-05-11,5,Saturday,1,0,0,Rainy,Lunch,Host,75,3,3,1,2,5.0,15.0,150.0,4.26
2024-05-11,5,Saturday,1,0,0,Rainy,Lunch,Cashier,75,3,4,1,3,5.0,14.0,210.0,4.69
2024-05-11,5,Saturday,1,0,0,Rainy,Lunch,Dishwasher,75,4,4,0,4,5.0,13.0,260.0,4.87
2024-05-11,5,Saturday,1,0,0,Rainy,Dinner,Server,222,28,28,5,23,6.5,14.0,2093.0,2.18
2024-05-11,5,Saturday,1,0,0,Rainy,Dinner,Cook,222,14,13,0,13,6.5,20.0,1690.0,4.25
2024-05-11,5,Saturday,1,0,0,Rainy,Dinner,Host,222,9,8,0,8,6.5,15.0,780.0,4.49
2024-05-11,5,Saturday,1,0,0,Rainy,Dinner,Cashier,222,8,7,0,7,6.5,14.0,637.0,4.27
2024-05-11,5,Saturday,1,0,0,Rainy,Dinner,Dishwasher,222,11,9,1,8,6.5,13.0,676.0,2.77
2024-05-12,6,Sunday,1,1,0,Sunny,Lunch,Server,136,17,16,1,15,5.0,14.0,1050.0,3.69
2024-05-12,6,Sunday,1,1,0,Sunny,Lunch,Cook,136,9,9,0,9,5.0,20.0,900.0,4.96
2024-05-12,6,Sunday,1,1,0,Sunny,Lunch,Host,136,6,5,1,4,5.0,15.0,300.0,3.39
2024-05-12,6,Sunday,1,1,0,Sunny,Lunch,Cashier,136,5,5,0,5,5.0,14.0,350.0,4.73
2024-05-12,6,Sunday,1,1,0,Sunny,Lunch,Dishwasher,136,7,8,2,6,5.0,13.0,390.0,4.06
2024-05-12,6,Sunday,1,1,0,Sunny,Dinner,Server,279,35,33,1,32,6.5,14.0,2912.0,2.48
2024-05-12,6,Sunday,1,1,0,Sunny,Dinner,Cook,279,18,17,0,17,6.5,20.0,2210.0,4.21
2024-05-12,6,Sunday,1,1,0,Sunny,Dinner,Host,279,12,11,0,11,6.5,15.0,1072.5,4.17
2024-05-12,6,Sunday,1,1,0,Sunny,Dinner,Cashier,279,10,10,1,9,6.5,14.0,819.0,4.46
2024-05-12,6,Sunday,1,1,0,Sunny,Dinner,Dishwasher,279,13,13,1,12,6.5,13.0,1014.0,4.34
2024-05-13,0,Monday,0,0,0,Sunny,Lunch,Server,99,13,14,1,13,5.0,14.0,910.0,4.79
2024-05-13,0,Monday,0,0,0,Sunny,Lunch,Cook,99,7,7,0,7,5.0,20.0,700.0,4.74
2024-05-13,0,Monday,0,0,0,Sunny,Lunch,Host,99,4,4,0,4,5.0,15.0,300.0,5.0
2024-05-13,0,Monday,0,0,0,Sunny,Lunch,Cashier,99,4,4,0,4,5.0,14.0,280.0,4.67
2024-05-13,0,Monday,0,0,0,Sunny,Lunch,Dishwasher,99,5,6,1,5,5.0,13.0,325.0,4.67
2024-05-13,0,Monday,0,0,0,Sunny,Dinner,Server,180,23,23,3,20,6.5,14.0,1820.0,2.98
2024-05-13,0,Monday,0,0,0,Sunny,Dinner,Cook,180,12,11,0,11,6.5,20.0,1430.0,4.24
2024-05-13,0,Monday,0,0,0,Sunny,Dinner,Host,180,8,9,0,9,6.5,15.0,877.5,4.85
2024-05-13,0,Monday,0,0,0,Sunny,Dinner,Cashier,180,7,8,1,7,6.5,14.0,637.0,4.85
2024-05-13,0,Monday,0,0,0,Sunny,Dinner,Dishwasher,180,9,10,0,10,6.5,13.0,845.0,4.81
2024-05-14,1,Tuesday,0,0,0,Sunny,Lunch,Server,86,11,11,0,11,5.0,14.0,770.0,4.57
2024-05-14,1,Tuesday,0,0,0,Sunny,Lunch,Cook,86,6,7,1,6,5.0,20.0,600.0,5.0
2024-05-14,1,Tuesday,0,0,0,Sunny,Lunch,Host,86,4,4,0,4,5.0,15.0,300.0,4.89
2024-05-14,1,Tuesday,0,0,0,Sunny,Lunch,Cashier,86,4,4,0,4,5.0,14.0,280.0,4.74
2024-05-14,1,Tuesday,0,0,0,Sunny,Lunch,Dishwasher,86,4,5,0,5,5.0,13.0,325.0,4.95
2024-05-14,1,Tuesday,0,0,0,Sunny,Dinner,Server,222,28,27,2,25,6.5,14.0,2275.0,3.31
2024-05-14,1,Tuesday,0,0,0,Sunny,Dinner,Cook,222,14,13,0,13,6.5,20.0,1690.0,3.98
2024-05-14,1,Tuesday,0,0,0,Sunny,Dinner,Host,222,9,8,1,7,6.5,15.0,682.5,3.43
2024-05-14,1,Tuesday,0,0,0,Sunny,Dinner,Cashier,222,8,7,1,6,6.5,14.0,546.0,3.27
2024-05-14,1,Tuesday,0,0,0,Sunny,Dinner,Dishwasher,222,11,10,1,9,6.5,13.0,760.5,3.61
2024-05-15,2,Wednesday,0,0,0,Sunny,Lunch,Server,115,15,16,1,15,5.0,14.0,1050.0,4.83
2024-05-15,2,Wednesday,0,0,0,Sunny,Lunch,Cook,115,8,7,0,7,5.0,20.0,700.0,4.1
2024-05-15,2,Wednesday,0,0,0,Sunny,Lunch,Host,115,5,6,0,6,5.0,15.0,450.0,4.74
2024-05-15,2,Wednesday,0,0,0,Sunny,Lunch,Cashier,115,5,5,0,5,5.0,14.0,350.0,4.64
2024-05-15,2,Wednesday,0,0,0,Sunny,Lunch,Dishwasher,115,6,7,0,7,5.0,13.0,455.0,4.67
2024-05-15,2,Wednesday,0,0,0,Sunny,Dinner,Server,178,23,22,3,19,6.5,14.0,1729.0,2.74
2024-05-15,2,Wednesday,0,0,0,Sunny,Dinner,Cook,178,12,11,0,11,6.5,20.0,1430.0,4.28
2024-05-15,2,Wednesday,0,0,0,Sunny,Dinner,Host,178,8,9,1,8,6.5,15.0,780.0,4.77
2024-05-15,2,Wednesday,0,0,0,Sunny,Dinner,Cashier,178,7,8,0,8,6.5,14.0,728.0,4.82
2024-05-15,2,Wednesday,0,0,0,Sunny,Dinner,Dishwasher,178,9,8,0,8,6.5,13.0,676.0,3.95
2024-05-16,3,Thursday,0,0,0,Rainy,Lunch,Server,78,10,10,0,10,5.0,14.0,700.0,4.71
2024-05-16,3,Thursday,0,0,0,Rainy,Lunch,Cook,78,5,6,0,6,5.0,20.0,600.0,4.85
2024-05-16,3,Thursday,0,0,0,Rainy,Lunch,Host,78,4,4,0,4,5.0,15.0,300.0,4.78
2024-05-16,3,Thursday,0,0,0,Rainy,Lunch,Cashier,78,3,3,0,3,5.0,14.0,210.0,4.98
2024-05-16,3,Thursday,0,0,0,Rainy,Lunch,Dishwasher,78,4,5,0,5,5.0,13.0,325.0,4.89
2024-05-16,3,Thursday,0,0,0,Rainy,Dinner,Server,162,21,21,2,19,6.5,14.0,1729.0,3.71
2024-05-16,3,Thursday,0,0,0,Rainy,Dinner,Cook,162,11,11,0,11,6.5,20.0,1430.0,4.6
2024-05-16,3,Thursday,0,0,0,Rainy,Dinner,Host,162,7,7,0,7,6.5,15.0,682.5,4.75
2024-05-16,3,Thursday,0,0,0,Rainy,Dinner,Cashier,162,6,5,0,5,6.5,14.0,455.0,4.14
2024-05-16,3,Thursday,0,0,0,Rainy,Dinner,Dishwasher,162,8,8,1,7,6.5,13.0,591.5,3.98
2024-05-17,4,Friday,1,0,0,Sunny,Lunch,Server,91,12,12,2,10,5.0,14.0,700.0,3.63
2024-05-17,4,Friday,1,0,0,Sunny,Lunch,Cook,91,6,7,2,5,5.0,20.0,500.0,4.12
2024-05-17,4,Friday,1,0,0,Sunny,Lunch,Host,91,4,4,1,3,5.0,15.0,225.0,4.03
2024-05-17,4,Friday,1,0,0,Sunny,Lunch,Cashier,91,4,4,1,3,5.0,14.0,210.0,4.17
2024-05-17,4,Friday,1,0,0,Sunny,Lunch,Dishwasher,91,5,6,2,4,5.0,13.0,260.0,4.39
2024-05-17,4,Friday,1,0,0,Sunny,Dinner,Server,201,26,26,2,24,6.5,14.0,2184.0,3.63
2024-05-17,4,Friday,1,0,0,Sunny,Dinner,Cook,201,13,12,2,10,6.5,20.0,1300.0,3.37
2024-05-17,4,Friday,1,0,0,Sunny,Dinner,Host,201,9,9,1,8,6.5,15.0,780.0,4.22
2024-05-17,4,Friday,1,0,0,Sunny,Dinner,Cashier,201,8,9,1,8,6.5,14.0,728.0,4.54
2024-05-17,4,Friday,1,0,0,Sunny,Dinner,Dishwasher,201,10,9,1,8,6.5,13.0,676.0,3.38
2024-05-18,5,Saturday,1,0,1,Sunny,Lunch,Server,107,14,15,1,14,5.0,14.0,980.0,4.74
2024-05-18,5,Saturday,1,0,1,Sunny,Lunch,Cook,107,7,7,1,6,5.0,20.0,600.0,4.16
2024-05-18,5,Saturday,1,0,1,Sunny,Lunch,Host,107,5,5,0,5,5.0,15.0,375.0,4.68
2024-05-18,5,Saturday,1,0,1,Sunny,Lunch,Cashier,107,4,5,0,5,5.0,14.0,350.0,4.67
2024-05-18,5,Saturday,1,0,1,Sunny,Lunch,Dishwasher,107,5,6,0,6,5.0,13.0,390.0,4.92
2024-05-18,5,Saturday,1,0,1,Sunny,Dinner,Server,293,37,35,0,35,6.5,14.0,3185.0,3.45
2024-05-18,5,Saturday,1,0,1,Sunny,Dinner,Cook,293,19,18,0,18,6.5,20.0,2340.0,4.14
2024-05-18,5,Saturday,1,0,1,Sunny,Dinner,Host,293,12,11,0,11,6.5,15.0,1072.5,3.95
2024-05-18,5,Saturday,1,0,1,Sunny,Dinner,Cashier,293,11,10,0,10,6.5,14.0,910.0,4.07
2024-05-18,5,Saturday,1,0,1,Sunny,Dinner,Dishwasher,293,14,14,2,12,6.5,13.0,1014.0,3.55
2024-05-19,6,Sunday,1,0,1,Rainy,Lunch,Server,110,14,14,0,14,5.0,14.0,980.0,5.0
2024-05-19,6,Sunday,1,0,1,Rainy,Lunch,Cook,110,7,7,0,7,5.0,20.0,700.0,4.61
2024-05-19,6,Sunday,1,0,1,Rainy,Lunch,Host,110,5,5,0,5,5.0,15.0,375.0,4.76
2024-05-19,6,Sunday,1,0,1,Rainy,Lunch,Cashier,110,4,4,0,4,5.0,14.0,280.0,4.84
2024-05-19,6,Sunday,1,0,1,Rainy,Lunch,Dishwasher,110,5,6,1,5,5.0,13.0,325.0,4.75
2024-05-19,6,Sunday,1,0,1,Rainy,Dinner,Server,225,29,28,4,24,6.5,14.0,2184.0,2.49
2024-05-19,6,Sunday,1,0,1,Rainy,Dinner,Cook,225,15,15,1,14,6.5,20.0,1820.0,4.04
2024-05-19,6,Sunday,1,0,1,Rainy,Dinner,Host,225,9,8,0,8,6.5,15.0,780.0,4.1
2024-05-19,6,Sunday,1,0,1,Rainy,Dinner,Cashier,225,9,9,2,7,6.5,14.0,637.0,3.06
2024-05-19,6,Sunday,1,0,1,Rainy,Dinner,Dishwasher,225,11,10,0,10,6.5,13.0,845.0,4.33
2024-05-20,0,Monday,0,0,0,Rainy,Lunch,Server,92,12,12,1,11,5.0,14.0,770.0,4.12
2024-05-20,0,Monday,0,0,0,Rainy,Lunch,Cook,92,6,6,0,6,5.0,20.0,600.0,4.73
2024-05-20,0,Monday,0,0,0,Rainy,Lunch,Host,92,4,5,0,5,5.0,15.0,375.0,4.83
2024-05-20,0,Monday,0,0,0,Rainy,Lunch,Cashier,92,4,5,1,4,5.0,14.0,280.0,4.6
2024-05-20,0,Monday,0,0,0,Rainy,Lunch,Dishwasher,92,5,5,0,5,5.0,13.0,325.0,4.79
2024-05-20,0,Monday,0,0,0,Rainy,Dinner,Server,160,20,21,1,20,6.5,14.0,1820.0,4.89
2024-05-20,0,Monday,0,0,0,Rainy,Dinner,Cook,160,10,9,0,9,6.5,20.0,1170.0,4.24
2024-05-20,0,Monday,0,0,0,Rainy,Dinner,Host,160,7,7,0,7,6.5,15.0,682.5,4.82
2024-05-20,0,Monday,0,0,0,Rainy,Dinner,Cashier,160,6,5,0,5,6.5,14.0,455.0,4.29
2024-05-20,0,Monday,0,0,0,Rainy,Dinner,Dishwasher,160,8,7,0,7,6.5,13.0,591.5,3.98
2024-05-21,1,Tuesday,0,0,0,Sunny,Lunch,Server,113,15,15,2,13,5.0,14.0,910.0,3.78
2024-05-21,1,Tuesday,0,0,0,Sunny,Lunch,Cook,113,8,9,0,9,5.0,20.0,900.0,5.0
2024-05-21,1,Tuesday,0,0,0,Sunny,Lunch,Host,113,5,5,0,5,5.0,15.0,375.0,4.98
2024-05-21,1,Tuesday,0,0,0,Sunny,Lunch,Cashier,113,5,6,0,6,5.0,14.0,420.0,4.98
2024-05-21,1,Tuesday,0,0,0,Sunny,Lunch,Dishwasher,113,6,6,1,5,5.0,13.0,325.0,4.05
2024-05-21,1,Tuesday,0,0,0,Sunny,Dinner,Server,204,26,25,0,25,6.5,14.0,2275.0,4.06
2024-05-21,1,Tuesday,0,0,0,Sunny,Dinner,Cook,204,13,14,0,14,6.5,20.0,1820.0,4.78
2024-05-21,1,Tuesday,0,0,0,Sunny,Dinner,Host,204,9,8,1,7,6.5,15.0,682.5,3.79
2024-05-21,1,Tuesday,0,0,0,Sunny,Dinner,Cashier,204,8,9,1,8,6.5,14.0,728.0,4.8
2024-05-21,1,Tuesday,0,0,0,Sunny,Dinner,Dishwasher,204,10,10,0,10,6.5,13.0,845.0,4.87
2024-05-22,2,Wednesday,0,0,0,Sunny,Lunch,Server,94,12,12,0,12,5.0,14.0,840.0,4.7
2024-05-22,2,Wednesday,0,0,0,Sunny,Lunch,Cook,94,6,6,0,6,5.0,20.0,600.0,4.81
2024-05-22,2,Wednesday,0,0,0,Sunny,Lunch,Host,94,4,5,0,5,5.0,15.0,375.0,4.91
2024-05-22,2,Wednesday,0,0,0,Sunny,Lunch,Cashier,94,4,5,0,5,5.0,14.0,350.0,4.65
2024-05-22,2,Wednesday,0,0,0,Sunny,Lunch,Dishwasher,94,5,6,1,5,5.0,13.0,325.0,4.68
2024-05-22,2,Wednesday,0,0,0,Sunny,Dinner,Server,172,22,21,1,20,6.5,14.0,1820.0,3.58
2024-05-22,2,Wednesday,0,0,0,Sunny,Dinner,Cook,172,11,12,0,12,6.5,20.0,1560.0,4.79
2024-05-22,2,Wednesday,0,0,0,Sunny,Dinner,Host,172,7,6,1,5,6.5,15.0,487.5,3.48
2024-05-22,2,Wednesday,0,0,0,Sunny,Dinner,Cashier,172,7,7,0,7,6.5,14.0,637.0,4.77
2024-05-22,2,Wednesday,0,0,0,Sunny,Dinner,Dishwasher,172,8,9,0,9,6.5,13.0,760.5,4.87
2024-05-23,3,Thursday,0,0,0,Sunny,Lunch,Server,115,15,16,0,16,5.0,14.0,1120.0,4.9
2024-05-23,3,Thursday,0,0,0,Sunny,Lunch,Cook,115,8,8,0,8,5.0,20.0,800.0,4.77
2024-05-23,3,Thursday,0,0,0,Sunny,Lunch,Host,115,5,5,1,4,5.0,15.0,300.0,4.06
2024-05-23,3,Thursday,0,0,0,Sunny,Lunch,Cashier,115,5,4,0,4,5.0,14.0,280.0,3.87
2024-05-23,3,Thursday,0,0,0,Sunny,Lunch,Dishwasher,115,6,7,1,6,5.0,13.0,390.0,4.72
2024-05-23,3,Thursday,0,0,0,Sunny,Dinner,Server,183,23,23,3,20,6.5,14.0,1820.0,2.77
2024-05-23,3,Thursday,0,0,0,Sunny,Dinner,Cook,183,12,12,0,12,6.5,20.0,1560.0,5.0
2024-05-23,3,Thursday,0,0,0,Sunny,Dinner,Host,183,8,7,2,5,6.5,15.0,487.5,2.58
2024-05-23,3,Thursday,0,0,0,Sunny,Dinner,Cashier,183,7,7,1,6,6.5,14.0,546.0,3.85
2024-05-23,3,Thursday,0,0,0,Sunny,Dinner,Dishwasher,183,9,9,1,8,6.5,13.0,676.0,4.33
2024-05-24,4,Friday,1,0,0,Cloudy,Lunch,Server,101,13,14,1,13,5.0,14.0,910.0,4.67
2024-05-24,4,Friday,1,0,0,Cloudy,Lunch,Cook,101,7,8,0,8,5.0,20.0,800.0,4.7
2024-05-24,4,Friday,1,0,0,Cloudy,Lunch,Host,101,5,5,0,5,5.0,15.0,375.0,4.76
2024-05-24,4,Friday,1,0,0,Cloudy,Lunch,Cashier,101,4,4,1,3,5.0,14.0,210.0,3.9
2024-05-24,4,Friday,1,0,0,Cloudy,Lunch,Dishwasher,101,5,5,2,3,5.0,13.0,195.0,3.36
2024-05-24,4,Friday,1,0,0,Cloudy,Dinner,Server,267,34,33,2,31,6.5,14.0,2821.0,3.49
2024-05-24,4,Friday,1,0,0,Cloudy,Dinner,Cook,267,17,17,1,16,6.5,20.0,2080.0,4.08
2024-05-24,4,Friday,1,0,0,Cloudy,Dinner,Host,267,11,11,0,11,6.5,15.0,1072.5,4.69
2024-05-24,4,Friday,1,0,0,Cloudy,Dinner,Cashier,267,10,9,0,9,6.5,14.0,819.0,4.11
2024-05-24,4,Friday,1,0,0,Cloudy,Dinner,Dishwasher,267,13,13,1,12,6.5,13.0,1014.0,4.05
2024-05-25,5,Saturday,1,0,0,Sunny,Lunch,Server,105,14,15,2,13,5.0,14.0,910.0,4.0
2024-05-25,5,Saturday,1,0,0,Sunny,Lunch,Cook,105,7,8,1,7,5.0,20.0,700.0,4.66
2024-05-25,5,Saturday,1,0,0,Sunny,Lunch,Host,105,5,6,0,6,5.0,15.0,450.0,4.74
2024-05-25,5,Saturday,1,0,0,Sunny,Lunch,Cashier,105,4,5,0,5,5.0,14.0,350.0,4.75
2024-05-25,5,Saturday,1,0,0,Sunny,Lunch,Dishwasher,105,5,6,1,5,5.0,13.0,325.0,4.71
2024-05-25,5,Saturday,1,0,0,Sunny,Dinner,Server,289,37,35,3,32,6.5,14.0,2912.0,1.42
2024-05-25,5,Saturday,1,0,0,Sunny,Dinner,Cook,289,19,17,2,15,6.5,20.0,1950.0,2.65
2024-05-25,5,Saturday,1,0,0,Sunny,Dinner,Host,289,12,11,0,11,6.5,15.0,1072.5,4.23
2024-05-25,5,Saturday,1,0,0,Sunny,Dinner,Cashier,289,11,11,0,11,6.5,14.0,1001.0,4.7
2024-05-25,5,Saturday,1,0,0,Sunny,Dinner,Dishwasher,289,14,12,2,10,6.5,13.0,845.0,2.77
2024-05-26,6,Sunday,1,0,0,Sunny,Lunch,Server,76,10,10,3,7,5.0,14.0,490.0,3.03
2024-05-26,6,Sunday,1,0,0,Sunny,Lunch,Cook,76,5,6,0,6,5.0,20.0,600.0,4.75
2024-05-26,6,Sunday,1,0,0,Sunny,Lunch,Host,76,4,5,0,5,5.0,15.0,375.0,4.68
2024-05-26,6,Sunday,1,0,0,Sunny,Lunch,Cashier,76,3,4,0,4,5.0,14.0,280.0,4.79
2024-05-26,6,Sunday,1,0,0,Sunny,Lunch,Dishwasher,76,4,5,0,5,5.0,13.0,325.0,4.7
2024-05-26,6,Sunday,1,0,0,Sunny,Dinner,Server,212,27,27,1,26,6.5,14.0,2366.0,4.14
2024-05-26,6,Sunday,1,0,0,Sunny,Dinner,Cook,212,14,13,1,12,6.5,20.0,1560.0,3.66
2024-05-26,6,Sunday,1,0,0,Sunny,Dinner,Host,212,9,9,0,9,6.5,15.0,877.5,4.69
2024-05-26,6,Sunday,1,0,0,Sunny,Dinner,Cashier,212,8,8,0,8,6.5,14.0,728.0,4.77
2024-05-26,6,Sunday,1,0,0,Sunny,Dinner,Dishwasher,212,10,9,0,9,6.5,13.0,760.5,4.08
2024-05-27,0,Monday,0,1,0,Sunny,Lunch,Server,139,18,17,1,16,5.0,14.0,1120.0,4.01
2024-05-27,0,Monday,0,1,0,Sunny,Lunch,Cook,139,9,8,0,8,5.0,20.0,800.0,4.07
2024-05-27,0,Monday,0,1,0,Sunny,Lunch,Host,139,6,5,0,5,5.0,15.0,375.0,4.09
2024-05-27,0,Monday,0,1,0,Sunny,Lunch,Cashier,139,5,5,0,5,5.0,14.0,350.0,4.72
2024-05-27,0,Monday,0,1,0,Sunny,Lunch,Dishwasher,139,7,6,0,6,5.0,13.0,390.0,4.09
2024-05-27,0,Monday,0,1,0,Sunny,Dinner,Server,282,36,35,2,33,6.5,14.0,3003.0,3.07
2024-05-27,0,Monday,0,1,0,Sunny,Dinner,Cook,282,18,17,0,17,6.5,20.0,2210.0,4.22
2024-05-27,0,Monday,0,1,0,Sunny,Dinner,Host,282,12,10,0,10,6.5,15.0,975.0,3.56
2024-05-27,0,Monday,0,1,0,Sunny,Dinner,Cashier,282,11,9,1,8,6.5,14.0,728.0,2.88
2024-05-27,0,Monday,0,1,0,Sunny,Dinner,Dishwasher,282,13,12,1,11,6.5,13.0,929.5,3.37
2024-05-28,1,Tuesday,0,0,0,Sunny,Lunch,Server,132,17,16,2,14,5.0,14.0,980.0,3.43
2024-05-28,1,Tuesday,0,0,0,Sunny,Lunch,Cook,132,9,9,0,9,5.0,20.0,900.0,4.92
2024-05-28,1,Tuesday,0,0,0,Sunny,Lunch,Host,132,6,6,0,6,5.0,15.0,450.0,4.68
2024-05-28,1,Tuesday,0,0,0,Sunny,Lunch,Cashier,132,5,4,2,2,5.0,14.0,140.0,2.97
2024-05-28,1,Tuesday,0,0,0,Sunny,Lunch,Dishwasher,132,6,6,0,6,5.0,13.0,390.0,4.72
2024-05-28,1,Tuesday,0,0,0,Sunny,Dinner,Server,140,18,17,0,17,6.5,14.0,1547.0,4.08
2024-05-28,1,Tuesday,0,0,0,Sunny,Dinner,Cook,140,9,9,0,9,6.5,20.0,1170.0,4.81
2024-05-28,1,Tuesday,0,0,0,Sunny,Dinner,Host,140,6,6,0,6,6.5,15.0,585.0,4.71
2024-05-28,1,Tuesday,0,0,0,Sunny,Dinner,Cashier,140,5,5,1,4,6.5,14.0,364.0,4.21
2024-05-28,1,Tuesday,0,0,0,Sunny,Dinner,Dishwasher,140,7,7,0,7,6.5,13.0,591.5,4.66
2024-05-29,2,Wednesday,0,0,0,Sunny,Lunch,Server,87,11,11,1,10,5.0,14.0,700.0,4.25
2024-05-29,2,Wednesday,0,0,0,Sunny,Lunch,Cook,87,6,6,0,6,5.0,20.0,600.0,4.65
2024-05-29,2,Wednesday,0,0,0,Sunny,Lunch,Host,87,4,4,0,4,5.0,15.0,300.0,4.91
2024-05-29,2,Wednesday,0,0,0,Sunny,Lunch,Cashier,87,4,5,0,5,5.0,14.0,350.0,4.9
2024-05-29,2,Wednesday,0,0,0,Sunny,Lunch,Dishwasher,87,4,4,1,3,5.0,13.0,195.0,4.12
2024-05-29,2,Wednesday,0,0,0,Sunny,Dinner,Server,165,21,20,0,20,6.5,14.0,1820.0,4.0
2024-05-29,2,Wednesday,0,0,0,Sunny,Dinner,Cook,165,11,11,1,10,6.5,20.0,1300.0,3.91
2024-05-29,2,Wednesday,0,0,0,Sunny,Dinner,Host,165,7,6,0,6,6.5,15.0,585.0,4.21
2024-05-29,2,Wednesday,0,0,0,Sunny,Dinner,Cashier,165,6,6,0,6,6.5,14.0,546.0,4.58
2024-05-29,2,Wednesday,0,0,0,Sunny,Dinner,Dishwasher,165,8,8,0,8,6.5,13.0,676.0,4.97
2024-05-30,3,Thursday,0,0,0,Rainy,Lunch,Server,67,9,10,1,9,5.0,14.0,630.0,4.62
2024-05-30,3,Thursday,0,0,0,Rainy,Lunch,Cook,67,5,5,1,4,5.0,20.0,400.0,4.27
2024-05-30,3,Thursday,0,0,0,Rainy,Lunch,Host,67,3,3,0,3,5.0,15.0,225.0,4.75
2024-05-30,3,Thursday,0,0,0,Rainy,Lunch,Cashier,67,3,3,0,3,5.0,14.0,210.0,4.91
2024-05-30,3,Thursday,0,0,0,Rainy,Lunch,Dishwasher,67,4,4,0,4,5.0,13.0,260.0,4.85
2024-05-30,3,Thursday,0,0,0,Rainy,Dinner,Server,153,20,20,1,19,6.5,14.0,1729.0,4.14
2024-05-30,3,Thursday,0,0,0,Rainy,Dinner,Cook,153,10,11,0,11,6.5,20.0,1430.0,4.86
2024-05-30,3,Thursday,0,0,0,Rainy,Dinner,Host,153,7,8,0,8,6.5,15.0,780.0,4.62
2024-05-30,3,Thursday,0,0,0,Rainy,Dinner,Cashier,153,6,6,1,5,6.5,14.0,455.0,3.91
2024-05-30,3,Thursday,0,0,0,Rainy,Dinner,Dishwasher,153,7,8,1,7,6.5,13.0,591.5,4.72
2024-05-31,4,Friday,1,0,1,Sunny,Lunch,Server,145,19,19,1,18,5.0,14.0,1260.0,4.14
2024-05-31,4,Friday,1,0,1,Sunny,Lunch,Cook,145,10,10,0,10,5.0,20.0,1000.0,4.51
2024-05-31,4,Friday,1,0,1,Sunny,Lunch,Host,145,6,6,0,6,5.0,15.0,450.0,4.59
2024-05-31,4,Friday,1,0,1,Sunny,Lunch,Cashier,145,6,5,0,5,5.0,14.0,350.0,4.24
2024-05-31,4,Friday,1,0,1,Sunny,Lunch,Dishwasher,145,7,8,1,7,5.0,13.0,455.0,4.7
2024-05-31,4,Friday,1,0,1,Sunny,Dinner,Server,311,39,37,3,34,6.5,14.0,3094.0,1.18
2024-05-31,4,Friday,1,0,1,Sunny,Dinner,Cook,311,20,18,0,18,6.5,20.0,2340.0,3.32
2024-05-31,4,Friday,1,0,1,Sunny,Dinner,Host,311,13,13,2,11,6.5,15.0,1072.5,3.71
2024-05-31,4,Friday,1,0,1,Sunny,Dinner,Cashier,311,12,11,0,11,6.5,14.0,1001.0,4.13
2024-05-31,4,Friday,1,0,1,Sunny,Dinner,Dishwasher,311,15,14,1,13,6.5,13.0,1098.5,3.67
2024-06-01,5,Saturday,1,0,0,Cloudy,Lunch,Server,105,14,15,3,12,5.0,14.0,840.0,3.83
2024-06-01,5,Saturday,1,0,0,Cloudy,Lunch,Cook,105,7,8,0,8,5.0,20.0,800.0,4.5
2024-06-01,5,Saturday,1,0,0,Cloudy,Lunch,Host,105,5,6,1,5,5.0,15.0,375.0,4.82
2024-06-01,5,Saturday,1,0,0,Cloudy,Lunch,Cashier,105,4,4,0,4,5.0,14.0,280.0,4.81
2024-06-01,5,Saturday,1,0,0,Cloudy,Lunch,Dishwasher,105,5,6,1,5,5.0,13.0,325.0,4.97
2024-06-01,5,Saturday,1,0,0,Cloudy,Dinner,Server,233,30,30,1,29,6.5,14.0,2639.0,4.11
2024-06-01,5,Saturday,1,0,0,Cloudy,Dinner,Cook,233,15,14,0,14,6.5,20.0,1820.0,4.01
2024-06-01,5,Saturday,1,0,0,Cloudy,Dinner,Host,233,10,10,0,10,6.5,15.0,975.0,4.86
2024-06-01,5,Saturday,1,0,0,Cloudy,Dinner,Cashier,233,9,7,1,6,6.5,14.0,546.0,3.0
2024-06-01,5,Saturday,1,0,0,Cloudy,Dinner,Dishwasher,233,11,9,2,7,6.5,13.0,591.5,2.45
2024-06-02,6,Sunday,1,0,0,Sunny,Lunch,Server,116,15,16,1,15,5.0,14.0,1050.0,4.78
2024-06-02,6,Sunday,1,0,0,Sunny,Lunch,Cook,116,8,8,0,8,5.0,20.0,800.0,4.92
2024-06-02,6,Sunday,1,0,0,Sunny,Lunch,Host,116,5,6,0,6,5.0,15.0,450.0,4.81
2024-06-02,6,Sunday,1,0,0,Sunny,Lunch,Cashier,116,5,5,0,5,5.0,14.0,350.0,4.87
2024-06-02,6,Sunday,1,0,0,Sunny,Lunch,Dishwasher,116,6,6,0,6,5.0,13.0,390.0,4.87
2024-06-02,6,Sunday,1,0,0,Sunny,Dinner,Server,181,23,23,1,22,6.5,14.0,2002.0,4.15
2024-06-02,6,Sunday,1,0,0,Sunny,Dinner,Cook,181,12,11,1,10,6.5,20.0,1300.0,3.49
2024-06-02,6,Sunday,1,0,0,Sunny,Dinner,Host,181,8,8,0,8,6.5,15.0,780.0,4.76
2024-06-02,6,Sunday,1,0,0,Sunny,Dinner,Cashier,181,7,6,1,5,6.5,14.0,455.0,3.56
2024-06-02,6,Sunday,1,0,0,Sunny,Dinner,Dishwasher,181,9,9,1,8,6.5,13.0,676.0,4.21
2024-06-03,0,Monday,0,0,0,Sunny,Lunch,Server,106,14,14,0,14,5.0,14.0,980.0,4.97
2024-06-03,0,Monday,0,0,0,Sunny,Lunch,Cook,106,7,7,1,6,5.0,20.0,600.0,4.25
2024-06-03,0,Monday,0,0,0,Sunny,Lunch,Host,106,5,6,0,6,5.0,15.0,450.0,5.0
2024-06-03,0,Monday,0,0,0,Sunny,Lunch,Cashier,106,4,5,0,5,5.0,14.0,350.0,4.82
2024-06-03,0,Monday,0,0,0,Sunny,Lunch,Dishwasher,106,5,6,0,6,5.0,13.0,390.0,4.7
2024-06-03,0,Monday,0,0,0,Sunny,Dinner,Server,220,28,27,1,26,6.5,14.0,2366.0,3.5
2024-06-03,0,Monday,0,0,0,Sunny,Dinner,Cook,220,14,12,1,11,6.5,20.0,1430.0,2.74
2024-06-03,0,Monday,0,0,0,Sunny,Dinner,Host,220,9,8,0,8,6.5,15.0,780.0,3.92
2024-06-03,0,Monday,0,0,0,Sunny,Dinner,Cashier,220,8,7,0,7,6.5,14.0,637.0,4.1
2024-06-03,0,Monday,0,0,0,Sunny,Dinner,Dishwasher,220,10,8,1,7,6.5,13.0,591.5,2.96
2024-06-04,1,Tuesday,0,0,0,Sunny,Lunch,Server,98,13,13,0,13,5.0,14.0,910.0,4.82
2024-06-04,1,Tuesday,0,0,0,Sunny,Lunch,Cook,98,7,8,0,8,5.0,20.0,800.0,4.8
2024-06-04,1,Tuesday,0,0,0,Sunny,Lunch,Host,98,4,5,0,5,5.0,15.0,375.0,4.8
2024-06-04,1,Tuesday,0,0,0,Sunny,Lunch,Cashier,98,4,5,0,5,5.0,14.0,350.0,4.65
2024-06-04,1,Tuesday,0,0,0,Sunny,Lunch,Dishwasher,98,5,5,1,4,5.0,13.0,260.0,4.07
2024-06-04,1,Tuesday,0,0,0,Sunny,Dinner,Server,166,21,20,1,19,6.5,14.0,1729.0,3.61
2024-06-04,1,Tuesday,0,0,0,Sunny,Dinner,Cook,166,11,11,0,11,6.5,20.0,1430.0,5.0
2024-06-04,1,Tuesday,0,0,0,Sunny,Dinner,Host,166,7,7,0,7,6.5,15.0,682.5,4.69
2024-06-04,1,Tuesday,0,0,0,Sunny,Dinner,Cashier,166,6,5,0,5,6.5,14.0,455.0,4.18
2024-06-04,1,Tuesday,0,0,0,Sunny,Dinner,Dishwasher,166,8,8,0,8,6.5,13.0,676.0,4.69
2024-06-05,2,Wednesday,0,0,0,Rainy,Lunch,Server,81,11,11,1,10,5.0,14.0,700.0,4.34
2024-06-05,2,Wednesday,0,0,0,Rainy,Lunch,Cook,81,6,6,0,6,5.0,20.0,600.0,4.98
2024-06-05,2,Wednesday,0,0,0,Rainy,Lunch,Host,81,4,5,0,5,5.0,15.0,375.0,4.67
2024-06-05,2,Wednesday,0,0,0,Rainy,Lunch,Cashier,81,3,3,0,3,5.0,14.0,210.0,4.67
2024-06-05,2,Wednesday,0,0,0,Rainy,Lunch,Dishwasher,81,4,5,0,5,5.0,13.0,325.0,4.75
2024-06-05,2,Wednesday,0,0,0,Rainy,Dinner,Server,145,19,20,0,20,6.5,14.0,1820.0,4.77
2024-06-05,2,Wednesday,0,0,0,Rainy,Dinner,Cook,145,10,10,0,10,6.5,20.0,1300.0,5.0
2024-06-05,2,Wednesday,0,0,0,Rainy,Dinner,Host,145,6,5,1,4,6.5,15.0,390.0,3.63
2024-06-05,2,Wednesday,0,0,0,Rainy,Dinner,Cashier,145,6,5,0,5,6.5,14.0,455.0,4.29
2024-06-05,2,Wednesday,0,0,0,Rainy,Dinner,Dishwasher,145,7,6,0,6,6.5,13.0,507.0,4.31
2024-06-06,3,Thursday,0,0,0,Sunny,Lunch,Server,95,12,12,2,10,5.0,14.0,700.0,3.66
2024-06-06,3,Thursday,0,0,0,Sunny,Lunch,Cook,95,6,6,0,6,5.0,20.0,600.0,4.9
2024-06-06,3,Thursday,0,0,0,Sunny,Lunch,Host,95,4,5,1,4,5.0,15.0,300.0,4.77
2024-06-06,3,Thursday,0,0,0,Sunny,Lunch,Cashier,95,4,4,0,4,5.0,14.0,280.0,4.83
2024-06-06,3,Thursday,0,0,0,Sunny,Lunch,Dishwasher,95,5,5,1,4,5.0,13.0,260.0,4.1
2024-06-06,3,Thursday,0,0,0,Sunny,Dinner,Server,151,19,20,1,19,6.5,14.0,1729.0,4.96
2024-06-06,3,Thursday,0,0,0,Sunny,Dinner,Cook,151,10,9,0,9,6.5,20.0,1170.0,4.11
2024-06-06,3,Thursday,0,0,0,Sunny,Dinner,Host,151,7,7,0,7,6.5,15.0,682.5,4.88
2024-06-06,3,Thursday,0,0,0,Sunny,Dinner,Cashier,151,6,6,0,6,6.5,14.0,546.0,4.7
2024-06-06,3,Thursday,0,0,0,Sunny,Dinner,Dishwasher,151,7,7,0,7,6.5,13.0,591.5,4.87
2024-06-07,4,Friday,1,0,0,Sunny,Lunch,Server,94,12,12,0,12,5.0,14.0,840.0,5.0
2024-06-07,4,Friday,1,0,0,Sunny,Lunch,Cook,94,6,6,0,6,5.0,20.0,600.0,4.97
2024-06-07,4,Friday,1,0,0,Sunny,Lunch,Host,94,4,4,0,4,5.0,15.0,300.0,4.87
2024-06-07,4,Friday,1,0,0,Sunny,Lunch,Cashier,94,4,5,0,5,5.0,14.0,350.0,4.79
2024-06-07,4,Friday,1,0,0,Sunny,Lunch,Dishwasher,94,5,5,0,5,5.0,13.0,325.0,4.81
2024-06-07,4,Friday,1,0,0,Sunny,Dinner,Server,207,26,27,3,24,6.5,14.0,2184.0,3.23
2024-06-07,4,Friday,1,0,0,Sunny,Dinner,Cook,207,13,13,2,11,6.5,20.0,1430.0,3.51
2024-06-07,4,Friday,1,0,0,Sunny,Dinner,Host,207,9,10,0,10,6.5,15.0,975.0,4.87
2024-06-07,4,Friday,1,0,0,Sunny,Dinner,Cashier,207,8,7,1,6,6.5,14.0,546.0,3.36
2024-06-07,4,Friday,1,0,0,Sunny,Dinner,Dishwasher,207,10,10,1,9,6.5,13.0,760.5,3.96
2024-06-08,5,Saturday,1,0,0,Sunny,Lunch,Server,97,13,13,1,12,5.0,14.0,840.0,4.39
2024-06-08,5,Saturday,1,0,0,Sunny,Lunch,Cook,97,7,7,1,6,5.0,20.0,600.0,4.32
2024-06-08,5,Saturday,1,0,0,Sunny,Lunch,Host,97,4,5,1,4,5.0,15.0,300.0,4.73
2024-06-08,5,Saturday,1,0,0,Sunny,Lunch,Cashier,97,4,5,0,5,5.0,14.0,350.0,4.83
2024-06-08,5,Saturday,1,0,0,Sunny,Lunch,Dishwasher,97,5,5,0,5,5.0,13.0,325.0,5.0
2024-06-08,5,Saturday,1,0,0,Sunny,Dinner,Server,248,31,30,4,26,6.5,14.0,2366.0,2.22
2024-06-08,5,Saturday,1,0,0,Sunny,Dinner,Cook,248,16,15,0,15,6.5,20.0,1950.0,4.21
2024-06-08,5,Saturday,1,0,0,Sunny,Dinner,Host,248,10,9,2,7,6.5,15.0,682.5,3.42
2024-06-08,5,Saturday,1,0,0,Sunny,Dinner,Cashier,248,9,8,0,8,6.5,14.0,728.0,4.11
2024-06-08,5,Saturday,1,0,0,Sunny,Dinner,Dishwasher,248,12,12,0,12,6.5,13.0,1014.0,4.86
2024-06-09,6,Sunday,1,0,0,Rainy,Lunch,Server,87,11,12,0,12,5.0,14.0,840.0,4.93
2024-06-09,6,Sunday,1,0,0,Rainy,Lunch,Cook,87,6,7,0,7,5.0,20.0,700.0,4.79
2024-06-09,6,Sunday,1,0,0,Rainy,Lunch,Host,87,4,5,0,5,5.0,15.0,375.0,4.81
2024-06-09,6,Sunday,1,0,0,Rainy,Lunch,Cashier,87,4,5,0,5,5.0,14.0,350.0,4.78
2024-06-09,6,Sunday,1,0,0,Rainy,Lunch,Dishwasher,87,4,5,0,5,5.0,13.0,325.0,4.98
2024-06-09,6,Sunday,1,0,0,Rainy,Dinner,Server,187,24,25,2,23,6.5,14.0,2093.0,4.19
2024-06-09,6,Sunday,1,0,0,Rainy,Dinner,Cook,187,12,12,0,12,6.5,20.0,1560.0,4.72
2024-06-09,6,Sunday,1,0,0,Rainy,Dinner,Host,187,8,8,1,7,6.5,15.0,682.5,4.17
2024-06-09,6,Sunday,1,0,0,Rainy,Dinner,Cashier,187,7,7,1,6,6.5,14.0,546.0,3.85
2024-06-09,6,Sunday,1,0,0,Rainy,Dinner,Dishwasher,187,9,9,1,8,6.5,13.0,676.0,4.38
2024-06-10,0,Monday,0,0,0,Rainy,Lunch,Server,77,10,11,1,10,5.0,14.0,700.0,5.0
2024-06-10,0,Monday,0,0,0,Rainy,Lunch,Cook,77,5,6,0,6,5.0,20.0,600.0,4.74
2024-06-10,0,Monday,0,0,0,Rainy,Lunch,Host,77,4,5,0,5,5.0,15.0,375.0,4.75
2024-06-10,0,Monday,0,0,0,Rainy,Lunch,Cashier,77,3,3,0,3,5.0,14.0,210.0,4.63
2024-06-10,0,Monday,0,0,0,Rainy,Lunch,Dishwasher,77,4,4,0,4,5.0,13.0,260.0,4.75
2024-06-10,0,Monday,0,0,0,Rainy,Dinner,Server,149,19,20,1,19,6.5,14.0,1729.0,4.76
2024-06-10,0,Monday,0,0,0,Rainy,Dinner,Cook,149,10,11,0,11,6.5,20.0,1430.0,4.69
2024-06-10,0,Monday,0,0,0,Rainy,Dinner,Host,149,6,5,1,4,6.5,15.0,390.0,3.74
2024-06-10,0,Monday,0,0,0,Rainy,Dinner,Cashier,149,6,5,0,5,6.5,14.0,455.0,4.07
2024-06-10,0,Monday,0,0,0,Rainy,Dinner,Dishwasher,149,7,7,0,7,6.5,13.0,591.5,4.77
2024-06-11,1,Tuesday,0,0,0,Sunny,Lunch,Server,87,11,12,0,12,5.0,14.0,840.0,4.53
2024-06-11,1,Tuesday,0,0,0,Sunny,Lunch,Cook,87,6,7,0,7,5.0,20.0,700.0,4.74
2024-06-11,1,Tuesday,0,0,0,Sunny,Lunch,Host,87,4,5,0,5,5.0,15.0,375.0,4.73
2024-06-11,1,Tuesday,0,0,0,Sunny,Lunch,Cashier,87,4,5,0,5,5.0,14.0,350.0,4.86
2024-06-11,1,Tuesday,0,0,0,Sunny,Lunch,Dishwasher,87,4,4,0,4,5.0,13.0,260.0,4.76
2024-06-11,1,Tuesday,0,0,0,Sunny,Dinner,Server,174,22,22,0,22,6.5,14.0,2002.0,4.83
2024-06-11,1,Tuesday,0,0,0,Sunny,Dinner,Cook,174,11,12,0,12,6.5,20.0,1560.0,4.83
2024-06-11,1,Tuesday,0,0,0,Sunny,Dinner,Host,174,7,8,0,8,6.5,15.0,780.0,4.76
2024-06-11,1,Tuesday,0,0,0,Sunny,Dinner,Cashier,174,7,7,0,7,6.5,14.0,637.0,4.74
2024-06-11,1,Tuesday,0,0,0,Sunny,Dinner,Dishwasher,174,8,8,0,8,6.5,13.0,676.0,4.76
2024-06-12,2,Wednesday,0,0,0,Cloudy,Lunch,Server,75,10,11,1,10,5.0,14.0,700.0,4.61
2024-06-12,2,Wednesday,0,0,0,Cloudy,Lunch,Cook,75,5,5,0,5,5.0,20.0,500.0,4.7
2024-06-12,2,Wednesday,0,0,0,Cloudy,Lunch,Host,75,3,3,0,3,5.0,15.0,225.0,4.8
2024-06-12,2,Wednesday,0,0,0,Cloudy,Lunch,Cashier,75,3,3,0,3,5.0,14.0,210.0,4.72
2024-06-12,2,Wednesday,0,0,0,Cloudy,Lunch,Dishwasher,75,4,5,0,5,5.0,13.0,325.0,4.88
2024-06-12,2,Wednesday,0,0,0,Cloudy,Dinner,Server,201,26,25,1,24,6.5,14.0,2184.0,3.21
2024-06-12,2,Wednesday,0,0,0,Cloudy,Dinner,Cook,201,13,13,0,13,6.5,20.0,1690.0,4.84
2024-06-12,2,Wednesday,0,0,0,Cloudy,Dinner,Host,201,9,9,2,7,6.5,15.0,682.5,3.73
2024-06-12,2,Wednesday,0,0,0,Cloudy,Dinner,Cashier,201,8,8,1,7,6.5,14.0,637.0,4.0
2024-06-12,2,Wednesday,0,0,0,Cloudy,Dinner,Dishwasher,201,10,11,0,11,6.5,13.0,929.5,4.72
2024-06-13,3,Thursday,0,0,0,Cloudy,Lunch,Server,94,12,12,1,11,5.0,14.0,770.0,4.1
2024-06-13,3,Thursday,0,0,0,Cloudy,Lunch,Cook,94,6,6,0,6,5.0,20.0,600.0,4.48
2024-06-13,3,Thursday,0,0,0,Cloudy,Lunch,Host,94,4,4,0,4,5.0,15.0,300.0,4.84
2024-06-13,3,Thursday,0,0,0,Cloudy,Lunch,Cashier,94,4,4,0,4,5.0,14.0,280.0,4.83
2024-06-13,3,Thursday,0,0,0,Cloudy,Lunch,Dishwasher,94,5,5,1,4,5.0,13.0,260.0,4.12
2024-06-13,3,Thursday,0,0,0,Cloudy,Dinner,Server,165,21,21,3,18,6.5,14.0,1638.0,3.16
2024-06-13,3,Thursday,0,0,0,Cloudy,Dinner,Cook,165,11,11,0,11,6.5,20.0,1430.0,4.61
2024-06-13,3,Thursday,0,0,0,Cloudy,Dinner,Host,165,7,7,0,7,6.5,15.0,682.5,4.62
2024-06-13,3,Thursday,0,0,0,Cloudy,Dinner,Cashier,165,6,5,0,5,6.5,14.0,455.0,4.08
2024-06-13,3,Thursday,0,0,0,Cloudy,Dinner,Dishwasher,165,8,8,0,8,6.5,13.0,676.0,4.82
2024-06-14,4,Friday,1,0,0,Sunny,Lunch,Server,109,14,14,1,13,5.0,14.0,910.0,4.14
2024-06-14,4,Friday,1,0,0,Sunny,Lunch,Cook,109,7,7,0,7,5.0,20.0,700.0,4.51
2024-06-14,4,Friday,1,0,0,Sunny,Lunch,Host,109,5,6,0,6,5.0,15.0,450.0,4.85
2024-06-14,4,Friday,1,0,0,Sunny,Lunch,Cashier,109,4,4,0,4,5.0,14.0,280.0,4.54
2024-06-14,4,Friday,1,0,0,Sunny,Lunch,Dishwasher,109,5,5,0,5,5.0,13.0,325.0,4.8
2024-06-14,4,Friday,1,0,0,Sunny,Dinner,Server,275,35,35,3,32,6.5,14.0,2912.0,3.31
2024-06-14,4,Friday,1,0,0,Sunny,Dinner,Cook,275,18,18,1,17,6.5,20.0,2210.0,4.18
2024-06-14,4,Friday,1,0,0,Sunny,Dinner,Host,275,11,10,0,10,6.5,15.0,975.0,4.08
2024-06-14,4,Friday,1,0,0,Sunny,Dinner,Cashier,275,10,10,1,9,6.5,14.0,819.0,4.33
2024-06-14,4,Friday,1,0,0,Sunny,Dinner,Dishwasher,275,13,13,2,11,6.5,13.0,929.5,3.39
2024-06-15,5,Saturday,1,0,0,Sunny,Lunch,Server,95,12,13,1,12,5.0,14.0,840.0,4.65
2024-06-15,5,Saturday,1,0,0,Sunny,Lunch,Cook,95,6,7,0,7,5.0,20.0,700.0,4.76
2024-06-15,5,Saturday,1,0,0,Sunny,Lunch,Host,95,4,5,0,5,5.0,15.0,375.0,4.73
2024-06-15,5,Saturday,1,0,0,Sunny,Lunch,Cashier,95,4,5,1,4,5.0,14.0,280.0,4.76
2024-06-15,5,Saturday,1,0,0,Sunny,Lunch,Dishwasher,95,5,6,1,5,5.0,13.0,325.0,4.71
2024-06-15,5,Saturday,1,0,0,Sunny,Dinner,Server,251,32,31,0,31,6.5,14.0,2821.0,4.22
2024-06-15,5,Saturday,1,0,0,Sunny,Dinner,Cook,251,16,16,2,14,6.5,20.0,1820.0,3.99
2024-06-15,5,Saturday,1,0,0,Sunny,Dinner,Host,251,11,11,1,10,6.5,15.0,975.0,4.36
2024-06-15,5,Saturday,1,0,0,Sunny,Dinner,Cashier,251,9,9,0,9,6.5,14.0,819.0,4.71
2024-06-15,5,Saturday,1,0,0,Sunny,Dinner,Dishwasher,251,12,11,1,10,6.5,13.0,845.0,3.56
2024-06-16,6,Sunday,1,1,0,Sunny,Lunch,Server,107,14,15,2,13,5.0,14.0,910.0,4.24
2024-06-16,6,Sunday,1,1,0,Sunny,Lunch,Cook,107,7,8,0,8,5.0,20.0,800.0,4.91
2024-06-16,6,Sunday,1,1,0,Sunny,Lunch,Host,107,5,5,1,4,5.0,15.0,300.0,4.07
2024-06-16,6,Sunday,1,1,0,Sunny,Lunch,Cashier,107,4,5,1,4,5.0,14.0,280.0,4.91
2024-06-16,6,Sunday,1,1,0,Sunny,Lunch,Dishwasher,107,5,6,0,6,5.0,13.0,390.0,4.77
2024-06-16,6,Sunday,1,1,0,Sunny,Dinner,Server,298,38,37,1,36,6.5,14.0,3276.0,3.65
2024-06-16,6,Sunday,1,1,0,Sunny,Dinner,Cook,298,19,19,2,17,6.5,20.0,2210.0,3.66
2024-06-16,6,Sunday,1,1,0,Sunny,Dinner,Host,298,12,10,1,9,6.5,15.0,877.5,2.9
2024-06-16,6,Sunday,1,1,0,Sunny,Dinner,Cashier,298,11,9,0,9,6.5,14.0,819.0,3.82
2024-06-16,6,Sunday,1,1,0,Sunny,Dinner,Dishwasher,298,14,12,2,10,6.5,13.0,845.0,2.57
2024-06-17,0,Monday,0,0,0,Sunny,Lunch,Server,120,15,15,2,13,5.0,14.0,910.0,3.64
2024-06-17,0,Monday,0,0,0,Sunny,Lunch,Cook,120,8,8,0,8,5.0,20.0,800.0,4.83
2024-06-17,0,Monday,0,0,0,Sunny,Lunch,Host,120,5,5,0,5,5.0,15.0,375.0,4.73
2024-06-17,0,Monday,0,0,0,Sunny,Lunch,Cashier,120,5,5,0,5,5.0,14.0,350.0,4.68
2024-06-17,0,Monday,0,0,0,Sunny,Lunch,Dishwasher,120,6,6,1,5,5.0,13.0,325.0,4.02
2024-06-17,0,Monday,0,0,0,Sunny,Dinner,Server,151,19,18,1,17,6.5,14.0,1547.0,3.57
2024-06-17,0,Monday,0,0,0,Sunny,Dinner,Cook,151,10,11,1,10,6.5,20.0,1300.0,4.87
2024-06-17,0,Monday,0,0,0,Sunny,Dinner,Host,151,7,7,1,6,6.5,15.0,585.0,4.15
2024-06-17,0,Monday,0,0,0,Sunny,Dinner,Cashier,151,6,6,1,5,6.5,14.0,455.0,4.29
2024-06-17,0,Monday,0,0,0,Sunny,Dinner,Dishwasher,151,7,6,0,6,6.5,13.0,507.0,4.49
2024-06-18,1,Tuesday,0,0,0,Sunny,Lunch,Server,104,13,13,1,12,5.0,14.0,840.0,4.12
2024-06-18,1,Tuesday,0,0,0,Sunny,Lunch,Cook,104,7,7,0,7,5.0,20.0,700.0,4.93
2024-06-18,1,Tuesday,0,0,0,Sunny,Lunch,Host,104,5,5,0,5,5.0,15.0,375.0,4.7
2024-06-18,1,Tuesday,0,0,0,Sunny,Lunch,Cashier,104,4,5,0,5,5.0,14.0,350.0,4.66
2024-06-18,1,Tuesday,0,0,0,Sunny,Lunch,Dishwasher,104,5,5,0,5,5.0,13.0,325.0,4.74
2024-06-18,1,Tuesday,0,0,0,Sunny,Dinner,Server,169,22,21,2,19,6.5,14.0,1729.0,2.99
2024-06-18,1,Tuesday,0,0,0,Sunny,Dinner,Cook,169,11,10,1,9,6.5,20.0,1170.0,3.89
2024-06-18,1,Tuesday,0,0,0,Sunny,Dinner,Host,169,7,7,0,7,6.5,15.0,682.5,4.77
2024-06-18,1,Tuesday,0,0,0,Sunny,Dinner,Cashier,169,7,7,0,7,6.5,14.0,637.0,4.66
2024-06-18,1,Tuesday,0,0,0,Sunny,Dinner,Dishwasher,169,8,8,2,6,6.5,13.0,507.0,3.55
2024-06-19,2,Wednesday,0,0,0,Sunny,Lunch,Server,100,13,13,0,13,5.0,14.0,910.0,4.69
2024-06-19,2,Wednesday,0,0,0,Sunny,Lunch,Cook,100,7,7,1,6,5.0,20.0,600.0,3.98
2024-06-19,2,Wednesday,0,0,0,Sunny,Lunch,Host,100,4,4,0,4,5.0,15.0,300.0,4.78
2024-06-19,2,Wednesday,0,0,0,Sunny,Lunch,Cashier,100,4,4,1,3,5.0,14.0,210.0,4.05
2024-06-19,2,Wednesday,0,0,0,Sunny,Lunch,Dishwasher,100,5,6,1,5,5.0,13.0,325.0,4.76
2024-06-19,2,Wednesday,0,0,0,Sunny,Dinner,Server,162,21,20,1,19,6.5,14.0,1729.0,3.29
2024-06-19,2,Wednesday,0,0,0,Sunny,Dinner,Cook,162,11,10,2,8,6.5,20.0,1040.0,3.24
2024-06-19,2,Wednesday,0,0,0,Sunny,Dinner,Host,162,7,7,0,7,6.5,15.0,682.5,4.78
2024-06-19,2,Wednesday,0,0,0,Sunny,Dinner,Cashier,162,6,6,2,4,6.5,14.0,364.0,3.88
2024-06-19,2,Wednesday,0,0,0,Sunny,Dinner,Dishwasher,162,8,8,2,6,6.5,13.0,507.0,3.59
2024-06-20,3,Thursday,0,0,0,Sunny,Lunch,Server,116,15,15,0,15,5.0,14.0,1050.0,4.92
2024-06-20,3,Thursday,0,0,0,Sunny,Lunch,Cook,116,8,8,0,8,5.0,20.0,800.0,4.76
2024-06-20,3,Thursday,0,0,0,Sunny,Lunch,Host,116,5,5,0,5,5.0,15.0,375.0,4.97
2024-06-20,3,Thursday,0,0,0,Sunny,Lunch,Cashier,116,5,5,1,4,5.0,14.0,280.0,4.23
2024-06-20,3,Thursday,0,0,0,Sunny,Lunch,Dishwasher,116,6,6,1,5,5.0,13.0,325.0,4.0
2024-06-20,3,Thursday,0,0,0,Sunny,Dinner,Server,183,23,24,2,22,6.5,14.0,2002.0,4.22
2024-06-20,3,Thursday,0,0,0,Sunny,Dinner,Cook,183,12,13,1,12,6.5,20.0,1560.0,4.84
2024-06-20,3,Thursday,0,0,0,Sunny,Dinner,Host,183,8,8,0,8,6.5,15.0,780.0,4.45
2024-06-20,3,Thursday,0,0,0,Sunny,Dinner,Cashier,183,7,8,0,8,6.5,14.0,728.0,4.65
2024-06-20,3,Thursday,0,0,0,Sunny,Dinner,Dishwasher,183,9,9,0,9,6.5,13.0,760.5,5.0
2024-06-21,4,Friday,1,0,0,Cloudy,Lunch,Server,114,15,15,1,14,5.0,14.0,980.0,3.97
2024-06-21,4,Friday,1,0,0,Cloudy,Lunch,Cook,114,8,8,0,8,5.0,20.0,800.0,4.71
2024-06-21,4,Friday,1,0,0,Cloudy,Lunch,Host,114,5,6,0,6,5.0,15.0,450.0,4.65
2024-06-21,4,Friday,1,0,0,Cloudy,Lunch,Cashier,114,5,4,0,4,5.0,14.0,280.0,4.14
2024-06-21,4,Friday,1,0,0,Cloudy,Lunch,Dishwasher,114,6,7,0,7,5.0,13.0,455.0,4.58
2024-06-21,4,Friday,1,0,0,Cloudy,Dinner,Server,179,23,23,3,20,6.5,14.0,1820.0,3.55
2024-06-21,4,Friday,1,0,0,Cloudy,Dinner,Cook,179,12,12,2,10,6.5,20.0,1300.0,3.59
2024-06-21,4,Friday,1,0,0,Cloudy,Dinner,Host,179,8,8,0,8,6.5,15.0,780.0,4.99
2024-06-21,4,Friday,1,0,0,Cloudy,Dinner,Cashier,179,7,7,1,6,6.5,14.0,546.0,4.15
2024-06-21,4,Friday,1,0,0,Cloudy,Dinner,Dishwasher,179,9,9,1,8,6.5,13.0,676.0,4.21
2024-06-22,5,Saturday,1,0,0,Cloudy,Lunch,Server,112,14,15,0,15,5.0,14.0,1050.0,4.89
2024-06-22,5,Saturday,1,0,0,Cloudy,Lunch,Cook,112,7,7,0,7,5.0,20.0,700.0,4.81
2024-06-22,5,Saturday,1,0,0,Cloudy,Lunch,Host,112,5,5,0,5,5.0,15.0,375.0,4.61
2024-06-22,5,Saturday,1,0,0,Cloudy,Lunch,Cashier,112,4,4,0,4,5.0,14.0,280.0,4.89
2024-06-22,5,Saturday,1,0,0,Cloudy,Lunch,Dishwasher,112,6,7,0,7,5.0,13.0,455.0,4.99
2024-06-22,5,Saturday,1,0,0,Cloudy,Dinner,Server,276,35,34,3,31,6.5,14.0,2821.0,2.41
2024-06-22,5,Saturday,1,0,0,Cloudy,Dinner,Cook,276,18,17,0,17,6.5,20.0,2210.0,4.11
2024-06-22,5,Saturday,1,0,0,Cloudy,Dinner,Host,276,12,11,0,11,6.5,15.0,1072.5,4.21
2024-06-22,5,Saturday,1,0,0,Cloudy,Dinner,Cashier,276,10,9,0,9,6.5,14.0,819.0,4.06
2024-06-22,5,Saturday,1,0,0,Cloudy,Dinner,Dishwasher,276,13,13,1,12,6.5,13.0,1014.0,4.19
2024-06-23,6,Sunday,1,0,0,Sunny,Lunch,Server,137,18,18,0,18,5.0,14.0,1260.0,4.91
2024-06-23,6,Sunday,1,0,0,Sunny,Lunch,Cook,137,9,8,0,8,5.0,20.0,800.0,4.14
2024-06-23,6,Sunday,1,0,0,Sunny,Lunch,Host,137,6,5,0,5,5.0,15.0,375.0,4.19
2024-06-23,6,Sunday,1,0,0,Sunny,Lunch,Cashier,137,5,4,0,4,5.0,14.0,280.0,3.98
2024-06-23,6,Sunday,1,0,0,Sunny,Lunch,Dishwasher,137,7,6,1,5,5.0,13.0,325.0,3.77
2024-06-23,6,Sunday,1,0,0,Sunny,Dinner,Server,176,22,21,1,20,6.5,14.0,1820.0,3.48
2024-06-23,6,Sunday,1,0,0,Sunny,Dinner,Cook,176,11,11,0,11,6.5,20.0,1430.0,5.0
2024-06-23,6,Sunday,1,0,0,Sunny,Dinner,Host,176,8,8,0,8,6.5,15.0,780.0,4.84
2024-06-23,6,Sunday,1,0,0,Sunny,Dinner,Cashier,176,7,8,1,7,6.5,14.0,637.0,4.63
2024-06-23,6,Sunday,1,0,0,Sunny,Dinner,Dishwasher,176,8,8,1,7,6.5,13.0,591.5,4.05
2024-06-24,0,Monday,0,0,0,Sunny,Lunch,Server,96,12,13,0,13,5.0,14.0,910.0,5.0
2024-06-24,0,Monday,0,0,0,Sunny,Lunch,Cook,96,6,7,0,7,5.0,20.0,700.0,4.83
2024-06-24,0,Monday,0,0,0,Sunny,Lunch,Host,96,4,4,0,4,5.0,15.0,300.0,4.82
2024-06-24,0,Monday,0,0,0,Sunny,Lunch,Cashier,96,4,4,0,4,5.0,14.0,280.0,4.84
2024-06-24,0,Monday,0,0,0,Sunny,Lunch,Dishwasher,96,5,5,1,4,5.0,13.0,260.0,4.14
2024-06-24,0,Monday,0,0,0,Sunny,Dinner,Server,148,19,18,0,18,6.5,14.0,1638.0,4.15
2024-06-24,0,Monday,0,0,0,Sunny,Dinner,Cook,148,10,10,0,10,6.5,20.0,1300.0,4.71
2024-06-24,0,Monday,0,0,0,Sunny,Dinner,Host,148,6,6,0,6,6.5,15.0,585.0,4.74
2024-06-24,0,Monday,0,0,0,Sunny,Dinner,Cashier,148,6,5,0,5,6.5,14.0,455.0,4.06
2024-06-24,0,Monday,0,0,0,Sunny,Dinner,Dishwasher,148,7,6,2,4,6.5,13.0,338.0,2.78
2024-06-25,1,Tuesday,0,0,0,Sunny,Lunch,Server,94,12,12,1,11,5.0,14.0,770.0,4.34
2024-06-25,1,Tuesday,0,0,0,Sunny,Lunch,Cook,94,6,7,1,6,5.0,20.0,600.0,4.76
2024-06-25,1,Tuesday,0,0,0,Sunny,Lunch,Host,94,4,4,0,4,5.0,15.0,300.0,4.68
2024-06-25,1,Tuesday,0,0,0,Sunny,Lunch,Cashier,94,4,4,1,3,5.0,14.0,210.0,4.13
2024-06-25,1,Tuesday,0,0,0,Sunny,Lunch,Dishwasher,94,5,6,0,6,5.0,13.0,390.0,4.67
2024-06-25,1,Tuesday,0,0,0,Sunny,Dinner,Server,194,25,25,2,23,6.5,14.0,2093.0,3.68
2024-06-25,1,Tuesday,0,0,0,Sunny,Dinner,Cook,194,13,13,1,12,6.5,20.0,1560.0,4.08
2024-06-25,1,Tuesday,0,0,0,Sunny,Dinner,Host,194,8,7,0,7,6.5,15.0,682.5,4.02
2024-06-25,1,Tuesday,0,0,0,Sunny,Dinner,Cashier,194,7,7,0,7,6.5,14.0,637.0,4.75
2024-06-25,1,Tuesday,0,0,0,Sunny,Dinner,Dishwasher,194,9,9,1,8,6.5,13.0,676.0,4.07
2024-06-26,2,Wednesday,0,0,0,Sunny,Lunch,Server,112,14,14,1,13,5.0,14.0,910.0,4.01
2024-06-26,2,Wednesday,0,0,0,Sunny,Lunch,Cook,112,7,7,0,7,5.0,20.0,700.0,4.64
2024-06-26,2,Wednesday,0,0,0,Sunny,Lunch,Host,112,5,5,0,5,5.0,15.0,375.0,4.53
2024-06-26,2,Wednesday,0,0,0,Sunny,Lunch,Cashier,112,4,5,0,5,5.0,14.0,350.0,4.85
2024-06-26,2,Wednesday,0,0,0,Sunny,Lunch,Dishwasher,112,6,7,0,7,5.0,13.0,455.0,4.61
2024-06-26,2,Wednesday,0,0,0,Sunny,Dinner,Server,192,24,24,2,22,6.5,14.0,2002.0,3.41
2024-06-26,2,Wednesday,0,0,0,Sunny,Dinner,Cook,192,12,13,0,13,6.5,20.0,1690.0,5.0
2024-06-26,2,Wednesday,0,0,0,Sunny,Dinner,Host,192,8,7,0,7,6.5,15.0,682.5,4.07
2024-06-26,2,Wednesday,0,0,0,Sunny,Dinner,Cashier,192,7,6,1,5,6.5,14.0,455.0,3.62
2024-06-26,2,Wednesday,0,0,0,Sunny,Dinner,Dishwasher,192,9,8,2,6,6.5,13.0,507.0,3.08
2024-06-27,3,Thursday,0,0,0,Sunny,Lunch,Server,87,11,11,0,11,5.0,14.0,770.0,5.0
2024-06-27,3,Thursday,0,0,0,Sunny,Lunch,Cook,87,6,7,1,6,5.0,20.0,600.0,4.93
2024-06-27,3,Thursday,0,0,0,Sunny,Lunch,Host,87,4,4,0,4,5.0,15.0,300.0,4.98
2024-06-27,3,Thursday,0,0,0,Sunny,Lunch,Cashier,87,4,4,1,3,5.0,14.0,210.0,4.0
2024-06-27,3,Thursday,0,0,0,Sunny,Lunch,Dishwasher,87,4,5,0,5,5.0,13.0,325.0,4.74
2024-06-27,3,Thursday,0,0,0,Sunny,Dinner,Server,166,21,21,0,21,6.5,14.0,1911.0,4.6
2024-06-27,3,Thursday,0,0,0,Sunny,Dinner,Cook,166,11,12,1,11,6.5,20.0,1430.0,4.88
2024-06-27,3,Thursday,0,0,0,Sunny,Dinner,Host,166,7,6,0,6,6.5,15.0,585.0,4.19
2024-06-27,3,Thursday,0,0,0,Sunny,Dinner,Cashier,166,6,7,0,7,6.5,14.0,637.0,4.84
2024-06-27,3,Thursday,0,0,0,Sunny,Dinner,Dishwasher,166,8,9,0,9,6.5,13.0,760.5,4.6
2024-06-28,4,Friday,1,0,0,Cloudy,Lunch,Server,128,16,16,1,15,5.0,14.0,1050.0,4.12
2024-06-28,4,Friday,1,0,0,Cloudy,Lunch,Cook,128,8,8,1,7,5.0,20.0,700.0,4.22
2024-06-28,4,Friday,1,0,0,Cloudy,Lunch,Host,128,6,5,0,5,5.0,15.0,375.0,4.31
2024-06-28,4,Friday,1,0,0,Cloudy,Lunch,Cashier,128,5,5,0,5,5.0,14.0,350.0,4.75
2024-06-28,4,Friday,1,0,0,Cloudy,Lunch,Dishwasher,128,6,6,1,5,5.0,13.0,325.0,4.16
2024-06-28,4,Friday,1,0,0,Cloudy,Dinner,Server,206,26,25,1,24,6.5,14.0,2184.0,3.52
2024-06-28,4,Friday,1,0,0,Cloudy,Dinner,Cook,206,13,13,1,12,6.5,20.0,1560.0,3.97
2024-06-28,4,Friday,1,0,0,Cloudy,Dinner,Host,206,9,9,1,8,6.5,15.0,780.0,3.93
2024-06-28,4,Friday,1,0,0,Cloudy,Dinner,Cashier,206,8,8,1,7,6.5,14.0,637.0,4.26
2024-06-28,4,Friday,1,0,0,Cloudy,Dinner,Dishwasher,206,10,11,0,11,6.5,13.0,929.5,4.6
2024-06-29,5,Saturday,1,0,0,Sunny,Lunch,Server,119,15,15,2,13,5.0,14.0,910.0,3.61
2024-06-29,5,Saturday,1,0,0,Sunny,Lunch,Cook,119,8,7,0,7,5.0,20.0,700.0,3.9
2024-06-29,5,Saturday,1,0,0,Sunny,Lunch,Host,119,5,5,1,4,5.0,15.0,300.0,4.16
2024-06-29,5,Saturday,1,0,0,Sunny,Lunch,Cashier,119,5,5,0,5,5.0,14.0,350.0,4.76
2024-06-29,5,Saturday,1,0,0,Sunny,Lunch,Dishwasher,119,6,6,1,5,5.0,13.0,325.0,4.25
2024-06-29,5,Saturday,1,0,0,Sunny,Dinner,Server,232,29,28,3,25,6.5,14.0,2275.0,2.27
2024-06-29,5,Saturday,1,0,0,Sunny,Dinner,Cook,232,15,13,1,12,6.5,20.0,1560.0,2.82
2024-06-29,5,Saturday,1,0,0,Sunny,Dinner,Host,232,10,9,0,9,6.5,15.0,877.5,4.2
2024-06-29,5,Saturday,1,0,0,Sunny,Dinner,Cashier,232,9,8,0,8,6.5,14.0,728.0,4.25
2024-06-29,5,Saturday,1,0,0,Sunny,Dinner,Dishwasher,232,11,11,0,11,6.5,13.0,929.5,4.59
2024-06-30,6,Sunday,1,0,0,Rainy,Lunch,Server,94,12,13,0,13,5.0,14.0,910.0,4.86
2024-06-30,6,Sunday,1,0,0,Rainy,Lunch,Cook,94,6,7,0,7,5.0,20.0,700.0,4.56
2024-06-30,6,Sunday,1,0,0,Rainy,Lunch,Host,94,4,4,0,4,5.0,15.0,300.0,4.72
2024-06-30,6,Sunday,1,0,0,Rainy,Lunch,Cashier,94,4,5,0,5,5.0,14.0,350.0,4.78
2024-06-30,6,Sunday,1,0,0,Rainy,Lunch,Dishwasher,94,5,5,1,4,5.0,13.0,260.0,3.91
2024-06-30,6,Sunday,1,0,0,Rainy,Dinner,Server,189,24,23,6,17,6.5,14.0,1547.0,1.0
2024-06-30,6,Sunday,1,0,0,Rainy,Dinner,Cook,189,12,12,1,11,6.5,20.0,1430.0,4.28
2024-06-30,6,Sunday,1,0,0,Rainy,Dinner,Host,189,8,8,0,8,6.5,15.0,780.0,4.76
2024-06-30,6,Sunday,1,0,0,Rainy,Dinner,Cashier,189,7,7,0,7,6.5,14.0,637.0,4.77
2024-06-30,6,Sunday,1,0,0,Rainy,Dinner,Dishwasher,189,9,9,1,8,6.5,13.0,676.0,4.16
2024-07-01,0,Monday,0,0,0,Sunny,Lunch,Server,103,13,14,1,13,5.0,14.0,910.0,4.78
2024-07-01,0,Monday,0,0,0,Sunny,Lunch,Cook,103,7,8,1,7,5.0,20.0,700.0,4.74
2024-07-01,0,Monday,0,0,0,Sunny,Lunch,Host,103,5,5,0,5,5.0,15.0,375.0,4.72
2024-07-01,0,Monday,0,0,0,Sunny,Lunch,Cashier,103,4,5,0,5,5.0,14.0,350.0,4.94
2024-07-01,0,Monday,0,0,0,Sunny,Lunch,Dishwasher,103,5,5,0,5,5.0,13.0,325.0,4.81
2024-07-01,0,Monday,0,0,0,Sunny,Dinner,Server,175,22,22,2,20,6.5,14.0,1820.0,3.47
2024-07-01,0,Monday,0,0,0,Sunny,Dinner,Cook,175,11,11,0,11,6.5,20.0,1430.0,4.72
2024-07-01,0,Monday,0,0,0,Sunny,Dinner,Host,175,7,7,0,7,6.5,15.0,682.5,4.5
2024-07-01,0,Monday,0,0,0,Sunny,Dinner,Cashier,175,7,7,2,5,6.5,14.0,455.0,3.67
2024-07-01,0,Monday,0,0,0,Sunny,Dinner,Dishwasher,175,8,7,0,7,6.5,13.0,591.5,3.93
2024-07-02,1,Tuesday,0,0,0,Sunny,Lunch,Server,93,12,13,0,13,5.0,14.0,910.0,4.93
2024-07-02,1,Tuesday,0,0,0,Sunny,Lunch,Cook,93,6,7,0,7,5.0,20.0,700.0,4.81
2024-07-02,1,Tuesday,0,0,0,Sunny,Lunch,Host,93,4,4,0,4,5.0,15.0,300.0,4.9
2024-07-02,1,Tuesday,0,0,0,Sunny,Lunch,Cashier,93,4,5,0,5,5.0,14.0,350.0,4.67
2024-07-02,1,Tuesday,0,0,0,Sunny,Lunch,Dishwasher,93,5,5,0,5,5.0,13.0,325.0,4.83
2024-07-02,1,Tuesday,0,0,0,Sunny,Dinner,Server,185,24,25,1,24,6.5,14.0,2184.0,4.77
2024-07-02,1,Tuesday,0,0,0,Sunny,Dinner,Cook,185,12,12,0,12,6.5,20.0,1560.0,4.78
2024-07-02,1,Tuesday,0,0,0,Sunny,Dinner,Host,185,8,8,0,8,6.5,15.0,780.0,4.77
2024-07-02,1,Tuesday,0,0,0,Sunny,Dinner,Cashier,185,7,7,0,7,6.5,14.0,637.0,4.63
2024-07-02,1,Tuesday,0,0,0,Sunny,Dinner,Dishwasher,185,9,9,0,9,6.5,13.0,760.5,4.89
2024-07-03,2,Wednesday,0,0,0,Rainy,Lunch,Server,88,11,11,0,11,5.0,14.0,770.0,4.92
2024-07-03,2,Wednesday,0,0,0,Rainy,Lunch,Cook,88,6,7,0,7,5.0,20.0,700.0,4.51
2024-07-03,2,Wednesday,0,0,0,Rainy,Lunch,Host,88,4,4,0,4,5.0,15.0,300.0,4.81
2024-07-03,2,Wednesday,0,0,0,Rainy,Lunch,Cashier,88,4,4,1,3,5.0,14.0,210.0,4.19
2024-07-03,2,Wednesday,0,0,0,Rainy,Lunch,Dishwasher,88,4,5,0,5,5.0,13.0,325.0,4.73
2024-07-03,2,Wednesday,0,0,0,Rainy,Dinner,Server,155,20,21,0,21,6.5,14.0,1911.0,4.63
2024-07-03,2,Wednesday,0,0,0,Rainy,Dinner,Cook,155,10,10,0,10,6.5,20.0,1300.0,4.87
2024-07-03,2,Wednesday,0,0,0,Rainy,Dinner,Host,155,7,6,0,6,6.5,15.0,585.0,4.09
2024-07-03,2,Wednesday,0,0,0,Rainy,Dinner,Cashier,155,6,5,0,5,6.5,14.0,455.0,4.21
2024-07-03,2,Wednesday,0,0,0,Rainy,Dinner,Dishwasher,155,8,7,2,5,6.5,13.0,422.5,2.88
2024-07-04,3,Thursday,0,1,1,Rainy,Lunch,Server,156,20,21,1,20,5.0,14.0,1400.0,4.74
2024-07-04,3,Thursday,0,1,1,Rainy,Lunch,Cook,156,10,9,0,9,5.0,20.0,900.0,4.39
2024-07-04,3,Thursday,0,1,1,Rainy,Lunch,Host,156,7,7,0,7,5.0,15.0,525.0,4.72
2024-07-04,3,Thursday,0,1,1,Rainy,Lunch,Cashier,156,6,6,0,6,5.0,14.0,420.0,4.73
2024-07-04,3,Thursday,0,1,1,Rainy,Lunch,Dishwasher,156,8,9,0,9,5.0,13.0,585.0,4.8
2024-07-04,3,Thursday,0,1,1,Rainy,Dinner,Server,224,28,28,1,27,6.5,14.0,2457.0,4.01
2024-07-04,3,Thursday,0,1,1,Rainy,Dinner,Cook,224,14,13,1,12,6.5,20.0,1560.0,3.23
2024-07-04,3,Thursday,0,1,1,Rainy,Dinner,Host,224,9,8,1,7,6.5,15.0,682.5,3.63
2024-07-04,3,Thursday,0,1,1,Rainy,Dinner,Cashier,224,8,6,0,6,6.5,14.0,546.0,3.89
2024-07-04,3,Thursday,0,1,1,Rainy,Dinner,Dishwasher,224,11,10,1,9,6.5,13.0,760.5,3.46
2024-07-05,4,Friday,1,0,0,Sunny,Lunch,Server,65,9,9,0,9,5.0,14.0,630.0,4.77
2024-07-05,4,Friday,1,0,0,Sunny,Lunch,Cook,65,5,5,1,4,5.0,20.0,400.0,4.14
2024-07-05,4,Friday,1,0,0,Sunny,Lunch,Host,65,3,3,0,3,5.0,15.0,225.0,4.72
2024-07-05,4,Friday,1,0,0,Sunny,Lunch,Cashier,65,3,4,0,4,5.0,14.0,280.0,4.83
2024-07-05,4,Friday,1,0,0,Sunny,Lunch,Dishwasher,65,3,4,0,4,5.0,13.0,260.0,4.63
2024-07-05,4,Friday,1,0,0,Sunny,Dinner,Server,210,27,27,3,24,6.5,14.0,2184.0,2.95
2024-07-05,4,Friday,1,0,0,Sunny,Dinner,Cook,210,14,14,0,14,6.5,20.0,1820.0,4.78
2024-07-05,4,Friday,1,0,0,Sunny,Dinner,Host,210,9,8,0,8,6.5,15.0,780.0,3.82
2024-07-05,4,Friday,1,0,0,Sunny,Dinner,Cashier,210,8,8,0,8,6.5,14.0,728.0,4.85
2024-07-05,4,Friday,1,0,0,Sunny,Dinner,Dishwasher,210,10,11,1,10,6.5,13.0,845.0,4.84
2024-07-06,5,Saturday,1,0,0,Sunny,Lunch,Server,140,18,19,3,16,5.0,14.0,1120.0,3.38
2024-07-06,5,Saturday,1,0,0,Sunny,Lunch,Cook,140,9,8,0,8,5.0,20.0,800.0,4.18
2024-07-06,5,Saturday,1,0,0,Sunny,Lunch,Host,140,6,7,0,7,5.0,15.0,525.0,4.69
2024-07-06,5,Saturday,1,0,0,Sunny,Lunch,Cashier,140,5,5,0,5,5.0,14.0,350.0,4.82
2024-07-06,5,Saturday,1,0,0,Sunny,Lunch,Dishwasher,140,7,7,0,7,5.0,13.0,455.0,4.68
2024-07-06,5,Saturday,1,0,0,Sunny,Dinner,Server,290,37,37,2,35,6.5,14.0,3185.0,3.23
2024-07-06,5,Saturday,1,0,0,Sunny,Dinner,Cook,290,19,18,1,17,6.5,20.0,2210.0,3.56
2024-07-06,5,Saturday,1,0,0,Sunny,Dinner,Host,290,12,12,1,11,6.5,15.0,1072.5,4.16
2024-07-06,5,Saturday,1,0,0,Sunny,Dinner,Cashier,290,11,10,1,9,6.5,14.0,819.0,3.35
2024-07-06,5,Saturday,1,0,0,Sunny,Dinner,Dishwasher,290,14,14,1,13,6.5,13.0,1098.5,4.09
2024-07-07,6,Sunday,1,0,0,Cloudy,Lunch,Server,111,14,13,5,8,5.0,14.0,560.0,1.11
2024-07-07,6,Sunday,1,0,0,Cloudy,Lunch,Cook,111,7,8,0,8,5.0,20.0,800.0,4.82
2024-07-07,6,Sunday,1,0,0,Cloudy,Lunch,Host,111,5,6,0,6,5.0,15.0,450.0,4.77
2024-07-07,6,Sunday,1,0,0,Cloudy,Lunch,Cashier,111,4,4,0,4,5.0,14.0,280.0,4.84
2024-07-07,6,Sunday,1,0,0,Cloudy,Lunch,Dishwasher,111,6,6,0,6,5.0,13.0,390.0,4.79
2024-07-07,6,Sunday,1,0,0,Cloudy,Dinner,Server,174,22,22,3,19,6.5,14.0,1729.0,3.3
2024-07-07,6,Sunday,1,0,0,Cloudy,Dinner,Cook,174,11,10,1,9,6.5,20.0,1170.0,3.46
2024-07-07,6,Sunday,1,0,0,Cloudy,Dinner,Host,174,7,7,1,6,6.5,15.0,585.0,4.17
2024-07-07,6,Sunday,1,0,0,Cloudy,Dinner,Cashier,174,7,6,0,6,6.5,14.0,546.0,3.91
2024-07-07,6,Sunday,1,0,0,Cloudy,Dinner,Dishwasher,174,8,9,2,7,6.5,13.0,591.5,4.35
2024-07-08,0,Monday,0,0,0,Sunny,Lunch,Server,106,14,14,0,14,5.0,14.0,980.0,4.78
2024-07-08,0,Monday,0,0,0,Sunny,Lunch,Cook,106,7,7,0,7,5.0,20.0,700.0,4.73
2024-07-08,0,Monday,0,0,0,Sunny,Lunch,Host,106,5,6,0,6,5.0,15.0,450.0,4.72
2024-07-08,0,Monday,0,0,0,Sunny,Lunch,Cashier,106,4,5,0,5,5.0,14.0,350.0,4.64
2024-07-08,0,Monday,0,0,0,Sunny,Lunch,Dishwasher,106,5,5,1,4,5.0,13.0,260.0,4.1
2024-07-08,0,Monday,0,0,0,Sunny,Dinner,Server,181,23,23,1,22,6.5,14.0,2002.0,4.06
2024-07-08,0,Monday,0,0,0,Sunny,Dinner,Cook,181,12,13,0,13,6.5,20.0,1690.0,4.6
2024-07-08,0,Monday,0,0,0,Sunny,Dinner,Host,181,8,8,0,8,6.5,15.0,780.0,4.99
2024-07-08,0,Monday,0,0,0,Sunny,Dinner,Cashier,181,7,7,1,6,6.5,14.0,546.0,4.04
2024-07-08,0,Monday,0,0,0,Sunny,Dinner,Dishwasher,181,9,9,0,9,6.5,13.0,760.5,4.82
2024-07-09,1,Tuesday,0,0,0,Cloudy,Lunch,Server,85,11,12,0,12,5.0,14.0,840.0,4.63
2024-07-09,1,Tuesday,0,0,0,Cloudy,Lunch,Cook,85,6,7,0,7,5.0,20.0,700.0,4.62
2024-07-09,1,Tuesday,0,0,0,Cloudy,Lunch,Host,85,4,5,0,5,5.0,15.0,375.0,4.91
2024-07-09,1,Tuesday,0,0,0,Cloudy,Lunch,Cashier,85,4,4,0,4,5.0,14.0,280.0,4.7
2024-07-09,1,Tuesday,0,0,0,Cloudy,Lunch,Dishwasher,85,4,5,0,5,5.0,13.0,325.0,4.51
2024-07-09,1,Tuesday,0,0,0,Cloudy,Dinner,Server,178,23,22,3,19,6.5,14.0,1729.0,2.15
2024-07-09,1,Tuesday,0,0,0,Cloudy,Dinner,Cook,178,12,13,1,12,6.5,20.0,1560.0,4.68
2024-07-09,1,Tuesday,0,0,0,Cloudy,Dinner,Host,178,8,8,0,8,6.5,15.0,780.0,4.77
2024-07-09,1,Tuesday,0,0,0,Cloudy,Dinner,Cashier,178,7,8,0,8,6.5,14.0,728.0,4.75
2024-07-09,1,Tuesday,0,0,0,Cloudy,Dinner,Dishwasher,178,9,8,0,8,6.5,13.0,676.0,4.13
2024-07-10,2,Wednesday,0,0,0,Cloudy,Lunch,Server,65,9,10,0,10,5.0,14.0,700.0,4.99
2024-07-10,2,Wednesday,0,0,0,Cloudy,Lunch,Cook,65,5,6,0,6,5.0,20.0,600.0,4.79
2024-07-10,2,Wednesday,0,0,0,Cloudy,Lunch,Host,65,3,3,0,3,5.0,15.0,225.0,4.69
2024-07-10,2,Wednesday,0,0,0,Cloudy,Lunch,Cashier,65,3,4,0,4,5.0,14.0,280.0,4.74
2024-07-10,2,Wednesday,0,0,0,Cloudy,Lunch,Dishwasher,65,3,4,0,4,5.0,13.0,260.0,5.0
2024-07-10,2,Wednesday,0,0,0,Cloudy,Dinner,Server,162,21,21,3,18,6.5,14.0,1638.0,2.75
2024-07-10,2,Wednesday,0,0,0,Cloudy,Dinner,Cook,162,11,10,0,10,6.5,20.0,1300.0,4.29
2024-07-10,2,Wednesday,0,0,0,Cloudy,Dinner,Host,162,7,7,0,7,6.5,15.0,682.5,4.75
2024-07-10,2,Wednesday,0,0,0,Cloudy,Dinner,Cashier,162,6,5,0,5,6.5,14.0,455.0,4.12
2024-07-10,2,Wednesday,0,0,0,Cloudy,Dinner,Dishwasher,162,8,8,0,8,6.5,13.0,676.0,4.62
2024-07-11,3,Thursday,0,0,1,Sunny,Lunch,Server,129,17,16,3,13,5.0,14.0,910.0,2.37
2024-07-11,3,Thursday,0,0,1,Sunny,Lunch,Cook,129,9,10,0,10,5.0,20.0,1000.0,4.94
2024-07-11,3,Thursday,0,0,1,Sunny,Lunch,Host,129,6,6,0,6,5.0,15.0,450.0,4.81
2024-07-11,3,Thursday,0,0,1,Sunny,Lunch,Cashier,129,5,5,0,5,5.0,14.0,350.0,5.0
2024-07-11,3,Thursday,0,0,1,Sunny,Lunch,Dishwasher,129,6,6,1,5,5.0,13.0,325.0,4.15
2024-07-11,3,Thursday,0,0,1,Sunny,Dinner,Server,206,26,26,2,24,6.5,14.0,2184.0,3.39
2024-07-11,3,Thursday,0,0,1,Sunny,Dinner,Cook,206,13,12,0,12,6.5,20.0,1560.0,4.28
2024-07-11,3,Thursday,0,0,1,Sunny,Dinner,Host,206,9,8,2,6,6.5,15.0,585.0,2.56
2024-07-11,3,Thursday,0,0,1,Sunny,Dinner,Cashier,206,8,7,0,7,6.5,14.0,637.0,4.28
2024-07-11,3,Thursday,0,0,1,Sunny,Dinner,Dishwasher,206,10,9,1,8,6.5,13.0,676.0,3.55
2024-07-12,4,Friday,1,0,0,Sunny,Lunch,Server,78,10,10,0,10,5.0,14.0,700.0,4.95
2024-07-12,4,Friday,1,0,0,Sunny,Lunch,Cook,78,5,6,0,6,5.0,20.0,600.0,4.88
2024-07-12,4,Friday,1,0,0,Sunny,Lunch,Host,78,4,5,0,5,5.0,15.0,375.0,4.85
2024-07-12,4,Friday,1,0,0,Sunny,Lunch,Cashier,78,3,3,0,3,5.0,14.0,210.0,4.77
2024-07-12,4,Friday,1,0,0,Sunny,Lunch,Dishwasher,78,4,4,1,3,5.0,13.0,195.0,3.93
2024-07-12,4,Friday,1,0,0,Sunny,Dinner,Server,208,26,26,0,26,6.5,14.0,2366.0,4.75
2024-07-12,4,Friday,1,0,0,Sunny,Dinner,Cook,208,13,13,0,13,6.5,20.0,1690.0,4.73
2024-07-12,4,Friday,1,0,0,Sunny,Dinner,Host,208,9,9,0,9,6.5,15.0,877.5,4.74
2024-07-12,4,Friday,1,0,0,Sunny,Dinner,Cashier,208,8,8,1,7,6.5,14.0,637.0,4.14
2024-07-12,4,Friday,1,0,0,Sunny,Dinner,Dishwasher,208,10,9,0,9,6.5,13.0,760.5,4.41
2024-07-13,5,Saturday,1,0,0,Sunny,Lunch,Server,143,18,19,0,19,5.0,14.0,1330.0,4.92
2024-07-13,5,Saturday,1,0,0,Sunny,Lunch,Cook,143,9,9,0,9,5.0,20.0,900.0,4.8
2024-07-13,5,Saturday,1,0,0,Sunny,Lunch,Host,143,6,6,1,5,5.0,15.0,375.0,4.27
2024-07-13,5,Saturday,1,0,0,Sunny,Lunch,Cashier,143,6,6,0,6,5.0,14.0,420.0,4.84
2024-07-13,5,Saturday,1,0,0,Sunny,Lunch,Dishwasher,143,7,7,1,6,5.0,13.0,390.0,3.89
2024-07-13,5,Saturday,1,0,0,Sunny,Dinner,Server,253,32,31,1,30,6.5,14.0,2730.0,3.83
2024-07-13,5,Saturday,1,0,0,Sunny,Dinner,Cook,253,16,15,2,13,6.5,20.0,1690.0,3.07
2024-07-13,5,Saturday,1,0,0,Sunny,Dinner,Host,253,11,11,0,11,6.5,15.0,1072.5,4.84
2024-07-13,5,Saturday,1,0,0,Sunny,Dinner,Cashier,253,10,9,1,8,6.5,14.0,728.0,3.59
2024-07-13,5,Saturday,1,0,0,Sunny,Dinner,Dishwasher,253,12,11,2,9,6.5,13.0,760.5,2.79
2024-07-14,6,Sunday,1,0,0,Sunny,Lunch,Server,105,14,14,1,13,5.0,14.0,910.0,4.25
2024-07-14,6,Sunday,1,0,0,Sunny,Lunch,Cook,105,7,7,0,7,5.0,20.0,700.0,4.75
2024-07-14,6,Sunday,1,0,0,Sunny,Lunch,Host,105,5,5,0,5,5.0,15.0,375.0,4.87
2024-07-14,6,Sunday,1,0,0,Sunny,Lunch,Cashier,105,4,5,0,5,5.0,14.0,350.0,4.7
2024-07-14,6,Sunday,1,0,0,Sunny,Lunch,Dishwasher,105,5,5,2,3,5.0,13.0,195.0,3.67
2024-07-14,6,Sunday,1,0,0,Sunny,Dinner,Server,223,28,28,3,25,6.5,14.0,2275.0,3.11
2024-07-14,6,Sunday,1,0,0,Sunny,Dinner,Cook,223,14,13,0,13,6.5,20.0,1690.0,4.39
2024-07-14,6,Sunday,1,0,0,Sunny,Dinner,Host,223,9,7,1,6,6.5,15.0,585.0,2.69
2024-07-14,6,Sunday,1,0,0,Sunny,Dinner,Cashier,223,8,7,1,6,6.5,14.0,546.0,3.72
2024-07-14,6,Sunday,1,0,0,Sunny,Dinner,Dishwasher,223,11,11,1,10,6.5,13.0,845.0,4.36
2024-07-15,0,Monday,0,0,0,Sunny,Lunch,Server,88,11,11,3,8,5.0,14.0,560.0,2.72
2024-07-15,0,Monday,0,0,0,Sunny,Lunch,Cook,88,6,6,1,5,5.0,20.0,500.0,3.87
2024-07-15,0,Monday,0,0,0,Sunny,Lunch,Host,88,4,5,0,5,5.0,15.0,375.0,4.97
2024-07-15,0,Monday,0,0,0,Sunny,Lunch,Cashier,88,4,4,0,4,5.0,14.0,280.0,4.85
2024-07-15,0,Monday,0,0,0,Sunny,Lunch,Dishwasher,88,4,4,0,4,5.0,13.0,260.0,4.76
2024-07-15,0,Monday,0,0,0,Sunny,Dinner,Server,194,25,25,2,23,6.5,14.0,2093.0,3.51
2024-07-15,0,Monday,0,0,0,Sunny,Dinner,Cook,194,13,13,1,12,6.5,20.0,1560.0,4.16
2024-07-15,0,Monday,0,0,0,Sunny,Dinner,Host,194,8,8,0,8,6.5,15.0,780.0,4.76
2024-07-15,0,Monday,0,0,0,Sunny,Dinner,Cashier,194,7,7,0,7,6.5,14.0,637.0,4.8
2024-07-15,0,Monday,0,0,0,Sunny,Dinner,Dishwasher,194,9,10,1,9,6.5,13.0,760.5,4.83
2024-07-16,1,Tuesday,0,0,0,Sunny,Lunch,Server,118,15,15,1,14,5.0,14.0,980.0,4.24
2024-07-16,1,Tuesday,0,0,0,Sunny,Lunch,Cook,118,8,9,0,9,5.0,20.0,900.0,4.84
2024-07-16,1,Tuesday,0,0,0,Sunny,Lunch,Host,118,5,6,0,6,5.0,15.0,450.0,4.65
2024-07-16,1,Tuesday,0,0,0,Sunny,Lunch,Cashier,118,5,5,0,5,5.0,14.0,350.0,5.0
2024-07-16,1,Tuesday,0,0,0,Sunny,Lunch,Dishwasher,118,6,6,0,6,5.0,13.0,390.0,4.95
2024-07-16,1,Tuesday,0,0,0,Sunny,Dinner,Server,181,23,23,1,22,6.5,14.0,2002.0,4.07
2024-07-16,1,Tuesday,0,0,0,Sunny,Dinner,Cook,181,12,11,3,8,6.5,20.0,1040.0,2.16
2024-07-16,1,Tuesday,0,0,0,Sunny,Dinner,Host,181,8,9,1,8,6.5,15.0,780.0,4.87
2024-07-16,1,Tuesday,0,0,0,Sunny,Dinner,Cashier,181,7,7,1,6,6.5,14.0,546.0,4.03
2024-07-16,1,Tuesday,0,0,0,Sunny,Dinner,Dishwasher,181,9,9,1,8,6.5,13.0,676.0,4.03
2024-07-17,2,Wednesday,0,0,0,Cloudy,Lunch,Server,97,13,14,1,13,5.0,14.0,910.0,4.78
2024-07-17,2,Wednesday,0,0,0,Cloudy,Lunch,Cook,97,7,7,1,6,5.0,20.0,600.0,4.04
2024-07-17,2,Wednesday,0,0,0,Cloudy,Lunch,Host,97,4,5,1,4,5.0,15.0,300.0,4.65
2024-07-17,2,Wednesday,0,0,0,Cloudy,Lunch,Cashier,97,4,4,0,4,5.0,14.0,280.0,4.74
2024-07-17,2,Wednesday,0,0,0,Cloudy,Lunch,Dishwasher,97,5,5,0,5,5.0,13.0,325.0,4.65
2024-07-17,2,Wednesday,0,0,0,Cloudy,Dinner,Server,181,23,23,1,22,6.5,14.0,2002.0,4.03
2024-07-17,2,Wednesday,0,0,0,Cloudy,Dinner,Cook,181,12,12,2,10,6.5,20.0,1300.0,3.39
2024-07-17,2,Wednesday,0,0,0,Cloudy,Dinner,Host,181,8,9,0,9,6.5,15.0,877.5,4.72
2024-07-17,2,Wednesday,0,0,0,Cloudy,Dinner,Cashier,181,7,7,0,7,6.5,14.0,637.0,4.87
2024-07-17,2,Wednesday,0,0,0,Cloudy,Dinner,Dishwasher,181,9,8,1,7,6.5,13.0,591.5,3.58
2024-07-18,3,Thursday,0,0,1,Rainy,Lunch,Server,104,13,13,1,12,5.0,14.0,840.0,4.04
2024-07-18,3,Thursday,0,0,1,Rainy,Lunch,Cook,104,7,7,0,7,5.0,20.0,700.0,4.83
2024-07-18,3,Thursday,0,0,1,Rainy,Lunch,Host,104,5,5,1,4,5.0,15.0,300.0,4.18
2024-07-18,3,Thursday,0,0,1,Rainy,Lunch,Cashier,104,4,5,0,5,5.0,14.0,350.0,4.66
2024-07-18,3,Thursday,0,0,1,Rainy,Lunch,Dishwasher,104,5,5,0,5,5.0,13.0,325.0,4.87
2024-07-18,3,Thursday,0,0,1,Rainy,Dinner,Server,181,23,22,1,21,6.5,14.0,1911.0,3.6
2024-07-18,3,Thursday,0,0,1,Rainy,Dinner,Cook,181,12,13,1,12,6.5,20.0,1560.0,4.7
2024-07-18,3,Thursday,0,0,1,Rainy,Dinner,Host,181,8,8,1,7,6.5,15.0,682.5,4.04
2024-07-18,3,Thursday,0,0,1,Rainy,Dinner,Cashier,181,7,8,0,8,6.5,14.0,728.0,4.65
2024-07-18,3,Thursday,0,0,1,Rainy,Dinner,Dishwasher,181,9,9,1,8,6.5,13.0,676.0,4.06
2024-07-19,4,Friday,1,0,0,Sunny,Lunch,Server,85,11,11,0,11,5.0,14.0,770.0,4.9
2024-07-19,4,Friday,1,0,0,Sunny,Lunch,Cook,85,6,6,0,6,5.0,20.0,600.0,4.88
2024-07-19,4,Friday,1,0,0,Sunny,Lunch,Host,85,4,5,0,5,5.0,15.0,375.0,5.0
2024-07-19,4,Friday,1,0,0,Sunny,Lunch,Cashier,85,4,4,0,4,5.0,14.0,280.0,4.71
2024-07-19,4,Friday,1,0,0,Sunny,Lunch,Dishwasher,85,4,4,2,2,5.0,13.0,130.0,3.42
2024-07-19,4,Friday,1,0,0,Sunny,Dinner,Server,226,29,28,1,27,6.5,14.0,2457.0,3.52
2024-07-19,4,Friday,1,0,0,Sunny,Dinner,Cook,226,15,15,1,14,6.5,20.0,1820.0,4.12
2024-07-19,4,Friday,1,0,0,Sunny,Dinner,Host,226,10,10,0,10,6.5,15.0,975.0,4.64
2024-07-19,4,Friday,1,0,0,Sunny,Dinner,Cashier,226,9,8,1,7,6.5,14.0,637.0,3.47
2024-07-19,4,Friday,1,0,0,Sunny,Dinner,Dishwasher,226,11,10,0,10,6.5,13.0,845.0,4.06
2024-07-20,5,Saturday,1,0,0,Sunny,Lunch,Server,105,14,15,2,13,5.0,14.0,910.0,4.08
2024-07-20,5,Saturday,1,0,0,Sunny,Lunch,Cook,105,7,7,0,7,5.0,20.0,700.0,4.81
2024-07-20,5,Saturday,1,0,0,Sunny,Lunch,Host,105,5,5,0,5,5.0,15.0,375.0,4.72
2024-07-20,5,Saturday,1,0,0,Sunny,Lunch,Cashier,105,4,4,1,3,5.0,14.0,210.0,4.21
2024-07-20,5,Saturday,1,0,0,Sunny,Lunch,Dishwasher,105,5,6,0,6,5.0,13.0,390.0,4.9
2024-07-20,5,Saturday,1,0,0,Sunny,Dinner,Server,279,35,34,5,29,6.5,14.0,2639.0,1.67
2024-07-20,5,Saturday,1,0,0,Sunny,Dinner,Cook,279,18,17,0,17,6.5,20.0,2210.0,4.12
2024-07-20,5,Saturday,1,0,0,Sunny,Dinner,Host,279,12,11,0,11,6.5,15.0,1072.5,4.09
2024-07-20,5,Saturday,1,0,0,Sunny,Dinner,Cashier,279,10,10,3,7,6.5,14.0,637.0,2.67
2024-07-20,5,Saturday,1,0,0,Sunny,Dinner,Dishwasher,279,13,12,1,11,6.5,13.0,929.5,3.74
2024-07-21,6,Sunday,1,0,0,Sunny,Lunch,Server,81,11,11,0,11,5.0,14.0,770.0,4.58
2024-07-21,6,Sunday,1,0,0,Sunny,Lunch,Cook,81,6,7,0,7,5.0,20.0,700.0,4.85
2024-07-21,6,Sunday,1,0,0,Sunny,Lunch,Host,81,4,5,1,4,5.0,15.0,300.0,4.65
2024-07-21,6,Sunday,1,0,0,Sunny,Lunch,Cashier,81,3,3,0,3,5.0,14.0,210.0,4.89
2024-07-21,6,Sunday,1,0,0,Sunny,Lunch,Dishwasher,81,4,4,2,2,5.0,13.0,130.0,3.65
2024-07-21,6,Sunday,1,0,0,Sunny,Dinner,Server,254,32,31,3,28,6.5,14.0,2548.0,2.5
2024-07-21,6,Sunday,1,0,0,Sunny,Dinner,Cook,254,16,16,0,16,6.5,20.0,2080.0,4.7
2024-07-21,6,Sunday,1,0,0,Sunny,Dinner,Host,254,11,11,1,10,6.5,15.0,975.0,4.12
2024-07-21,6,Sunday,1,0,0,Sunny,Dinner,Cashier,254,10,9,1,8,6.5,14.0,728.0,3.26
2024-07-21,6,Sunday,1,0,0,Sunny,Dinner,Dishwasher,254,12,11,4,7,6.5,13.0,591.5,1.99
2024-07-22,0,Monday,0,0,0,Cloudy,Lunch,Server,92,12,12,0,12,5.0,14.0,840.0,4.74
2024-07-22,0,Monday,0,0,0,Cloudy,Lunch,Cook,92,6,6,0,6,5.0,20.0,600.0,5.0
2024-07-22,0,Monday,0,0,0,Cloudy,Lunch,Host,92,4,4,0,4,5.0,15.0,300.0,4.78
2024-07-22,0,Monday,0,0,0,Cloudy,Lunch,Cashier,92,4,5,0,5,5.0,14.0,350.0,4.88
2024-07-22,0,Monday,0,0,0,Cloudy,Lunch,Dishwasher,92,5,6,1,5,5.0,13.0,325.0,4.66
2024-07-22,0,Monday,0,0,0,Cloudy,Dinner,Server,213,27,26,0,26,6.5,14.0,2366.0,4.38
2024-07-22,0,Monday,0,0,0,Cloudy,Dinner,Cook,213,14,14,0,14,6.5,20.0,1820.0,4.96
2024-07-22,0,Monday,0,0,0,Cloudy,Dinner,Host,213,9,8,1,7,6.5,15.0,682.5,3.69
2024-07-22,0,Monday,0,0,0,Cloudy,Dinner,Cashier,213,8,8,0,8,6.5,14.0,728.0,4.79
2024-07-22,0,Monday,0,0,0,Cloudy,Dinner,Dishwasher,213,10,9,0,9,6.5,13.0,760.5,4.21
2024-07-23,1,Tuesday,0,0,0,Rainy,Lunch,Server,114,15,15,0,15,5.0,14.0,1050.0,4.56
2024-07-23,1,Tuesday,0,0,0,Rainy,Lunch,Cook,114,8,8,0,8,5.0,20.0,800.0,4.64
2024-07-23,1,Tuesday,0,0,0,Rainy,Lunch,Host,114,5,5,0,5,5.0,15.0,375.0,4.74
2024-07-23,1,Tuesday,0,0,0,Rainy,Lunch,Cashier,114,5,5,0,5,5.0,14.0,350.0,4.96
2024-07-23,1,Tuesday,0,0,0,Rainy,Lunch,Dishwasher,114,6,6,0,6,5.0,13.0,390.0,4.8
2024-07-23,1,Tuesday,0,0,0,Rainy,Dinner,Server,188,24,23,2,21,6.5,14.0,1911.0,3.15
2024-07-23,1,Tuesday,0,0,0,Rainy,Dinner,Cook,188,12,11,1,10,6.5,20.0,1300.0,3.83
2024-07-23,1,Tuesday,0,0,0,Rainy,Dinner,Host,188,8,7,0,7,6.5,15.0,682.5,4.32
2024-07-23,1,Tuesday,0,0,0,Rainy,Dinner,Cashier,188,7,7,0,7,6.5,14.0,637.0,4.75
2024-07-23,1,Tuesday,0,0,0,Rainy,Dinner,Dishwasher,188,9,8,0,8,6.5,13.0,676.0,4.05
2024-07-24,2,Wednesday,0,0,0,Rainy,Lunch,Server,86,11,12,1,11,5.0,14.0,770.0,4.6
2024-07-24,2,Wednesday,0,0,0,Rainy,Lunch,Cook,86,6,6,0,6,5.0,20.0,600.0,4.92
2024-07-24,2,Wednesday,0,0,0,Rainy,Lunch,Host,86,4,5,0,5,5.0,15.0,375.0,4.8
2024-07-24,2,Wednesday,0,0,0,Rainy,Lunch,Cashier,86,4,5,0,5,5.0,14.0,350.0,4.72
2024-07-24,2,Wednesday,0,0,0,Rainy,Lunch,Dishwasher,86,4,5,0,5,5.0,13.0,325.0,4.79
2024-07-24,2,Wednesday,0,0,0,Rainy,Dinner,Server,178,23,23,2,21,6.5,14.0,1911.0,3.73
2024-07-24,2,Wednesday,0,0,0,Rainy,Dinner,Cook,178,12,12,0,12,6.5,20.0,1560.0,4.52
2024-07-24,2,Wednesday,0,0,0,Rainy,Dinner,Host,178,8,9,0,9,6.5,15.0,877.5,4.77
2024-07-24,2,Wednesday,0,0,0,Rainy,Dinner,Cashier,178,7,8,0,8,6.5,14.0,728.0,4.62
2024-07-24,2,Wednesday,0,0,0,Rainy,Dinner,Dishwasher,178,9,9,2,7,6.5,13.0,591.5,3.92
2024-07-25,3,Thursday,0,0,0,Cloudy,Lunch,Server,116,15,15,2,13,5.0,14.0,910.0,3.38
2024-07-25,3,Thursday,0,0,0,Cloudy,Lunch,Cook,116,8,8,0,8,5.0,20.0,800.0,4.69
2024-07-25,3,Thursday,0,0,0,Cloudy,Lunch,Host,116,5,6,0,6,5.0,15.0,450.0,4.79
2024-07-25,3,Thursday,0,0,0,Cloudy,Lunch,Cashier,116,5,6,0,6,5.0,14.0,420.0,4.87
2024-07-25,3,Thursday,0,0,0,Cloudy,Lunch,Dishwasher,116,6,6,0,6,5.0,13.0,390.0,4.68
2024-07-25,3,Thursday,0,0,0,Cloudy,Dinner,Server,170,22,21,1,20,6.5,14.0,1820.0,3.34
2024-07-25,3,Thursday,0,0,0,Cloudy,Dinner,Cook,170,11,11,2,9,6.5,20.0,1170.0,3.76
2024-07-25,3,Thursday,0,0,0,Cloudy,Dinner,Host,170,7,8,1,7,6.5,15.0,682.5,4.91
2024-07-25,3,Thursday,0,0,0,Cloudy,Dinner,Cashier,170,7,6,3,3,6.5,14.0,273.0,2.12
2024-07-25,3,Thursday,0,0,0,Cloudy,Dinner,Dishwasher,170,8,7,2,5,6.5,13.0,422.5,3.02
2024-07-26,4,Friday,1,0,0,Rainy,Lunch,Server,103,13,14,0,14,5.0,14.0,980.0,4.68
2024-07-26,4,Friday,1,0,0,Rainy,Lunch,Cook,103,7,7,2,5,5.0,20.0,500.0,3.88
2024-07-26,4,Friday,1,0,0,Rainy,Lunch,Host,103,5,5,0,5,5.0,15.0,375.0,4.61
2024-07-26,4,Friday,1,0,0,Rainy,Lunch,Cashier,103,4,5,0,5,5.0,14.0,350.0,4.73
2024-07-26,4,Friday,1,0,0,Rainy,Lunch,Dishwasher,103,5,5,1,4,5.0,13.0,260.0,4.26
2024-07-26,4,Friday,1,0,0,Rainy,Dinner,Server,190,24,25,0,25,6.5,14.0,2275.0,4.66
2024-07-26,4,Friday,1,0,0,Rainy,Dinner,Cook,190,12,11,1,10,6.5,20.0,1300.0,3.56
2024-07-26,4,Friday,1,0,0,Rainy,Dinner,Host,190,8,9,0,9,6.5,15.0,877.5,4.88
2024-07-26,4,Friday,1,0,0,Rainy,Dinner,Cashier,190,7,7,1,6,6.5,14.0,546.0,3.98
2024-07-26,4,Friday,1,0,0,Rainy,Dinner,Dishwasher,190,9,9,0,9,6.5,13.0,760.5,4.78
2024-07-27,5,Saturday,1,0,0,Rainy,Lunch,Server,92,12,13,1,12,5.0,14.0,840.0,4.87
2024-07-27,5,Saturday,1,0,0,Rainy,Lunch,Cook,92,6,7,3,4,5.0,20.0,400.0,3.54
2024-07-27,5,Saturday,1,0,0,Rainy,Lunch,Host,92,4,4,0,4,5.0,15.0,300.0,4.87
2024-07-27,5,Saturday,1,0,0,Rainy,Lunch,Cashier,92,4,5,0,5,5.0,14.0,350.0,4.88
2024-07-27,5,Saturday,1,0,0,Rainy,Lunch,Dishwasher,92,5,6,0,6,5.0,13.0,390.0,4.8
2024-07-27,5,Saturday,1,0,0,Rainy,Dinner,Server,239,30,30,2,28,6.5,14.0,2548.0,3.5
2024-07-27,5,Saturday,1,0,0,Rainy,Dinner,Cook,239,15,14,1,13,6.5,20.0,1690.0,3.68
2024-07-27,5,Saturday,1,0,0,Rainy,Dinner,Host,239,10,8,2,6,6.5,15.0,585.0,2.67
2024-07-27,5,Saturday,1,0,0,Rainy,Dinner,Cashier,239,9,8,1,7,6.5,14.0,637.0,3.29
2024-07-27,5,Saturday,1,0,0,Rainy,Dinner,Dishwasher,239,11,11,0,11,6.5,13.0,929.5,4.8
2024-07-28,6,Sunday,1,0,0,Rainy,Lunch,Server,88,11,11,1,10,5.0,14.0,700.0,4.09
2024-07-28,6,Sunday,1,0,0,Rainy,Lunch,Cook,88,6,6,1,5,5.0,20.0,500.0,3.9
2024-07-28,6,Sunday,1,0,0,Rainy,Lunch,Host,88,4,4,1,3,5.0,15.0,225.0,3.99
2024-07-28,6,Sunday,1,0,0,Rainy,Lunch,Cashier,88,4,4,0,4,5.0,14.0,280.0,5.0
2024-07-28,6,Sunday,1,0,0,Rainy,Lunch,Dishwasher,88,4,5,0,5,5.0,13.0,325.0,4.93
2024-07-28,6,Sunday,1,0,0,Rainy,Dinner,Server,199,25,25,2,23,6.5,14.0,2093.0,3.51
2024-07-28,6,Sunday,1,0,0,Rainy,Dinner,Cook,199,13,13,2,11,6.5,20.0,1430.0,3.67
2024-07-28,6,Sunday,1,0,0,Rainy,Dinner,Host,199,8,8,0,8,6.5,15.0,780.0,4.94
2024-07-28,6,Sunday,1,0,0,Rainy,Dinner,Cashier,199,8,8,0,8,6.5,14.0,728.0,4.72
2024-07-28,6,Sunday,1,0,0,Rainy,Dinner,Dishwasher,199,10,10,2,8,6.5,13.0,676.0,3.43
2024-07-29,0,Monday,0,0,0,Cloudy,Lunch,Server,95,12,13,0,13,5.0,14.0,910.0,4.76
2024-07-29,0,Monday,0,0,0,Cloudy,Lunch,Cook,95,6,6,0,6,5.0,20.0,600.0,4.79
2024-07-29,0,Monday,0,0,0,Cloudy,Lunch,Host,95,4,5,0,5,5.0,15.0,375.0,4.58
2024-07-29,0,Monday,0,0,0,Cloudy,Lunch,Cashier,95,4,4,0,4,5.0,14.0,280.0,4.88
2024-07-29,0,Monday,0,0,0,Cloudy,Lunch,Dishwasher,95,5,6,0,6,5.0,13.0,390.0,5.0
2024-07-29,0,Monday,0,0,0,Cloudy,Dinner,Server,189,24,24,1,23,6.5,14.0,2093.0,4.07
2024-07-29,0,Monday,0,0,0,Cloudy,Dinner,Cook,189,12,12,0,12,6.5,20.0,1560.0,4.78
2024-07-29,0,Monday,0,0,0,Cloudy,Dinner,Host,189,8,8,0,8,6.5,15.0,780.0,4.66
2024-07-29,0,Monday,0,0,0,Cloudy,Dinner,Cashier,189,7,7,0,7,6.5,14.0,637.0,4.89
2024-07-29,0,Monday,0,0,0,Cloudy,Dinner,Dishwasher,189,9,9,2,7,6.5,13.0,591.5,3.73
2024-07-30,1,Tuesday,0,0,0,Sunny,Lunch,Server,92,12,13,0,13,5.0,14.0,910.0,4.92
2024-07-30,1,Tuesday,0,0,0,Sunny,Lunch,Cook,92,6,6,0,6,5.0,20.0,600.0,4.87
2024-07-30,1,Tuesday,0,0,0,Sunny,Lunch,Host,92,4,4,0,4,5.0,15.0,300.0,4.64
2024-07-30,1,Tuesday,0,0,0,Sunny,Lunch,Cashier,92,4,5,0,5,5.0,14.0,350.0,5.0
2024-07-30,1,Tuesday,0,0,0,Sunny,Lunch,Dishwasher,92,5,6,0,6,5.0,13.0,390.0,4.68
2024-07-30,1,Tuesday,0,0,0,Sunny,Dinner,Server,173,22,22,2,20,6.5,14.0,1820.0,3.34
2024-07-30,1,Tuesday,0,0,0,Sunny,Dinner,Cook,173,11,10,1,9,6.5,20.0,1170.0,3.78
2024-07-30,1,Tuesday,0,0,0,Sunny,Dinner,Host,173,7,7,1,6,6.5,15.0,585.0,4.13
2024-07-30,1,Tuesday,0,0,0,Sunny,Dinner,Cashier,173,7,8,0,8,6.5,14.0,728.0,4.89
2024-07-30,1,Tuesday,0,0,0,Sunny,Dinner,Dishwasher,173,8,8,2,6,6.5,13.0,507.0,3.42
2024-07-31,2,Wednesday,0,0,0,Rainy,Lunch,Server,89,12,12,3,9,5.0,14.0,630.0,3.28
2024-07-31,2,Wednesday,0,0,0,Rainy,Lunch,Cook,89,6,6,0,6,5.0,20.0,600.0,4.65
2024-07-31,2,Wednesday,0,0,0,Rainy,Lunch,Host,89,4,5,0,5,5.0,15.0,375.0,4.84
2024-07-31,2,Wednesday,0,0,0,Rainy,Lunch,Cashier,89,4,4,1,3,5.0,14.0,210.0,4.25
2024-07-31,2,Wednesday,0,0,0,Rainy,Lunch,Dishwasher,89,5,6,1,5,5.0,13.0,325.0,4.75
2024-07-31,2,Wednesday,0,0,0,Rainy,Dinner,Server,144,18,19,1,18,6.5,14.0,1638.0,4.62
2024-07-31,2,Wednesday,0,0,0,Rainy,Dinner,Cook,144,9,9,1,8,6.5,20.0,1040.0,4.2
2024-07-31,2,Wednesday,0,0,0,Rainy,Dinner,Host,144,6,6,0,6,6.5,15.0,585.0,4.81
2024-07-31,2,Wednesday,0,0,0,Rainy,Dinner,Cashier,144,6,6,0,6,6.5,14.0,546.0,4.75
2024-07-31,2,Wednesday,0,0,0,Rainy,Dinner,Dishwasher,144,7,7,1,6,6.5,13.0,507.0,4.02
2024-08-01,3,Thursday,0,0,0,Rainy,Lunch,Server,94,12,12,1,11,5.0,14.0,770.0,4.41
2024-08-01,3,Thursday,0,0,0,Rainy,Lunch,Cook,94,6,6,0,6,5.0,20.0,600.0,4.86
2024-08-01,3,Thursday,0,0,0,Rainy,Lunch,Host,94,4,4,0,4,5.0,15.0,300.0,4.69
2024-08-01,3,Thursday,0,0,0,Rainy,Lunch,Cashier,94,4,5,0,5,5.0,14.0,350.0,4.92
2024-08-01,3,Thursday,0,0,0,Rainy,Lunch,Dishwasher,94,5,5,0,5,5.0,13.0,325.0,4.8
2024-08-01,3,Thursday,0,0,0,Rainy,Dinner,Server,172,22,22,1,21,6.5,14.0,1911.0,4.21
2024-08-01,3,Thursday,0,0,0,Rainy,Dinner,Cook,172,11,11,0,11,6.5,20.0,1430.0,4.77
2024-08-01,3,Thursday,0,0,0,Rainy,Dinner,Host,172,7,6,0,6,6.5,15.0,585.0,4.33
2024-08-01,3,Thursday,0,0,0,Rainy,Dinner,Cashier,172,7,7,0,7,6.5,14.0,637.0,4.75
2024-08-01,3,Thursday,0,0,0,Rainy,Dinner,Dishwasher,172,8,7,0,7,6.5,13.0,591.5,4.09
2024-08-02,4,Friday,1,0,0,Rainy,Lunch,Server,82,11,12,3,9,5.0,14.0,630.0,3.7
2024-08-02,4,Friday,1,0,0,Rainy,Lunch,Cook,82,6,6,0,6,5.0,20.0,600.0,4.64
2024-08-02,4,Friday,1,0,0,Rainy,Lunch,Host,82,4,5,0,5,5.0,15.0,375.0,4.78
2024-08-02,4,Friday,1,0,0,Rainy,Lunch,Cashier,82,3,3,1,2,5.0,14.0,140.0,4.09
2024-08-02,4,Friday,1,0,0,Rainy,Lunch,Dishwasher,82,4,5,0,5,5.0,13.0,325.0,4.66
2024-08-02,4,Friday,1,0,0,Rainy,Dinner,Server,232,29,29,1,28,6.5,14.0,2548.0,4.1
2024-08-02,4,Friday,1,0,0,Rainy,Dinner,Cook,232,15,14,1,13,6.5,20.0,1690.0,3.45
2024-08-02,4,Friday,1,0,0,Rainy,Dinner,Host,232,10,9,2,7,6.5,15.0,682.5,2.84
2024-08-02,4,Friday,1,0,0,Rainy,Dinner,Cashier,232,9,9,0,9,6.5,14.0,819.0,4.63
2024-08-02,4,Friday,1,0,0,Rainy,Dinner,Dishwasher,232,11,10,1,9,6.5,13.0,760.5,3.63
2024-08-03,5,Saturday,1,0,0,Sunny,Lunch,Server,100,13,13,1,12,5.0,14.0,840.0,4.23
2024-08-03,5,Saturday,1,0,0,Sunny,Lunch,Cook,100,7,8,1,7,5.0,20.0,700.0,4.66
2024-08-03,5,Saturday,1,0,0,Sunny,Lunch,Host,100,4,4,0,4,5.0,15.0,300.0,4.75
2024-08-03,5,Saturday,1,0,0,Sunny,Lunch,Cashier,100,4,4,0,4,5.0,14.0,280.0,4.99
2024-08-03,5,Saturday,1,0,0,Sunny,Lunch,Dishwasher,100,5,5,0,5,5.0,13.0,325.0,5.0
2024-08-03,5,Saturday,1,0,0,Sunny,Dinner,Server,216,27,25,2,23,6.5,14.0,2093.0,2.44
2024-08-03,5,Saturday,1,0,0,Sunny,Dinner,Cook,216,14,13,1,12,6.5,20.0,1560.0,3.78
2024-08-03,5,Saturday,1,0,0,Sunny,Dinner,Host,216,9,9,0,9,6.5,15.0,877.5,4.68
2024-08-03,5,Saturday,1,0,0,Sunny,Dinner,Cashier,216,8,6,0,6,6.5,14.0,546.0,3.3
2024-08-03,5,Saturday,1,0,0,Sunny,Dinner,Dishwasher,216,10,9,1,8,6.5,13.0,676.0,3.73
2024-08-04,6,Sunday,1,0,0,Sunny,Lunch,Server,128,16,16,0,16,5.0,14.0,1120.0,4.93
2024-08-04,6,Sunday,1,0,0,Sunny,Lunch,Cook,128,8,7,2,5,5.0,20.0,500.0,2.89
2024-08-04,6,Sunday,1,0,0,Sunny,Lunch,Host,128,6,7,1,6,5.0,15.0,450.0,4.71
2024-08-04,6,Sunday,1,0,0,Sunny,Lunch,Cashier,128,5,4,0,4,5.0,14.0,280.0,4.21
2024-08-04,6,Sunday,1,0,0,Sunny,Lunch,Dishwasher,128,6,6,0,6,5.0,13.0,390.0,4.73
2024-08-04,6,Sunday,1,0,0,Sunny,Dinner,Server,213,27,26,3,23,6.5,14.0,2093.0,2.61
2024-08-04,6,Sunday,1,0,0,Sunny,Dinner,Cook,213,14,13,1,12,6.5,20.0,1560.0,3.33
2024-08-04,6,Sunday,1,0,0,Sunny,Dinner,Host,213,9,8,1,7,6.5,15.0,682.5,3.27
2024-08-04,6,Sunday,1,0,0,Sunny,Dinner,Cashier,213,8,6,1,5,6.5,14.0,455.0,2.78
2024-08-04,6,Sunday,1,0,0,Sunny,Dinner,Dishwasher,213,10,10,0,10,6.5,13.0,845.0,4.98
2024-08-05,0,Monday,0,0,1,Sunny,Lunch,Server,129,17,16,2,14,5.0,14.0,980.0,3.21
2024-08-05,0,Monday,0,0,1,Sunny,Lunch,Cook,129,9,8,0,8,5.0,20.0,800.0,4.35
2024-08-05,0,Monday,0,0,1,Sunny,Lunch,Host,129,6,6,1,5,5.0,15.0,375.0,4.22
2024-08-05,0,Monday,0,0,1,Sunny,Lunch,Cashier,129,5,5,1,4,5.0,14.0,280.0,4.17
2024-08-05,0,Monday,0,0,1,Sunny,Lunch,Dishwasher,129,6,7,0,7,5.0,13.0,455.0,4.93
2024-08-05,0,Monday,0,0,1,Sunny,Dinner,Server,215,27,26,2,24,6.5,14.0,2184.0,2.69
2024-08-05,0,Monday,0,0,1,Sunny,Dinner,Cook,215,14,13,0,13,6.5,20.0,1690.0,3.98
2024-08-05,0,Monday,0,0,1,Sunny,Dinner,Host,215,9,8,2,6,6.5,15.0,585.0,3.16
2024-08-05,0,Monday,0,0,1,Sunny,Dinner,Cashier,215,8,6,0,6,6.5,14.0,546.0,3.52
2024-08-05,0,Monday,0,0,1,Sunny,Dinner,Dishwasher,215,10,9,1,8,6.5,13.0,676.0,3.73
2024-08-06,1,Tuesday,0,0,0,Rainy,Lunch,Server,99,13,13,2,11,5.0,14.0,770.0,3.54
2024-08-06,1,Tuesday,0,0,0,Rainy,Lunch,Cook,99,7,8,0,8,5.0,20.0,800.0,4.77
2024-08-06,1,Tuesday,0,0,0,Rainy,Lunch,Host,99,4,4,0,4,5.0,15.0,300.0,4.74
2024-08-06,1,Tuesday,0,0,0,Rainy,Lunch,Cashier,99,4,4,0,4,5.0,14.0,280.0,4.88
2024-08-06,1,Tuesday,0,0,0,Rainy,Lunch,Dishwasher,99,5,5,0,5,5.0,13.0,325.0,5.0
2024-08-06,1,Tuesday,0,0,0,Rainy,Dinner,Server,165,21,21,1,20,6.5,14.0,1820.0,4.36
2024-08-06,1,Tuesday,0,0,0,Rainy,Dinner,Cook,165,11,12,0,12,6.5,20.0,1560.0,4.83
2024-08-06,1,Tuesday,0,0,0,Rainy,Dinner,Host,165,7,6,0,6,6.5,15.0,585.0,4.13
2024-08-06,1,Tuesday,0,0,0,Rainy,Dinner,Cashier,165,6,6,0,6,6.5,14.0,546.0,4.85
2024-08-06,1,Tuesday,0,0,0,Rainy,Dinner,Dishwasher,165,8,7,1,6,6.5,13.0,507.0,3.9
2024-08-07,2,Wednesday,0,0,0,Rainy,Lunch,Server,100,13,14,0,14,5.0,14.0,980.0,4.85
2024-08-07,2,Wednesday,0,0,0,Rainy,Lunch,Cook,100,7,7,1,6,5.0,20.0,600.0,4.14
2024-08-07,2,Wednesday,0,0,0,Rainy,Lunch,Host,100,4,4,0,4,5.0,15.0,300.0,4.95
2024-08-07,2,Wednesday,0,0,0,Rainy,Lunch,Cashier,100,4,4,0,4,5.0,14.0,280.0,4.93
2024-08-07,2,Wednesday,0,0,0,Rainy,Lunch,Dishwasher,100,5,5,1,4,5.0,13.0,260.0,4.28
2024-08-07,2,Wednesday,0,0,0,Rainy,Dinner,Server,144,18,18,1,17,6.5,14.0,1547.0,4.18
2024-08-07,2,Wednesday,0,0,0,Rainy,Dinner,Cook,144,9,9,0,9,6.5,20.0,1170.0,4.55
2024-08-07,2,Wednesday,0,0,0,Rainy,Dinner,Host,144,6,5,0,5,6.5,15.0,487.5,4.1
2024-08-07,2,Wednesday,0,0,0,Rainy,Dinner,Cashier,144,6,6,0,6,6.5,14.0,546.0,4.83
2024-08-07,2,Wednesday,0,0,0,Rainy,Dinner,Dishwasher,144,7,7,1,6,6.5,13.0,507.0,4.14
2024-08-08,3,Thursday,0,0,0,Rainy,Lunch,Server,107,14,15,1,14,5.0,14.0,980.0,4.73
2024-08-08,3,Thursday,0,0,0,Rainy,Lunch,Cook,107,7,7,0,7,5.0,20.0,700.0,4.85
2024-08-08,3,Thursday,0,0,0,Rainy,Lunch,Host,107,5,6,0,6,5.0,15.0,450.0,4.94
2024-08-08,3,Thursday,0,0,0,Rainy,Lunch,Cashier,107,4,5,1,4,5.0,14.0,280.0,4.96
2024-08-08,3,Thursday,0,0,0,Rainy,Lunch,Dishwasher,107,5,6,1,5,5.0,13.0,325.0,4.83
2024-08-08,3,Thursday,0,0,0,Rainy,Dinner,Server,132,17,17,0,17,6.5,14.0,1547.0,4.69
2024-08-08,3,Thursday,0,0,0,Rainy,Dinner,Cook,132,9,9,1,8,6.5,20.0,1040.0,4.01
2024-08-08,3,Thursday,0,0,0,Rainy,Dinner,Host,132,6,6,1,5,6.5,15.0,487.5,4.37
2024-08-08,3,Thursday,0,0,0,Rainy,Dinner,Cashier,132,5,6,1,5,6.5,14.0,455.0,4.83
2024-08-08,3,Thursday,0,0,0,Rainy,Dinner,Dishwasher,132,6,7,1,6,6.5,13.0,507.0,4.77
2024-08-09,4,Friday,1,0,0,Rainy,Lunch,Server,113,15,14,1,13,5.0,14.0,910.0,3.61
2024-08-09,4,Friday,1,0,0,Rainy,Lunch,Cook,113,8,9,0,9,5.0,20.0,900.0,4.69
2024-08-09,4,Friday,1,0,0,Rainy,Lunch,Host,113,5,6,1,5,5.0,15.0,375.0,5.0
2024-08-09,4,Friday,1,0,0,Rainy,Lunch,Cashier,113,5,5,0,5,5.0,14.0,350.0,4.88
2024-08-09,4,Friday,1,0,0,Rainy,Lunch,Dishwasher,113,6,5,0,5,5.0,13.0,325.0,4.12
2024-08-09,4,Friday,1,0,0,Rainy,Dinner,Server,203,26,27,6,21,6.5,14.0,1911.0,1.93
2024-08-09,4,Friday,1,0,0,Rainy,Dinner,Cook,203,13,13,2,11,6.5,20.0,1430.0,3.51
2024-08-09,4,Friday,1,0,0,Rainy,Dinner,Host,203,9,8,1,7,6.5,15.0,682.5,3.32
2024-08-09,4,Friday,1,0,0,Rainy,Dinner,Cashier,203,8,7,0,7,6.5,14.0,637.0,4.13
2024-08-09,4,Friday,1,0,0,Rainy,Dinner,Dishwasher,203,10,10,0,10,6.5,13.0,845.0,4.77
2024-08-10,5,Saturday,1,0,1,Sunny,Lunch,Server,123,16,16,1,15,5.0,14.0,1050.0,4.05
2024-08-10,5,Saturday,1,0,1,Sunny,Lunch,Cook,123,8,8,0,8,5.0,20.0,800.0,4.76
2024-08-10,5,Saturday,1,0,1,Sunny,Lunch,Host,123,5,5,0,5,5.0,15.0,375.0,4.79
2024-08-10,5,Saturday,1,0,1,Sunny,Lunch,Cashier,123,5,5,1,4,5.0,14.0,280.0,4.18
2024-08-10,5,Saturday,1,0,1,Sunny,Lunch,Dishwasher,123,6,5,0,5,5.0,13.0,325.0,3.86
2024-08-10,5,Saturday,1,0,1,Sunny,Dinner,Server,293,37,37,2,35,6.5,14.0,3185.0,3.48
2024-08-10,5,Saturday,1,0,1,Sunny,Dinner,Cook,293,19,19,0,19,6.5,20.0,2470.0,4.74
2024-08-10,5,Saturday,1,0,1,Sunny,Dinner,Host,293,12,11,0,11,6.5,15.0,1072.5,4.14
2024-08-10,5,Saturday,1,0,1,Sunny,Dinner,Cashier,293,11,10,0,10,6.5,14.0,910.0,4.12
2024-08-10,5,Saturday,1,0,1,Sunny,Dinner,Dishwasher,293,14,14,3,11,6.5,13.0,929.5,2.92
2024-08-11,6,Sunday,1,0,0,Cloudy,Lunch,Server,96,12,12,1,11,5.0,14.0,770.0,4.12
2024-08-11,6,Sunday,1,0,0,Cloudy,Lunch,Cook,96,6,7,1,6,5.0,20.0,600.0,4.9
2024-08-11,6,Sunday,1,0,0,Cloudy,Lunch,Host,96,4,4,0,4,5.0,15.0,300.0,4.62
2024-08-11,6,Sunday,1,0,0,Cloudy,Lunch,Cashier,96,4,5,0,5,5.0,14.0,350.0,4.85
2024-08-11,6,Sunday,1,0,0,Cloudy,Lunch,Dishwasher,96,5,6,2,4,5.0,13.0,260.0,4.35
2024-08-11,6,Sunday,1,0,0,Cloudy,Dinner,Server,193,25,25,3,22,6.5,14.0,2002.0,2.97
2024-08-11,6,Sunday,1,0,0,Cloudy,Dinner,Cook,193,13,12,1,11,6.5,20.0,1430.0,3.26
2024-08-11,6,Sunday,1,0,0,Cloudy,Dinner,Host,193,8,8,2,6,6.5,15.0,585.0,3.51
2024-08-11,6,Sunday,1,0,0,Cloudy,Dinner,Cashier,193,7,7,1,6,6.5,14.0,546.0,3.96
2024-08-11,6,Sunday,1,0,0,Cloudy,Dinner,Dishwasher,193,9,9,0,9,6.5,13.0,760.5,4.64
2024-08-12,0,Monday,0,0,0,Sunny,Lunch,Server,89,12,13,1,12,5.0,14.0,840.0,4.83
2024-08-12,0,Monday,0,0,0,Sunny,Lunch,Cook,89,6,7,0,7,5.0,20.0,700.0,4.86
2024-08-12,0,Monday,0,0,0,Sunny,Lunch,Host,89,4,5,0,5,5.0,15.0,375.0,4.86
2024-08-12,0,Monday,0,0,0,Sunny,Lunch,Cashier,89,4,5,0,5,5.0,14.0,350.0,4.85
2024-08-12,0,Monday,0,0,0,Sunny,Lunch,Dishwasher,89,5,5,1,4,5.0,13.0,260.0,4.22
2024-08-12,0,Monday,0,0,0,Sunny,Dinner,Server,151,19,19,0,19,6.5,14.0,1729.0,4.7
2024-08-12,0,Monday,0,0,0,Sunny,Dinner,Cook,151,10,11,0,11,6.5,20.0,1430.0,4.84
2024-08-12,0,Monday,0,0,0,Sunny,Dinner,Host,151,7,7,0,7,6.5,15.0,682.5,4.8
2024-08-12,0,Monday,0,0,0,Sunny,Dinner,Cashier,151,6,7,1,6,6.5,14.0,546.0,4.66
2024-08-12,0,Monday,0,0,0,Sunny,Dinner,Dishwasher,151,7,7,0,7,6.5,13.0,591.5,4.88
2024-08-13,1,Tuesday,0,0,1,Cloudy,Lunch,Server,113,15,15,1,14,5.0,14.0,980.0,4.05
2024-08-13,1,Tuesday,0,0,1,Cloudy,Lunch,Cook,113,8,8,1,7,5.0,20.0,700.0,3.8
2024-08-13,1,Tuesday,0,0,1,Cloudy,Lunch,Host,113,5,5,0,5,5.0,15.0,375.0,4.8
2024-08-13,1,Tuesday,0,0,1,Cloudy,Lunch,Cashier,113,5,5,1,4,5.0,14.0,280.0,4.13
2024-08-13,1,Tuesday,0,0,1,Cloudy,Lunch,Dishwasher,113,6,5,0,5,5.0,13.0,325.0,4.14
2024-08-13,1,Tuesday,0,0,1,Cloudy,Dinner,Server,179,23,23,0,23,6.5,14.0,2093.0,4.94
2024-08-13,1,Tuesday,0,0,1,Cloudy,Dinner,Cook,179,12,11,0,11,6.5,20.0,1430.0,4.22
2024-08-13,1,Tuesday,0,0,1,Cloudy,Dinner,Host,179,8,8,0,8,6.5,15.0,780.0,4.73
2024-08-13,1,Tuesday,0,0,1,Cloudy,Dinner,Cashier,179,7,7,1,6,6.5,14.0,546.0,4.3
2024-08-13,1,Tuesday,0,0,1,Cloudy,Dinner,Dishwasher,179,9,9,2,7,6.5,13.0,591.5,3.67
2024-08-14,2,Wednesday,0,0,0,Sunny,Lunch,Server,95,12,13,2,11,5.0,14.0,770.0,3.91
2024-08-14,2,Wednesday,0,0,0,Sunny,Lunch,Cook,95,6,6,0,6,5.0,20.0,600.0,4.82
2024-08-14,2,Wednesday,0,0,0,Sunny,Lunch,Host,95,4,5,0,5,5.0,15.0,375.0,4.71
2024-08-14,2,Wednesday,0,0,0,Sunny,Lunch,Cashier,95,4,5,1,4,5.0,14.0,280.0,4.71
2024-08-14,2,Wednesday,0,0,0,Sunny,Lunch,Dishwasher,95,5,5,0,5,5.0,13.0,325.0,4.79
2024-08-14,2,Wednesday,0,0,0,Sunny,Dinner,Server,178,23,23,1,22,6.5,14.0,2002.0,3.96
2024-08-14,2,Wednesday,0,0,0,Sunny,Dinner,Cook,178,12,12,1,11,6.5,20.0,1430.0,3.97
2024-08-14,2,Wednesday,0,0,0,Sunny,Dinner,Host,178,8,7,0,7,6.5,15.0,682.5,4.21
2024-08-14,2,Wednesday,0,0,0,Sunny,Dinner,Cashier,178,7,7,0,7,6.5,14.0,637.0,4.7
2024-08-14,2,Wednesday,0,0,0,Sunny,Dinner,Dishwasher,178,9,9,0,9,6.5,13.0,760.5,4.84
2024-08-15,3,Thursday,0,0,0,Rainy,Lunch,Server,87,11,11,2,9,5.0,14.0,630.0,3.87
2024-08-15,3,Thursday,0,0,0,Rainy,Lunch,Cook,87,6,6,1,5,5.0,20.0,500.0,4.41
2024-08-15,3,Thursday,0,0,0,Rainy,Lunch,Host,87,4,4,0,4,5.0,15.0,300.0,4.79
2024-08-15,3,Thursday,0,0,0,Rainy,Lunch,Cashier,87,4,5,0,5,5.0,14.0,350.0,4.81
2024-08-15,3,Thursday,0,0,0,Rainy,Lunch,Dishwasher,87,4,4,0,4,5.0,13.0,260.0,4.74
2024-08-15,3,Thursday,0,0,0,Rainy,Dinner,Server,169,22,23,1,22,6.5,14.0,2002.0,4.68
2024-08-15,3,Thursday,0,0,0,Rainy,Dinner,Cook,169,11,12,0,12,6.5,20.0,1560.0,4.8
2024-08-15,3,Thursday,0,0,0,Rainy,Dinner,Host,169,7,6,0,6,6.5,15.0,585.0,4.09
2024-08-15,3,Thursday,0,0,0,Rainy,Dinner,Cashier,169,7,7,0,7,6.5,14.0,637.0,4.87
2024-08-15,3,Thursday,0,0,0,Rainy,Dinner,Dishwasher,169,8,8,1,7,6.5,13.0,591.5,4.36
2024-08-16,4,Friday,1,0,0,Sunny,Lunch,Server,109,14,14,3,11,5.0,14.0,770.0,2.64
2024-08-16,4,Friday,1,0,0,Sunny,Lunch,Cook,109,7,8,1,7,5.0,20.0,700.0,4.94
2024-08-16,4,Friday,1,0,0,Sunny,Lunch,Host,109,5,5,0,5,5.0,15.0,375.0,4.97
2024-08-16,4,Friday,1,0,0,Sunny,Lunch,Cashier,109,4,5,0,5,5.0,14.0,350.0,4.73
2024-08-16,4,Friday,1,0,0,Sunny,Lunch,Dishwasher,109,5,5,1,4,5.0,13.0,260.0,4.26
2024-08-16,4,Friday,1,0,0,Sunny,Dinner,Server,241,31,30,3,27,6.5,14.0,2457.0,2.54
2024-08-16,4,Friday,1,0,0,Sunny,Dinner,Cook,241,16,16,1,15,6.5,20.0,1950.0,4.29
2024-08-16,4,Friday,1,0,0,Sunny,Dinner,Host,241,10,9,1,8,6.5,15.0,780.0,3.38
2024-08-16,4,Friday,1,0,0,Sunny,Dinner,Cashier,241,9,9,1,8,6.5,14.0,728.0,4.18
2024-08-16,4,Friday,1,0,0,Sunny,Dinner,Dishwasher,241,11,10,0,10,6.5,13.0,845.0,4.01
2024-08-17,5,Saturday,1,0,1,Sunny,Lunch,Server,97,13,14,1,13,5.0,14.0,910.0,4.82
2024-08-17,5,Saturday,1,0,1,Sunny,Lunch,Cook,97,7,7,1,6,5.0,20.0,600.0,4.33
2024-08-17,5,Saturday,1,0,1,Sunny,Lunch,Host,97,4,5,0,5,5.0,15.0,375.0,4.78
2024-08-17,5,Saturday,1,0,1,Sunny,Lunch,Cashier,97,4,5,0,5,5.0,14.0,350.0,4.71
2024-08-17,5,Saturday,1,0,1,Sunny,Lunch,Dishwasher,97,5,6,0,6,5.0,13.0,390.0,4.78
2024-08-17,5,Saturday,1,0,1,Sunny,Dinner,Server,336,42,41,2,39,6.5,14.0,3549.0,3.15
2024-08-17,5,Saturday,1,0,1,Sunny,Dinner,Cook,336,21,20,2,18,6.5,20.0,2340.0,3.33
2024-08-17,5,Saturday,1,0,1,Sunny,Dinner,Host,336,14,14,0,14,6.5,15.0,1365.0,4.9
2024-08-17,5,Saturday,1,0,1,Sunny,Dinner,Cashier,336,12,10,0,10,6.5,14.0,910.0,3.16
2024-08-17,5,Saturday,1,0,1,Sunny,Dinner,Dishwasher,336,16,16,1,15,6.5,13.0,1267.5,4.17
2024-08-18,6,Sunday,1,0,0,Cloudy,Lunch,Server,102,13,13,1,12,5.0,14.0,840.0,4.31
2024-08-18,6,Sunday,1,0,0,Cloudy,Lunch,Cook,102,7,7,3,4,5.0,20.0,400.0,3.0
2024-08-18,6,Sunday,1,0,0,Cloudy,Lunch,Host,102,5,6,0,6,5.0,15.0,450.0,4.94
2024-08-18,6,Sunday,1,0,0,Cloudy,Lunch,Cashier,102,4,5,0,5,5.0,14.0,350.0,4.86
2024-08-18,6,Sunday,1,0,0,Cloudy,Lunch,Dishwasher,102,5,6,1,5,5.0,13.0,325.0,4.73
2024-08-18,6,Sunday,1,0,0,Cloudy,Dinner,Server,191,24,24,4,20,6.5,14.0,1820.0,2.56
2024-08-18,6,Sunday,1,0,0,Cloudy,Dinner,Cook,191,12,12,1,11,6.5,20.0,1430.0,4.5
2024-08-18,6,Sunday,1,0,0,Cloudy,Dinner,Host,191,8,8,0,8,6.5,15.0,780.0,5.0
2024-08-18,6,Sunday,1,0,0,Cloudy,Dinner,Cashier,191,7,7,1,6,6.5,14.0,546.0,4.0
2024-08-18,6,Sunday,1,0,0,Cloudy,Dinner,Dishwasher,191,9,10,2,8,6.5,13.0,676.0,4.38
2024-08-19,0,Monday,0,0,0,Sunny,Lunch,Server,99,13,14,0,14,5.0,14.0,980.0,4.86
2024-08-19,0,Monday,0,0,0,Sunny,Lunch,Cook,99,7,7,0,7,5.0,20.0,700.0,4.97
2024-08-19,0,Monday,0,0,0,Sunny,Lunch,Host,99,4,5,0,5,5.0,15.0,375.0,4.93
2024-08-19,0,Monday,0,0,0,Sunny,Lunch,Cashier,99,4,5,0,5,5.0,14.0,350.0,4.85
2024-08-19,0,Monday,0,0,0,Sunny,Lunch,Dishwasher,99,5,6,0,6,5.0,13.0,390.0,4.94
2024-08-19,0,Monday,0,0,0,Sunny,Dinner,Server,181,23,23,2,21,6.5,14.0,1911.0,3.78
2024-08-19,0,Monday,0,0,0,Sunny,Dinner,Cook,181,12,13,0,13,6.5,20.0,1690.0,4.52
2024-08-19,0,Monday,0,0,0,Sunny,Dinner,Host,181,8,9,0,9,6.5,15.0,877.5,4.65
2024-08-19,0,Monday,0,0,0,Sunny,Dinner,Cashier,181,7,6,0,6,6.5,14.0,546.0,4.19
2024-08-19,0,Monday,0,0,0,Sunny,Dinner,Dishwasher,181,9,9,2,7,6.5,13.0,591.5,3.53
2024-08-20,1,Tuesday,0,0,0,Sunny,Lunch,Server,80,10,11,0,11,5.0,14.0,770.0,4.67
2024-08-20,1,Tuesday,0,0,0,Sunny,Lunch,Cook,80,5,6,0,6,5.0,20.0,600.0,4.9
2024-08-20,1,Tuesday,0,0,0,Sunny,Lunch,Host,80,4,4,0,4,5.0,15.0,300.0,4.77
2024-08-20,1,Tuesday,0,0,0,Sunny,Lunch,Cashier,80,3,3,0,3,5.0,14.0,210.0,4.76
2024-08-20,1,Tuesday,0,0,0,Sunny,Lunch,Dishwasher,80,4,5,1,4,5.0,13.0,260.0,4.78
2024-08-20,1,Tuesday,0,0,0,Sunny,Dinner,Server,171,22,22,1,21,6.5,14.0,1911.0,4.42
2024-08-20,1,Tuesday,0,0,0,Sunny,Dinner,Cook,171,11,11,1,10,6.5,20.0,1300.0,4.3
2024-08-20,1,Tuesday,0,0,0,Sunny,Dinner,Host,171,7,7,1,6,6.5,15.0,585.0,4.06
2024-08-20,1,Tuesday,0,0,0,Sunny,Dinner,Cashier,171,7,7,0,7,6.5,14.0,637.0,4.85
2024-08-20,1,Tuesday,0,0,0,Sunny,Dinner,Dishwasher,171,8,9,2,7,6.5,13.0,591.5,3.93
2024-08-21,2,Wednesday,0,0,0,Sunny,Lunch,Server,86,11,11,0,11,5.0,14.0,770.0,4.73
2024-08-21,2,Wednesday,0,0,0,Sunny,Lunch,Cook,86,6,7,0,7,5.0,20.0,700.0,4.84
2024-08-21,2,Wednesday,0,0,0,Sunny,Lunch,Host,86,4,4,0,4,5.0,15.0,300.0,4.54
2024-08-21,2,Wednesday,0,0,0,Sunny,Lunch,Cashier,86,4,4,0,4,5.0,14.0,280.0,4.79
2024-08-21,2,Wednesday,0,0,0,Sunny,Lunch,Dishwasher,86,4,5,0,5,5.0,13.0,325.0,4.7
2024-08-21,2,Wednesday,0,0,0,Sunny,Dinner,Server,146,19,20,1,19,6.5,14.0,1729.0,4.83
2024-08-21,2,Wednesday,0,0,0,Sunny,Dinner,Cook,146,10,10,0,10,6.5,20.0,1300.0,4.52
2024-08-21,2,Wednesday,0,0,0,Sunny,Dinner,Host,146,6,7,0,7,6.5,15.0,682.5,4.74
2024-08-21,2,Wednesday,0,0,0,Sunny,Dinner,Cashier,146,6,6,0,6,6.5,14.0,546.0,4.61
2024-08-21,2,Wednesday,0,0,0,Sunny,Dinner,Dishwasher,146,7,8,0,8,6.5,13.0,676.0,4.58
2024-08-22,3,Thursday,0,0,0,Sunny,Lunch,Server,107,14,15,5,10,5.0,14.0,700.0,1.89
2024-08-22,3,Thursday,0,0,0,Sunny,Lunch,Cook,107,7,8,0,8,5.0,20.0,800.0,4.69
2024-08-22,3,Thursday,0,0,0,Sunny,Lunch,Host,107,5,6,0,6,5.0,15.0,450.0,4.94
2024-08-22,3,Thursday,0,0,0,Sunny,Lunch,Cashier,107,4,4,0,4,5.0,14.0,280.0,4.78
2024-08-22,3,Thursday,0,0,0,Sunny,Lunch,Dishwasher,107,5,5,1,4,5.0,13.0,260.0,4.25
2024-08-22,3,Thursday,0,0,0,Sunny,Dinner,Server,147,19,18,1,17,6.5,14.0,1547.0,3.63
2024-08-22,3,Thursday,0,0,0,Sunny,Dinner,Cook,147,10,11,0,11,6.5,20.0,1430.0,4.77
2024-08-22,3,Thursday,0,0,0,Sunny,Dinner,Host,147,6,6,0,6,6.5,15.0,585.0,4.77
2024-08-22,3,Thursday,0,0,0,Sunny,Dinner,Cashier,147,6,6,1,5,6.5,14.0,455.0,4.05
2024-08-22,3,Thursday,0,0,0,Sunny,Dinner,Dishwasher,147,7,8,2,6,6.5,13.0,507.0,4.1
2024-08-23,4,Friday,1,0,0,Sunny,Lunch,Server,98,13,13,1,12,5.0,14.0,840.0,4.22
2024-08-23,4,Friday,1,0,0,Sunny,Lunch,Cook,98,7,7,1,6,5.0,20.0,600.0,3.97
2024-08-23,4,Friday,1,0,0,Sunny,Lunch,Host,98,4,4,0,4,5.0,15.0,300.0,4.79
2024-08-23,4,Friday,1,0,0,Sunny,Lunch,Cashier,98,4,4,0,4,5.0,14.0,280.0,4.75
2024-08-23,4,Friday,1,0,0,Sunny,Lunch,Dishwasher,98,5,6,1,5,5.0,13.0,325.0,4.52
2024-08-23,4,Friday,1,0,0,Sunny,Dinner,Server,269,34,32,3,29,6.5,14.0,2639.0,2.25
2024-08-23,4,Friday,1,0,0,Sunny,Dinner,Cook,269,17,16,1,15,6.5,20.0,1950.0,3.72
2024-08-23,4,Friday,1,0,0,Sunny,Dinner,Host,269,11,10,1,9,6.5,15.0,877.5,3.62
2024-08-23,4,Friday,1,0,0,Sunny,Dinner,Cashier,269,10,9,0,9,6.5,14.0,819.0,4.22
2024-08-23,4,Friday,1,0,0,Sunny,Dinner,Dishwasher,269,13,11,0,11,6.5,13.0,929.5,3.81
2024-08-24,5,Saturday,1,0,0,Sunny,Lunch,Server,97,13,13,1,12,5.0,14.0,840.0,4.09
2024-08-24,5,Saturday,1,0,0,Sunny,Lunch,Cook,97,7,8,1,7,5.0,20.0,700.0,4.8
2024-08-24,5,Saturday,1,0,0,Sunny,Lunch,Host,97,4,5,0,5,5.0,15.0,375.0,4.99
2024-08-24,5,Saturday,1,0,0,Sunny,Lunch,Cashier,97,4,4,0,4,5.0,14.0,280.0,4.62
2024-08-24,5,Saturday,1,0,0,Sunny,Lunch,Dishwasher,97,5,5,0,5,5.0,13.0,325.0,4.73
2024-08-24,5,Saturday,1,0,0,Sunny,Dinner,Server,230,29,28,4,24,6.5,14.0,2184.0,1.58
2024-08-24,5,Saturday,1,0,0,Sunny,Dinner,Cook,230,15,14,1,13,6.5,20.0,1690.0,3.61
2024-08-24,5,Saturday,1,0,0,Sunny,Dinner,Host,230,10,10,2,8,6.5,15.0,780.0,3.64
2024-08-24,5,Saturday,1,0,0,Sunny,Dinner,Cashier,230,9,8,1,7,6.5,14.0,637.0,3.84
2024-08-24,5,Saturday,1,0,0,Sunny,Dinner,Dishwasher,230,11,10,0,10,6.5,13.0,845.0,4.16
2024-08-25,6,Sunday,1,0,0,Sunny,Lunch,Server,98,13,13,1,12,5.0,14.0,840.0,3.91
2024-08-25,6,Sunday,1,0,0,Sunny,Lunch,Cook,98,7,7,1,6,5.0,20.0,600.0,4.15
2024-08-25,6,Sunday,1,0,0,Sunny,Lunch,Host,98,4,4,1,3,5.0,15.0,225.0,4.12
2024-08-25,6,Sunday,1,0,0,Sunny,Lunch,Cashier,98,4,5,0,5,5.0,14.0,350.0,4.85
2024-08-25,6,Sunday,1,0,0,Sunny,Lunch,Dishwasher,98,5,6,1,5,5.0,13.0,325.0,4.79
2024-08-25,6,Sunday,1,0,0,Sunny,Dinner,Server,214,27,27,0,27,6.5,14.0,2457.0,4.65
2024-08-25,6,Sunday,1,0,0,Sunny,Dinner,Cook,214,14,12,1,11,6.5,20.0,1430.0,2.67
2024-08-25,6,Sunday,1,0,0,Sunny,Dinner,Host,214,9,7,1,6,6.5,15.0,585.0,2.85
2024-08-25,6,Sunday,1,0,0,Sunny,Dinner,Cashier,214,8,7,2,5,6.5,14.0,455.0,2.78
2024-08-25,6,Sunday,1,0,0,Sunny,Dinner,Dishwasher,214,10,10,1,9,6.5,13.0,760.5,4.2
2024-08-26,0,Monday,0,0,0,Sunny,Lunch,Server,111,14,15,0,15,5.0,14.0,1050.0,4.7
2024-08-26,0,Monday,0,0,0,Sunny,Lunch,Cook,111,7,6,0,6,5.0,20.0,600.0,4.15
2024-08-26,0,Monday,0,0,0,Sunny,Lunch,Host,111,5,6,0,6,5.0,15.0,450.0,4.94
2024-08-26,0,Monday,0,0,0,Sunny,Lunch,Cashier,111,4,5,1,4,5.0,14.0,280.0,4.59
2024-08-26,0,Monday,0,0,0,Sunny,Lunch,Dishwasher,111,6,6,1,5,5.0,13.0,325.0,4.05
2024-08-26,0,Monday,0,0,0,Sunny,Dinner,Server,174,22,22,1,21,6.5,14.0,1911.0,4.12
2024-08-26,0,Monday,0,0,0,Sunny,Dinner,Cook,174,11,11,0,11,6.5,20.0,1430.0,4.77
2024-08-26,0,Monday,0,0,0,Sunny,Dinner,Host,174,7,7,0,7,6.5,15.0,682.5,4.68
2024-08-26,0,Monday,0,0,0,Sunny,Dinner,Cashier,174,7,7,0,7,6.5,14.0,637.0,4.7
2024-08-26,0,Monday,0,0,0,Sunny,Dinner,Dishwasher,174,8,8,1,7,6.5,13.0,591.5,4.36
2024-08-27,1,Tuesday,0,0,1,Sunny,Lunch,Server,125,16,15,2,13,5.0,14.0,910.0,2.83
2024-08-27,1,Tuesday,0,0,1,Sunny,Lunch,Cook,125,8,7,0,7,5.0,20.0,700.0,3.97
2024-08-27,1,Tuesday,0,0,1,Sunny,Lunch,Host,125,5,5,1,4,5.0,15.0,300.0,3.91
2024-08-27,1,Tuesday,0,0,1,Sunny,Lunch,Cashier,125,5,5,0,5,5.0,14.0,350.0,4.73
2024-08-27,1,Tuesday,0,0,1,Sunny,Lunch,Dishwasher,125,6,6,0,6,5.0,13.0,390.0,4.7
2024-08-27,1,Tuesday,0,0,1,Sunny,Dinner,Server,235,30,28,1,27,6.5,14.0,2457.0,2.72
2024-08-27,1,Tuesday,0,0,1,Sunny,Dinner,Cook,235,15,15,1,14,6.5,20.0,1820.0,3.99
2024-08-27,1,Tuesday,0,0,1,Sunny,Dinner,Host,235,10,10,3,7,6.5,15.0,682.5,3.16
2024-08-27,1,Tuesday,0,0,1,Sunny,Dinner,Cashier,235,9,7,0,7,6.5,14.0,637.0,3.52
2024-08-27,1,Tuesday,0,0,1,Sunny,Dinner,Dishwasher,235,11,11,1,10,6.5,13.0,845.0,4.08
2024-08-28,2,Wednesday,0,0,0,Rainy,Lunch,Server,75,10,11,0,11,5.0,14.0,770.0,4.85
2024-08-28,2,Wednesday,0,0,0,Rainy,Lunch,Cook,75,5,5,0,5,5.0,20.0,500.0,4.69
2024-08-28,2,Wednesday,0,0,0,Rainy,Lunch,Host,75,3,3,1,2,5.0,15.0,150.0,4.25
2024-08-28,2,Wednesday,0,0,0,Rainy,Lunch,Cashier,75,3,3,0,3,5.0,14.0,210.0,4.73
2024-08-28,2,Wednesday,0,0,0,Rainy,Lunch,Dishwasher,75,4,5,0,5,5.0,13.0,325.0,4.93
2024-08-28,2,Wednesday,0,0,0,Rainy,Dinner,Server,131,17,18,0,18,6.5,14.0,1638.0,4.68
2024-08-28,2,Wednesday,0,0,0,Rainy,Dinner,Cook,131,9,10,0,10,6.5,20.0,1300.0,4.77
2024-08-28,2,Wednesday,0,0,0,Rainy,Dinner,Host,131,6,6,0,6,6.5,15.0,585.0,4.84
2024-08-28,2,Wednesday,0,0,0,Rainy,Dinner,Cashier,131,5,4,0,4,6.5,14.0,364.0,4.26
2024-08-28,2,Wednesday,0,0,0,Rainy,Dinner,Dishwasher,131,6,7,0,7,6.5,13.0,591.5,4.82
2024-08-29,3,Thursday,0,0,0,Rainy,Lunch,Server,89,12,12,1,11,5.0,14.0,770.0,4.23
2024-08-29,3,Thursday,0,0,0,Rainy,Lunch,Cook,89,6,7,0,7,5.0,20.0,700.0,4.52
2024-08-29,3,Thursday,0,0,0,Rainy,Lunch,Host,89,4,5,0,5,5.0,15.0,375.0,4.56
2024-08-29,3,Thursday,0,0,0,Rainy,Lunch,Cashier,89,4,4,0,4,5.0,14.0,280.0,4.72
2024-08-29,3,Thursday,0,0,0,Rainy,Lunch,Dishwasher,89,5,6,0,6,5.0,13.0,390.0,4.85
2024-08-29,3,Thursday,0,0,0,Rainy,Dinner,Server,150,19,19,2,17,6.5,14.0,1547.0,3.44
2024-08-29,3,Thursday,0,0,0,Rainy,Dinner,Cook,150,10,10,0,10,6.5,20.0,1300.0,4.83
2024-08-29,3,Thursday,0,0,0,Rainy,Dinner,Host,150,6,5,0,5,6.5,15.0,487.5,4.18
2024-08-29,3,Thursday,0,0,0,Rainy,Dinner,Cashier,150,6,6,1,5,6.5,14.0,455.0,4.08
2024-08-29,3,Thursday,0,0,0,Rainy,Dinner,Dishwasher,150,7,7,0,7,6.5,13.0,591.5,4.98
2024-08-30,4,Friday,1,0,0,Rainy,Lunch,Server,117,15,16,1,15,5.0,14.0,1050.0,4.73
2024-08-30,4,Friday,1,0,0,Rainy,Lunch,Cook,117,8,8,0,8,5.0,20.0,800.0,4.92
2024-08-30,4,Friday,1,0,0,Rainy,Lunch,Host,117,5,5,1,4,5.0,15.0,300.0,4.29
2024-08-30,4,Friday,1,0,0,Rainy,Lunch,Cashier,117,5,5,0,5,5.0,14.0,350.0,4.63
2024-08-30,4,Friday,1,0,0,Rainy,Lunch,Dishwasher,117,6,5,0,5,5.0,13.0,325.0,4.09
2024-08-30,4,Friday,1,0,0,Rainy,Dinner,Server,208,26,26,1,25,6.5,14.0,2275.0,4.35
2024-08-30,4,Friday,1,0,0,Rainy,Dinner,Cook,208,13,12,1,11,6.5,20.0,1430.0,3.59
2024-08-30,4,Friday,1,0,0,Rainy,Dinner,Host,208,9,10,1,9,6.5,15.0,877.5,4.85
2024-08-30,4,Friday,1,0,0,Rainy,Dinner,Cashier,208,8,8,0,8,6.5,14.0,728.0,4.9
2024-08-30,4,Friday,1,0,0,Rainy,Dinner,Dishwasher,208,10,10,1,9,6.5,13.0,760.5,4.17
2024-08-31,5,Saturday,1,0,0,Sunny,Lunch,Server,113,15,16,0,16,5.0,14.0,1120.0,4.97
2024-08-31,5,Saturday,1,0,0,Sunny,Lunch,Cook,113,8,8,0,8,5.0,20.0,800.0,4.76
2024-08-31,5,Saturday,1,0,0,Sunny,Lunch,Host,113,5,5,2,3,5.0,15.0,225.0,3.75
2024-08-31,5,Saturday,1,0,0,Sunny,Lunch,Cashier,113,5,6,1,5,5.0,14.0,350.0,4.75
2024-08-31,5,Saturday,1,0,0,Sunny,Lunch,Dishwasher,113,6,6,0,6,5.0,13.0,390.0,4.68
2024-08-31,5,Saturday,1,0,0,Sunny,Dinner,Server,246,31,30,1,29,6.5,14.0,2639.0,3.31
2024-08-31,5,Saturday,1,0,0,Sunny,Dinner,Cook,246,16,15,3,12,6.5,20.0,1560.0,2.33
2024-08-31,5,Saturday,1,0,0,Sunny,Dinner,Host,246,10,9,0,9,6.5,15.0,877.5,4.33
2024-08-31,5,Saturday,1,0,0,Sunny,Dinner,Cashier,246,9,7,0,7,6.5,14.0,637.0,3.69
2024-08-31,5,Saturday,1,0,0,Sunny,Dinner,Dishwasher,246,12,11,1,10,6.5,13.0,845.0,3.34
2024-09-01,6,Sunday,1,0,1,Sunny,Lunch,Server,108,14,14,1,13,5.0,14.0,910.0,4.0
2024-09-01,6,Sunday,1,0,1,Sunny,Lunch,Cook,108,7,8,1,7,5.0,20.0,700.0,4.83
2024-09-01,6,Sunday,1,0,1,Sunny,Lunch,Host,108,5,6,0,6,5.0,15.0,450.0,4.85
2024-09-01,6,Sunday,1,0,1,Sunny,Lunch,Cashier,108,4,5,0,5,5.0,14.0,350.0,4.76
2024-09-01,6,Sunday,1,0,1,Sunny,Lunch,Dishwasher,108,5,5,1,4,5.0,13.0,260.0,4.08
2024-09-01,6,Sunday,1,0,1,Sunny,Dinner,Server,255,32,31,0,31,6.5,14.0,2821.0,4.21
2024-09-01,6,Sunday,1,0,1,Sunny,Dinner,Cook,255,16,16,1,15,6.5,20.0,1950.0,3.79
2024-09-01,6,Sunday,1,0,1,Sunny,Dinner,Host,255,11,10,2,8,6.5,15.0,780.0,2.98
2024-09-01,6,Sunday,1,0,1,Sunny,Dinner,Cashier,255,10,9,0,9,6.5,14.0,819.0,4.14
2024-09-01,6,Sunday,1,0,1,Sunny,Dinner,Dishwasher,255,12,11,1,10,6.5,13.0,845.0,3.47
2024-09-02,0,Monday,0,1,0,Sunny,Lunch,Server,136,17,17,0,17,5.0,14.0,1190.0,4.84
2024-09-02,0,Monday,0,1,0,Sunny,Lunch,Cook,136,9,10,0,10,5.0,20.0,1000.0,5.0
2024-09-02,0,Monday,0,1,0,Sunny,Lunch,Host,136,6,6,0,6,5.0,15.0,450.0,4.71
2024-09-02,0,Monday,0,1,0,Sunny,Lunch,Cashier,136,5,4,0,4,5.0,14.0,280.0,4.07
2024-09-02,0,Monday,0,1,0,Sunny,Lunch,Dishwasher,136,7,7,0,7,5.0,13.0,455.0,4.71
2024-09-02,0,Monday,0,1,0,Sunny,Dinner,Server,226,29,29,0,29,6.5,14.0,2639.0,4.58
2024-09-02,0,Monday,0,1,0,Sunny,Dinner,Cook,226,15,14,2,12,6.5,20.0,1560.0,3.16
2024-09-02,0,Monday,0,1,0,Sunny,Dinner,Host,226,10,10,0,10,6.5,15.0,975.0,4.77
2024-09-02,0,Monday,0,1,0,Sunny,Dinner,Cashier,226,9,9,1,8,6.5,14.0,728.0,4.21
2024-09-02,0,Monday,0,1,0,Sunny,Dinner,Dishwasher,226,11,10,1,9,6.5,13.0,760.5,3.6
2024-09-03,1,Tuesday,0,0,0,Sunny,Lunch,Server,116,15,16,1,15,5.0,14.0,1050.0,4.76
2024-09-03,1,Tuesday,0,0,0,Sunny,Lunch,Cook,116,8,8,0,8,5.0,20.0,800.0,4.8
2024-09-03,1,Tuesday,0,0,0,Sunny,Lunch,Host,116,5,5,0,5,5.0,15.0,375.0,4.79
2024-09-03,1,Tuesday,0,0,0,Sunny,Lunch,Cashier,116,5,5,0,5,5.0,14.0,350.0,4.83
2024-09-03,1,Tuesday,0,0,0,Sunny,Lunch,Dishwasher,116,6,6,0,6,5.0,13.0,390.0,4.79
2024-09-03,1,Tuesday,0,0,0,Sunny,Dinner,Server,169,22,22,2,20,6.5,14.0,1820.0,3.59
2024-09-03,1,Tuesday,0,0,0,Sunny,Dinner,Cook,169,11,10,0,10,6.5,20.0,1300.0,3.8
2024-09-03,1,Tuesday,0,0,0,Sunny,Dinner,Host,169,7,7,0,7,6.5,15.0,682.5,4.63
2024-09-03,1,Tuesday,0,0,0,Sunny,Dinner,Cashier,169,7,7,0,7,6.5,14.0,637.0,4.79
2024-09-03,1,Tuesday,0,0,0,Sunny,Dinner,Dishwasher,169,8,8,0,8,6.5,13.0,676.0,4.69
2024-09-04,2,Wednesday,0,0,0,Rainy,Lunch,Server,94,12,12,1,11,5.0,14.0,770.0,4.37
2024-09-04,2,Wednesday,0,0,0,Rainy,Lunch,Cook,94,6,6,0,6,5.0,20.0,600.0,4.88
2024-09-04,2,Wednesday,0,0,0,Rainy,Lunch,Host,94,4,4,0,4,5.0,15.0,300.0,4.81
2024-09-04,2,Wednesday,0,0,0,Rainy,Lunch,Cashier,94,4,5,0,5,5.0,14.0,350.0,4.8
2024-09-04,2,Wednesday,0,0,0,Rainy,Lunch,Dishwasher,94,5,6,0,6,5.0,13.0,390.0,4.82
2024-09-04,2,Wednesday,0,0,0,Rainy,Dinner,Server,155,20,19,0,19,6.5,14.0,1729.0,4.19
2024-09-04,2,Wednesday,0,0,0,Rainy,Dinner,Cook,155,10,10,0,10,6.5,20.0,1300.0,4.61
2024-09-04,2,Wednesday,0,0,0,Rainy,Dinner,Host,155,7,7,0,7,6.5,15.0,682.5,4.94
2024-09-04,2,Wednesday,0,0,0,Rainy,Dinner,Cashier,155,6,5,1,4,6.5,14.0,364.0,3.8
2024-09-04,2,Wednesday,0,0,0,Rainy,Dinner,Dishwasher,155,8,8,1,7,6.5,13.0,591.5,4.27
2024-09-05,3,Thursday,0,0,0,Rainy,Lunch,Server,82,11,12,0,12,5.0,14.0,840.0,4.73
2024-09-05,3,Thursday,0,0,0,Rainy,Lunch,Cook,82,6,6,1,5,5.0,20.0,500.0,4.2
2024-09-05,3,Thursday,0,0,0,Rainy,Lunch,Host,82,4,4,1,3,5.0,15.0,225.0,4.16
2024-09-05,3,Thursday,0,0,0,Rainy,Lunch,Cashier,82,3,3,1,2,5.0,14.0,140.0,4.02
2024-09-05,3,Thursday,0,0,0,Rainy,Lunch,Dishwasher,82,4,4,0,4,5.0,13.0,260.0,4.88
2024-09-05,3,Thursday,0,0,0,Rainy,Dinner,Server,156,20,20,1,19,6.5,14.0,1729.0,4.55
2024-09-05,3,Thursday,0,0,0,Rainy,Dinner,Cook,156,10,10,0,10,6.5,20.0,1300.0,4.84
2024-09-05,3,Thursday,0,0,0,Rainy,Dinner,Host,156,7,8,1,7,6.5,15.0,682.5,4.79
2024-09-05,3,Thursday,0,0,0,Rainy,Dinner,Cashier,156,6,6,0,6,6.5,14.0,546.0,4.61
2024-09-05,3,Thursday,0,0,0,Rainy,Dinner,Dishwasher,156,8,8,0,8,6.5,13.0,676.0,4.79
2024-09-06,4,Friday,1,0,1,Snow,Lunch,Server,105,14,14,3,11,5.0,14.0,770.0,2.81
2024-09-06,4,Friday,1,0,1,Snow,Lunch,Cook,105,7,7,2,5,5.0,20.0,500.0,3.49
2024-09-06,4,Friday,1,0,1,Snow,Lunch,Host,105,5,5,0,5,5.0,15.0,375.0,4.89
2024-09-06,4,Friday,1,0,1,Snow,Lunch,Cashier,105,4,5,0,5,5.0,14.0,350.0,4.85
2024-09-06,4,Friday,1,0,1,Snow,Lunch,Dishwasher,105,5,6,0,6,5.0,13.0,390.0,4.78
2024-09-06,4,Friday,1,0,1,Snow,Dinner,Server,233,30,29,1,28,6.5,14.0,2548.0,3.77
2024-09-06,4,Friday,1,0,1,Snow,Dinner,Cook,233,15,15,1,14,6.5,20.0,1820.0,4.22
2024-09-06,4,Friday,1,0,1,Snow,Dinner,Host,233,10,8,0,8,6.5,15.0,780.0,3.35
2024-09-06,4,Friday,1,0,1,Snow,Dinner,Cashier,233,9,8,0,8,6.5,14.0,728.0,4.3
2024-09-06,4,Friday,1,0,1,Snow,Dinner,Dishwasher,233,11,11,1,10,6.5,13.0,845.0,4.28
2024-09-07,5,Saturday,1,0,0,Sunny,Lunch,Server,81,11,11,1,10,5.0,14.0,700.0,4.09
2024-09-07,5,Saturday,1,0,0,Sunny,Lunch,Cook,81,6,6,0,6,5.0,20.0,600.0,4.69
2024-09-07,5,Saturday,1,0,0,Sunny,Lunch,Host,81,4,5,0,5,5.0,15.0,375.0,4.67
2024-09-07,5,Saturday,1,0,0,Sunny,Lunch,Cashier,81,3,3,0,3,5.0,14.0,210.0,4.62
2024-09-07,5,Saturday,1,0,0,Sunny,Lunch,Dishwasher,81,4,4,0,4,5.0,13.0,260.0,4.79
2024-09-07,5,Saturday,1,0,0,Sunny,Dinner,Server,256,32,31,2,29,6.5,14.0,2639.0,3.3
2024-09-07,5,Saturday,1,0,0,Sunny,Dinner,Cook,256,16,15,1,14,6.5,20.0,1820.0,3.58
2024-09-07,5,Saturday,1,0,0,Sunny,Dinner,Host,256,11,9,0,9,6.5,15.0,877.5,3.39
2024-09-07,5,Saturday,1,0,0,Sunny,Dinner,Cashier,256,10,9,0,9,6.5,14.0,819.0,4.14
2024-09-07,5,Saturday,1,0,0,Sunny,Dinner,Dishwasher,256,12,10,0,10,6.5,13.0,845.0,3.55
2024-09-08,6,Sunday,1,0,0,Sunny,Lunch,Server,110,14,13,2,11,5.0,14.0,770.0,2.78
2024-09-08,6,Sunday,1,0,0,Sunny,Lunch,Cook,110,7,7,0,7,5.0,20.0,700.0,4.67
2024-09-08,6,Sunday,1,0,0,Sunny,Lunch,Host,110,5,5,0,5,5.0,15.0,375.0,4.61
2024-09-08,6,Sunday,1,0,0,Sunny,Lunch,Cashier,110,4,4,0,4,5.0,14.0,280.0,4.95
2024-09-08,6,Sunday,1,0,0,Sunny,Lunch,Dishwasher,110,5,5,0,5,5.0,13.0,325.0,4.81
2024-09-08,6,Sunday,1,0,0,Sunny,Dinner,Server,187,24,24,2,22,6.5,14.0,2002.0,3.41
2024-09-08,6,Sunday,1,0,0,Sunny,Dinner,Cook,187,12,12,0,12,6.5,20.0,1560.0,4.8
2024-09-08,6,Sunday,1,0,0,Sunny,Dinner,Host,187,8,7,0,7,6.5,15.0,682.5,4.15
2024-09-08,6,Sunday,1,0,0,Sunny,Dinner,Cashier,187,7,7,1,6,6.5,14.0,546.0,4.26
2024-09-08,6,Sunday,1,0,0,Sunny,Dinner,Dishwasher,187,9,8,0,8,6.5,13.0,676.0,4.15
2024-09-09,0,Monday,0,0,0,Cloudy,Lunch,Server,116,15,16,1,15,5.0,14.0,1050.0,4.71
2024-09-09,0,Monday,0,0,0,Cloudy,Lunch,Cook,116,8,9,0,9,5.0,20.0,900.0,4.9
2024-09-09,0,Monday,0,0,0,Cloudy,Lunch,Host,116,5,5,0,5,5.0,15.0,375.0,4.69
2024-09-09,0,Monday,0,0,0,Cloudy,Lunch,Cashier,116,5,6,0,6,5.0,14.0,420.0,4.78
2024-09-09,0,Monday,0,0,0,Cloudy,Lunch,Dishwasher,116,6,6,0,6,5.0,13.0,390.0,4.78
2024-09-09,0,Monday,0,0,0,Cloudy,Dinner,Server,164,21,22,0,22,6.5,14.0,2002.0,4.79
2024-09-09,0,Monday,0,0,0,Cloudy,Dinner,Cook,164,11,10,1,9,6.5,20.0,1170.0,3.39
2024-09-09,0,Monday,0,0,0,Cloudy,Dinner,Host,164,7,7,0,7,6.5,15.0,682.5,4.79
2024-09-09,0,Monday,0,0,0,Cloudy,Dinner,Cashier,164,6,5,0,5,6.5,14.0,455.0,4.06
2024-09-09,0,Monday,0,0,0,Cloudy,Dinner,Dishwasher,164,8,8,0,8,6.5,13.0,676.0,4.99
2024-09-10,1,Tuesday,0,0,0,Sunny,Lunch,Server,103,13,14,2,12,5.0,14.0,840.0,3.94
2024-09-10,1,Tuesday,0,0,0,Sunny,Lunch,Cook,103,7,8,0,8,5.0,20.0,800.0,4.64
2024-09-10,1,Tuesday,0,0,0,Sunny,Lunch,Host,103,5,5,0,5,5.0,15.0,375.0,4.89
2024-09-10,1,Tuesday,0,0,0,Sunny,Lunch,Cashier,103,4,4,0,4,5.0,14.0,280.0,4.81
2024-09-10,1,Tuesday,0,0,0,Sunny,Lunch,Dishwasher,103,5,5,1,4,5.0,13.0,260.0,4.34
2024-09-10,1,Tuesday,0,0,0,Sunny,Dinner,Server,191,24,23,2,21,6.5,14.0,1911.0,2.8
2024-09-10,1,Tuesday,0,0,0,Sunny,Dinner,Cook,191,12,12,1,11,6.5,20.0,1430.0,4.28
2024-09-10,1,Tuesday,0,0,0,Sunny,Dinner,Host,191,8,9,0,9,6.5,15.0,877.5,4.66
2024-09-10,1,Tuesday,0,0,0,Sunny,Dinner,Cashier,191,7,6,0,6,6.5,14.0,546.0,4.23
2024-09-10,1,Tuesday,0,0,0,Sunny,Dinner,Dishwasher,191,9,8,0,8,6.5,13.0,676.0,4.19
2024-09-11,2,Wednesday,0,0,0,Sunny,Lunch,Server,118,15,15,1,14,5.0,14.0,980.0,4.3
2024-09-11,2,Wednesday,0,0,0,Sunny,Lunch,Cook,118,8,8,1,7,5.0,20.0,700.0,4.24
2024-09-11,2,Wednesday,0,0,0,Sunny,Lunch,Host,118,5,5,0,5,5.0,15.0,375.0,4.7
2024-09-11,2,Wednesday,0,0,0,Sunny,Lunch,Cashier,118,5,5,0,5,5.0,14.0,350.0,4.81
2024-09-11,2,Wednesday,0,0,0,Sunny,Lunch,Dishwasher,118,6,6,0,6,5.0,13.0,390.0,4.88
2024-09-11,2,Wednesday,0,0,0,Sunny,Dinner,Server,191,24,25,2,23,6.5,14.0,2093.0,4.05
2024-09-11,2,Wednesday,0,0,0,Sunny,Dinner,Cook,191,12,12,0,12,6.5,20.0,1560.0,4.97
2024-09-11,2,Wednesday,0,0,0,Sunny,Dinner,Host,191,8,9,1,8,6.5,15.0,780.0,4.86
2024-09-11,2,Wednesday,0,0,0,Sunny,Dinner,Cashier,191,7,6,1,5,6.5,14.0,455.0,3.24
2024-09-11,2,Wednesday,0,0,0,Sunny,Dinner,Dishwasher,191,9,9,0,9,6.5,13.0,760.5,4.8
2024-09-12,3,Thursday,0,0,0,Sunny,Lunch,Server,74,10,10,0,10,5.0,14.0,700.0,4.82
2024-09-12,3,Thursday,0,0,0,Sunny,Lunch,Cook,74,5,5,0,5,5.0,20.0,500.0,5.0
2024-09-12,3,Thursday,0,0,0,Sunny,Lunch,Host,74,3,4,0,4,5.0,15.0,300.0,4.71
2024-09-12,3,Thursday,0,0,0,Sunny,Lunch,Cashier,74,3,4,0,4,5.0,14.0,280.0,4.83
2024-09-12,3,Thursday,0,0,0,Sunny,Lunch,Dishwasher,74,4,5,1,4,5.0,13.0,260.0,4.54
2024-09-12,3,Thursday,0,0,0,Sunny,Dinner,Server,191,24,23,1,22,6.5,14.0,2002.0,3.41
2024-09-12,3,Thursday,0,0,0,Sunny,Dinner,Cook,191,12,11,0,11,6.5,20.0,1430.0,4.12
2024-09-12,3,Thursday,0,0,0,Sunny,Dinner,Host,191,8,8,0,8,6.5,15.0,780.0,4.78
2024-09-12,3,Thursday,0,0,0,Sunny,Dinner,Cashier,191,7,8,0,8,6.5,14.0,728.0,4.78
2024-09-12,3,Thursday,0,0,0,Sunny,Dinner,Dishwasher,191,9,9,0,9,6.5,13.0,760.5,4.71
2024-09-13,4,Friday,1,0,1,Sunny,Lunch,Server,143,18,18,3,15,5.0,14.0,1050.0,3.18
2024-09-13,4,Friday,1,0,1,Sunny,Lunch,Cook,143,9,9,0,9,5.0,20.0,900.0,4.66
2024-09-13,4,Friday,1,0,1,Sunny,Lunch,Host,143,6,6,0,6,5.0,15.0,450.0,4.84
2024-09-13,4,Friday,1,0,1,Sunny,Lunch,Cashier,143,6,6,1,5,5.0,14.0,350.0,4.14
2024-09-13,4,Friday,1,0,1,Sunny,Lunch,Dishwasher,143,7,6,0,6,5.0,13.0,390.0,3.93
2024-09-13,4,Friday,1,0,1,Sunny,Dinner,Server,257,33,32,3,29,6.5,14.0,2639.0,2.03
2024-09-13,4,Friday,1,0,1,Sunny,Dinner,Cook,257,17,15,0,15,6.5,20.0,1950.0,3.97
2024-09-13,4,Friday,1,0,1,Sunny,Dinner,Host,257,11,11,0,11,6.5,15.0,1072.5,4.79
2024-09-13,4,Friday,1,0,1,Sunny,Dinner,Cashier,257,10,9,0,9,6.5,14.0,819.0,4.13
2024-09-13,4,Friday,1,0,1,Sunny,Dinner,Dishwasher,257,12,11,1,10,6.5,13.0,845.0,3.59
2024-09-14,5,Saturday,1,0,1,Cloudy,Lunch,Server,120,15,16,2,14,5.0,14.0,980.0,4.06
2024-09-14,5,Saturday,1,0,1,Cloudy,Lunch,Cook,120,8,8,0,8,5.0,20.0,800.0,4.65
2024-09-14,5,Saturday,1,0,1,Cloudy,Lunch,Host,120,5,5,0,5,5.0,15.0,375.0,4.81
2024-09-14,5,Saturday,1,0,1,Cloudy,Lunch,Cashier,120,5,5,0,5,5.0,14.0,350.0,4.46
2024-09-14,5,Saturday,1,0,1,Cloudy,Lunch,Dishwasher,120,6,7,0,7,5.0,13.0,455.0,4.67
2024-09-14,5,Saturday,1,0,1,Cloudy,Dinner,Server,284,36,35,2,33,6.5,14.0,3003.0,2.74
2024-09-14,5,Saturday,1,0,1,Cloudy,Dinner,Cook,284,18,18,1,17,6.5,20.0,2210.0,3.98
2024-09-14,5,Saturday,1,0,1,Cloudy,Dinner,Host,284,12,11,0,11,6.5,15.0,1072.5,4.13
2024-09-14,5,Saturday,1,0,1,Cloudy,Dinner,Cashier,284,11,10,0,10,6.5,14.0,910.0,4.22
2024-09-14,5,Saturday,1,0,1,Cloudy,Dinner,Dishwasher,284,13,12,2,10,6.5,13.0,845.0,2.87
2024-09-15,6,Sunday,1,0,0,Sunny,Lunch,Server,116,15,15,0,15,5.0,14.0,1050.0,4.82
2024-09-15,6,Sunday,1,0,0,Sunny,Lunch,Cook,116,8,8,0,8,5.0,20.0,800.0,4.79
2024-09-15,6,Sunday,1,0,0,Sunny,Lunch,Host,116,5,5,0,5,5.0,15.0,375.0,5.0
2024-09-15,6,Sunday,1,0,0,Sunny,Lunch,Cashier,116,5,6,0,6,5.0,14.0,420.0,4.86
2024-09-15,6,Sunday,1,0,0,Sunny,Lunch,Dishwasher,116,6,7,0,7,5.0,13.0,455.0,4.96
2024-09-15,6,Sunday,1,0,0,Sunny,Dinner,Server,239,30,30,2,28,6.5,14.0,2548.0,3.49
2024-09-15,6,Sunday,1,0,0,Sunny,Dinner,Cook,239,15,13,0,13,6.5,20.0,1690.0,3.19
2024-09-15,6,Sunday,1,0,0,Sunny,Dinner,Host,239,10,10,1,9,6.5,15.0,877.5,4.01
2024-09-15,6,Sunday,1,0,0,Sunny,Dinner,Cashier,239,9,7,2,5,6.5,14.0,455.0,2.33
2024-09-15,6,Sunday,1,0,0,Sunny,Dinner,Dishwasher,239,11,11,2,9,6.5,13.0,760.5,3.78
2024-09-16,0,Monday,0,0,0,Rainy,Lunch,Server,95,12,13,1,12,5.0,14.0,840.0,4.82
2024-09-16,0,Monday,0,0,0,Rainy,Lunch,Cook,95,6,7,2,5,5.0,20.0,500.0,4.27
2024-09-16,0,Monday,0,0,0,Rainy,Lunch,Host,95,4,5,0,5,5.0,15.0,375.0,4.93
2024-09-16,0,Monday,0,0,0,Rainy,Lunch,Cashier,95,4,5,1,4,5.0,14.0,280.0,4.58
2024-09-16,0,Monday,0,0,0,Rainy,Lunch,Dishwasher,95,5,5,1,4,5.0,13.0,260.0,3.93
2024-09-16,0,Monday,0,0,0,Rainy,Dinner,Server,149,19,20,1,19,6.5,14.0,1729.0,4.85
2024-09-16,0,Monday,0,0,0,Rainy,Dinner,Cook,149,10,10,0,10,6.5,20.0,1300.0,4.94
2024-09-16,0,Monday,0,0,0,Rainy,Dinner,Host,149,6,5,0,5,6.5,15.0,487.5,4.31
2024-09-16,0,Monday,0,0,0,Rainy,Dinner,Cashier,149,6,6,0,6,6.5,14.0,546.0,4.67
2024-09-16,0,Monday,0,0,0,Rainy,Dinner,Dishwasher,149,7,6,1,5,6.5,13.0,422.5,3.64
2024-09-17,1,Tuesday,0,0,0,Sunny,Lunch,Server,85,11,11,1,10,5.0,14.0,700.0,4.2
2024-09-17,1,Tuesday,0,0,0,Sunny,Lunch,Cook,85,6,6,0,6,5.0,20.0,600.0,4.86
2024-09-17,1,Tuesday,0,0,0,Sunny,Lunch,Host,85,4,5,0,5,5.0,15.0,375.0,4.9
2024-09-17,1,Tuesday,0,0,0,Sunny,Lunch,Cashier,85,4,4,1,3,5.0,14.0,210.0,4.09
2024-09-17,1,Tuesday,0,0,0,Sunny,Lunch,Dishwasher,85,4,4,0,4,5.0,13.0,260.0,4.82
2024-09-17,1,Tuesday,0,0,0,Sunny,Dinner,Server,159,20,21,1,20,6.5,14.0,1820.0,4.82
2024-09-17,1,Tuesday,0,0,0,Sunny,Dinner,Cook,159,10,11,0,11,6.5,20.0,1430.0,4.76
2024-09-17,1,Tuesday,0,0,0,Sunny,Dinner,Host,159,7,7,0,7,6.5,15.0,682.5,4.74
2024-09-17,1,Tuesday,0,0,0,Sunny,Dinner,Cashier,159,6,6,1,5,6.5,14.0,455.0,4.27
2024-09-17,1,Tuesday,0,0,0,Sunny,Dinner,Dishwasher,159,8,7,2,5,6.5,13.0,422.5,3.41
2024-09-18,2,Wednesday,0,0,0,Rainy,Lunch,Server,83,11,12,1,11,5.0,14.0,770.0,4.73
2024-09-18,2,Wednesday,0,0,0,Rainy,Lunch,Cook,83,6,7,1,6,5.0,20.0,600.0,4.85
2024-09-18,2,Wednesday,0,0,0,Rainy,Lunch,Host,83,4,4,1,3,5.0,15.0,225.0,4.16
2024-09-18,2,Wednesday,0,0,0,Rainy,Lunch,Cashier,83,3,4,0,4,5.0,14.0,280.0,4.77
2024-09-18,2,Wednesday,0,0,0,Rainy,Lunch,Dishwasher,83,4,4,0,4,5.0,13.0,260.0,4.69
2024-09-18,2,Wednesday,0,0,0,Rainy,Dinner,Server,139,18,17,0,17,6.5,14.0,1547.0,3.88
2024-09-18,2,Wednesday,0,0,0,Rainy,Dinner,Cook,139,9,9,0,9,6.5,20.0,1170.0,4.9
2024-09-18,2,Wednesday,0,0,0,Rainy,Dinner,Host,139,6,6,1,5,6.5,15.0,487.5,4.11
2024-09-18,2,Wednesday,0,0,0,Rainy,Dinner,Cashier,139,5,5,0,5,6.5,14.0,455.0,4.85
2024-09-18,2,Wednesday,0,0,0,Rainy,Dinner,Dishwasher,139,7,7,2,5,6.5,13.0,422.5,3.46
2024-09-19,3,Thursday,0,0,0,Snow,Lunch,Server,74,10,10,0,10,5.0,14.0,700.0,4.74
2024-09-19,3,Thursday,0,0,0,Snow,Lunch,Cook,74,5,5,0,5,5.0,20.0,500.0,4.92
2024-09-19,3,Thursday,0,0,0,Snow,Lunch,Host,74,3,3,0,3,5.0,15.0,225.0,4.95
2024-09-19,3,Thursday,0,0,0,Snow,Lunch,Cashier,74,3,4,0,4,5.0,14.0,280.0,5.0
2024-09-19,3,Thursday,0,0,0,Snow,Lunch,Dishwasher,74,4,4,0,4,5.0,13.0,260.0,4.82
2024-09-19,3,Thursday,0,0,0,Snow,Dinner,Server,142,18,19,0,19,6.5,14.0,1729.0,4.81
2024-09-19,3,Thursday,0,0,0,Snow,Dinner,Cook,142,9,9,1,8,6.5,20.0,1040.0,4.12
2024-09-19,3,Thursday,0,0,0,Snow,Dinner,Host,142,6,6,0,6,6.5,15.0,585.0,4.76
2024-09-19,3,Thursday,0,0,0,Snow,Dinner,Cashier,142,6,5,0,5,6.5,14.0,455.0,4.16
2024-09-19,3,Thursday,0,0,0,Snow,Dinner,Dishwasher,142,7,7,0,7,6.5,13.0,591.5,4.56
2024-09-20,4,Friday,1,0,0,Cloudy,Lunch,Server,112,14,15,0,15,5.0,14.0,1050.0,4.76
2024-09-20,4,Friday,1,0,0,Cloudy,Lunch,Cook,112,7,7,0,7,5.0,20.0,700.0,4.6
2024-09-20,4,Friday,1,0,0,Cloudy,Lunch,Host,112,5,5,0,5,5.0,15.0,375.0,4.7
2024-09-20,4,Friday,1,0,0,Cloudy,Lunch,Cashier,112,4,4,0,4,5.0,14.0,280.0,4.76
2024-09-20,4,Friday,1,0,0,Cloudy,Lunch,Dishwasher,112,6,5,0,5,5.0,13.0,325.0,3.99
2024-09-20,4,Friday,1,0,0,Cloudy,Dinner,Server,248,31,30,3,27,6.5,14.0,2457.0,1.78
2024-09-20,4,Friday,1,0,0,Cloudy,Dinner,Cook,248,16,16,0,16,6.5,20.0,2080.0,4.66
2024-09-20,4,Friday,1,0,0,Cloudy,Dinner,Host,248,10,10,2,8,6.5,15.0,780.0,3.49
2024-09-20,4,Friday,1,0,0,Cloudy,Dinner,Cashier,248,9,9,1,8,6.5,14.0,728.0,4.02
2024-09-20,4,Friday,1,0,0,Cloudy,Dinner,Dishwasher,248,12,10,1,9,6.5,13.0,760.5,2.91
2024-09-21,5,Saturday,1,0,1,Sunny,Lunch,Server,120,15,15,0,15,5.0,14.0,1050.0,5.0
2024-09-21,5,Saturday,1,0,1,Sunny,Lunch,Cook,120,8,8,0,8,5.0,20.0,800.0,4.88
2024-09-21,5,Saturday,1,0,1,Sunny,Lunch,Host,120,5,4,0,4,5.0,15.0,300.0,4.14
2024-09-21,5,Saturday,1,0,1,Sunny,Lunch,Cashier,120,5,5,0,5,5.0,14.0,350.0,4.92
2024-09-21,5,Saturday,1,0,1,Sunny,Lunch,Dishwasher,120,6,5,0,5,5.0,13.0,325.0,4.35
2024-09-21,5,Saturday,1,0,1,Sunny,Dinner,Server,298,38,37,3,34,6.5,14.0,3094.0,2.05
2024-09-21,5,Saturday,1,0,1,Sunny,Dinner,Cook,298,19,19,1,18,6.5,20.0,2340.0,4.14
2024-09-21,5,Saturday,1,0,1,Sunny,Dinner,Host,298,12,11,1,10,6.5,15.0,975.0,3.34
2024-09-21,5,Saturday,1,0,1,Sunny,Dinner,Cashier,298,11,10,2,8,6.5,14.0,728.0,3.39
2024-09-21,5,Saturday,1,0,1,Sunny,Dinner,Dishwasher,298,14,14,2,12,6.5,13.0,1014.0,3.78
2024-09-22,6,Sunday,1,0,0,Sunny,Lunch,Server,102,13,13,1,12,5.0,14.0,840.0,4.11
2024-09-22,6,Sunday,1,0,0,Sunny,Lunch,Cook,102,7,8,1,7,5.0,20.0,700.0,4.94
2024-09-22,6,Sunday,1,0,0,Sunny,Lunch,Host,102,5,5,0,5,5.0,15.0,375.0,4.94
2024-09-22,6,Sunday,1,0,0,Sunny,Lunch,Cashier,102,4,4,0,4,5.0,14.0,280.0,4.7
2024-09-22,6,Sunday,1,0,0,Sunny,Lunch,Dishwasher,102,5,6,0,6,5.0,13.0,390.0,4.82
2024-09-22,6,Sunday,1,0,0,Sunny,Dinner,Server,221,28,27,1,26,6.5,14.0,2366.0,3.85
2024-09-22,6,Sunday,1,0,0,Sunny,Dinner,Cook,221,14,13,0,13,6.5,20.0,1690.0,4.13
2024-09-22,6,Sunday,1,0,0,Sunny,Dinner,Host,221,9,8,0,8,6.5,15.0,780.0,4.4
2024-09-22,6,Sunday,1,0,0,Sunny,Dinner,Cashier,221,8,6,0,6,6.5,14.0,546.0,3.39
2024-09-22,6,Sunday,1,0,0,Sunny,Dinner,Dishwasher,221,11,11,1,10,6.5,13.0,845.0,4.17
2024-09-23,0,Monday,0,0,0,Sunny,Lunch,Server,90,12,12,1,11,5.0,14.0,770.0,4.02
2024-09-23,0,Monday,0,0,0,Sunny,Lunch,Cook,90,6,7,0,7,5.0,20.0,700.0,4.95
2024-09-23,0,Monday,0,0,0,Sunny,Lunch,Host,90,4,5,0,5,5.0,15.0,375.0,4.62
2024-09-23,0,Monday,0,0,0,Sunny,Lunch,Cashier,90,4,5,1,4,5.0,14.0,280.0,4.85
2024-09-23,0,Monday,0,0,0,Sunny,Lunch,Dishwasher,90,5,5,0,5,5.0,13.0,325.0,4.66
2024-09-23,0,Monday,0,0,0,Sunny,Dinner,Server,174,22,21,1,20,6.5,14.0,1820.0,3.87
2024-09-23,0,Monday,0,0,0,Sunny,Dinner,Cook,174,11,11,1,10,6.5,20.0,1300.0,4.32
2024-09-23,0,Monday,0,0,0,Sunny,Dinner,Host,174,7,8,1,7,6.5,15.0,682.5,4.94
2024-09-23,0,Monday,0,0,0,Sunny,Dinner,Cashier,174,7,7,0,7,6.5,14.0,637.0,4.84
2024-09-23,0,Monday,0,0,0,Sunny,Dinner,Dishwasher,174,8,7,0,7,6.5,13.0,591.5,4.01
2024-09-24,1,Tuesday,0,0,0,Rainy,Lunch,Server,81,11,12,0,12,5.0,14.0,840.0,4.73
2024-09-24,1,Tuesday,0,0,0,Rainy,Lunch,Cook,81,6,6,0,6,5.0,20.0,600.0,4.83
2024-09-24,1,Tuesday,0,0,0,Rainy,Lunch,Host,81,4,4,0,4,5.0,15.0,300.0,4.91
2024-09-24,1,Tuesday,0,0,0,Rainy,Lunch,Cashier,81,3,4,1,3,5.0,14.0,210.0,4.77
2024-09-24,1,Tuesday,0,0,0,Rainy,Lunch,Dishwasher,81,4,4,0,4,5.0,13.0,260.0,4.92
2024-09-24,1,Tuesday,0,0,0,Rainy,Dinner,Server,143,18,17,1,16,6.5,14.0,1456.0,3.29
2024-09-24,1,Tuesday,0,0,0,Rainy,Dinner,Cook,143,9,10,0,10,6.5,20.0,1300.0,4.78
2024-09-24,1,Tuesday,0,0,0,Rainy,Dinner,Host,143,6,6,0,6,6.5,15.0,585.0,4.93
2024-09-24,1,Tuesday,0,0,0,Rainy,Dinner,Cashier,143,6,7,0,7,6.5,14.0,637.0,4.69
2024-09-24,1,Tuesday,0,0,0,Rainy,Dinner,Dishwasher,143,7,7,0,7,6.5,13.0,591.5,4.62
2024-09-25,2,Wednesday,0,0,0,Sunny,Lunch,Server,104,13,14,0,14,5.0,14.0,980.0,4.78
2024-09-25,2,Wednesday,0,0,0,Sunny,Lunch,Cook,104,7,8,1,7,5.0,20.0,700.0,4.8
2024-09-25,2,Wednesday,0,0,0,Sunny,Lunch,Host,104,5,6,1,5,5.0,15.0,375.0,4.72
2024-09-25,2,Wednesday,0,0,0,Sunny,Lunch,Cashier,104,4,4,0,4,5.0,14.0,280.0,4.95
2024-09-25,2,Wednesday,0,0,0,Sunny,Lunch,Dishwasher,104,5,6,0,6,5.0,13.0,390.0,4.74
2024-09-25,2,Wednesday,0,0,0,Sunny,Dinner,Server,168,21,21,0,21,6.5,14.0,1911.0,4.59
2024-09-25,2,Wednesday,0,0,0,Sunny,Dinner,Cook,168,11,12,1,11,6.5,20.0,1430.0,4.7
2024-09-25,2,Wednesday,0,0,0,Sunny,Dinner,Host,168,7,7,0,7,6.5,15.0,682.5,4.54
2024-09-25,2,Wednesday,0,0,0,Sunny,Dinner,Cashier,168,6,5,1,4,6.5,14.0,364.0,3.77
2024-09-25,2,Wednesday,0,0,0,Sunny,Dinner,Dishwasher,168,8,7,2,5,6.5,13.0,422.5,2.98
2024-09-26,3,Thursday,0,0,0,Sunny,Lunch,Server,106,14,15,0,15,5.0,14.0,1050.0,4.87
2024-09-26,3,Thursday,0,0,0,Sunny,Lunch,Cook,106,7,8,0,8,5.0,20.0,800.0,4.91
2024-09-26,3,Thursday,0,0,0,Sunny,Lunch,Host,106,5,5,0,5,5.0,15.0,375.0,4.79
2024-09-26,3,Thursday,0,0,0,Sunny,Lunch,Cashier,106,4,5,0,5,5.0,14.0,350.0,4.58
2024-09-26,3,Thursday,0,0,0,Sunny,Lunch,Dishwasher,106,5,6,0,6,5.0,13.0,390.0,4.98
2024-09-26,3,Thursday,0,0,0,Sunny,Dinner,Server,161,21,22,1,21,6.5,14.0,1911.0,4.87
2024-09-26,3,Thursday,0,0,0,Sunny,Dinner,Cook,161,11,12,0,12,6.5,20.0,1560.0,4.87
2024-09-26,3,Thursday,0,0,0,Sunny,Dinner,Host,161,7,6,0,6,6.5,15.0,585.0,4.22
2024-09-26,3,Thursday,0,0,0,Sunny,Dinner,Cashier,161,6,5,0,5,6.5,14.0,455.0,4.26
2024-09-26,3,Thursday,0,0,0,Sunny,Dinner,Dishwasher,161,8,8,1,7,6.5,13.0,591.5,3.97
2024-09-27,4,Friday,1,0,0,Sunny,Lunch,Server,104,13,13,0,13,5.0,14.0,910.0,4.69
2024-09-27,4,Friday,1,0,0,Sunny,Lunch,Cook,104,7,8,0,8,5.0,20.0,800.0,4.81
2024-09-27,4,Friday,1,0,0,Sunny,Lunch,Host,104,5,6,0,6,5.0,15.0,450.0,4.71
2024-09-27,4,Friday,1,0,0,Sunny,Lunch,Cashier,104,4,5,0,5,5.0,14.0,350.0,4.82
2024-09-27,4,Friday,1,0,0,Sunny,Lunch,Dishwasher,104,5,5,0,5,5.0,13.0,325.0,4.73
2024-09-27,4,Friday,1,0,0,Sunny,Dinner,Server,249,32,31,5,26,6.5,14.0,2366.0,1.82
2024-09-27,4,Friday,1,0,0,Sunny,Dinner,Cook,249,16,15,1,14,6.5,20.0,1820.0,3.82
2024-09-27,4,Friday,1,0,0,Sunny,Dinner,Host,249,10,8,0,8,6.5,15.0,780.0,3.21
2024-09-27,4,Friday,1,0,0,Sunny,Dinner,Cashier,249,9,8,1,7,6.5,14.0,637.0,3.69
2024-09-27,4,Friday,1,0,0,Sunny,Dinner,Dishwasher,249,12,12,2,10,6.5,13.0,845.0,3.25
2024-09-28,5,Saturday,1,0,0,Sunny,Lunch,Server,115,15,15,0,15,5.0,14.0,1050.0,4.57
2024-09-28,5,Saturday,1,0,0,Sunny,Lunch,Cook,115,8,9,0,9,5.0,20.0,900.0,4.75
2024-09-28,5,Saturday,1,0,0,Sunny,Lunch,Host,115,5,6,0,6,5.0,15.0,450.0,4.71
2024-09-28,5,Saturday,1,0,0,Sunny,Lunch,Cashier,115,5,5,0,5,5.0,14.0,350.0,4.78
2024-09-28,5,Saturday,1,0,0,Sunny,Lunch,Dishwasher,115,6,6,0,6,5.0,13.0,390.0,4.95
2024-09-28,5,Saturday,1,0,0,Sunny,Dinner,Server,236,30,30,0,30,6.5,14.0,2730.0,4.58
2024-09-28,5,Saturday,1,0,0,Sunny,Dinner,Cook,236,15,14,1,13,6.5,20.0,1690.0,3.56
2024-09-28,5,Saturday,1,0,0,Sunny,Dinner,Host,236,10,8,0,8,6.5,15.0,780.0,3.81
2024-09-28,5,Saturday,1,0,0,Sunny,Dinner,Cashier,236,9,9,0,9,6.5,14.0,819.0,4.7
2024-09-28,5,Saturday,1,0,0,Sunny,Dinner,Dishwasher,236,11,11,0,11,6.5,13.0,929.5,4.93
2024-09-29,6,Sunday,1,0,0,Sunny,Lunch,Server,128,16,16,1,15,5.0,14.0,1050.0,4.0
2024-09-29,6,Sunday,1,0,0,Sunny,Lunch,Cook,128,8,9,0,9,5.0,20.0,900.0,4.56
2024-09-29,6,Sunday,1,0,0,Sunny,Lunch,Host,128,6,7,0,7,5.0,15.0,525.0,4.94
2024-09-29,6,Sunday,1,0,0,Sunny,Lunch,Cashier,128,5,5,2,3,5.0,14.0,210.0,3.51
2024-09-29,6,Sunday,1,0,0,Sunny,Lunch,Dishwasher,128,6,5,0,5,5.0,13.0,325.0,4.27
2024-09-29,6,Sunday,1,0,0,Sunny,Dinner,Server,195,25,25,4,21,6.5,14.0,1911.0,1.95
2024-09-29,6,Sunday,1,0,0,Sunny,Dinner,Cook,195,13,13,0,13,6.5,20.0,1690.0,4.56
2024-09-29,6,Sunday,1,0,0,Sunny,Dinner,Host,195,8,9,0,9,6.5,15.0,877.5,4.8
2024-09-29,6,Sunday,1,0,0,Sunny,Dinner,Cashier,195,7,7,0,7,6.5,14.0,637.0,4.94
2024-09-29,6,Sunday,1,0,0,Sunny,Dinner,Dishwasher,195,9,9,1,8,6.5,13.0,676.0,3.93
2024-09-30,0,Monday,0,0,0,Sunny,Lunch,Server,120,15,14,1,13,5.0,14.0,910.0,3.17
2024-09-30,0,Monday,0,0,0,Sunny,Lunch,Cook,120,8,8,0,8,5.0,20.0,800.0,4.75
2024-09-30,0,Monday,0,0,0,Sunny,Lunch,Host,120,5,5,0,5,5.0,15.0,375.0,4.73
2024-09-30,0,Monday,0,0,0,Sunny,Lunch,Cashier,120,5,5,0,5,5.0,14.0,350.0,4.79
2024-09-30,0,Monday,0,0,0,Sunny,Lunch,Dishwasher,120,6,6,0,6,5.0,13.0,390.0,4.97
2024-09-30,0,Monday,0,0,0,Sunny,Dinner,Server,200,25,25,2,23,6.5,14.0,2093.0,3.47
2024-09-30,0,Monday,0,0,0,Sunny,Dinner,Cook,200,13,13,1,12,6.5,20.0,1560.0,4.4
2024-09-30,0,Monday,0,0,0,Sunny,Dinner,Host,200,8,7,0,7,6.5,15.0,682.5,4.16
2024-09-30,0,Monday,0,0,0,Sunny,Dinner,Cashier,200,8,8,2,6,6.5,14.0,546.0,3.57
2024-09-30,0,Monday,0,0,0,Sunny,Dinner,Dishwasher,200,10,9,1,8,6.5,13.0,676.0,3.5
2024-10-01,1,Tuesday,0,0,0,Cloudy,Lunch,Server,110,14,14,0,14,5.0,14.0,980.0,4.79
2024-10-01,1,Tuesday,0,0,0,Cloudy,Lunch,Cook,110,7,7,0,7,5.0,20.0,700.0,4.75
2024-10-01,1,Tuesday,0,0,0,Cloudy,Lunch,Host,110,5,5,0,5,5.0,15.0,375.0,4.81
2024-10-01,1,Tuesday,0,0,0,Cloudy,Lunch,Cashier,110,4,3,0,3,5.0,14.0,210.0,4.17
2024-10-01,1,Tuesday,0,0,0,Cloudy,Lunch,Dishwasher,110,5,5,1,4,5.0,13.0,260.0,4.01
2024-10-01,1,Tuesday,0,0,0,Cloudy,Dinner,Server,174,22,21,3,18,6.5,14.0,1638.0,2.5
2024-10-01,1,Tuesday,0,0,0,Cloudy,Dinner,Cook,174,11,10,0,10,6.5,20.0,1300.0,4.1
2024-10-01,1,Tuesday,0,0,0,Cloudy,Dinner,Host,174,7,7,0,7,6.5,15.0,682.5,4.77
2024-10-01,1,Tuesday,0,0,0,Cloudy,Dinner,Cashier,174,7,7,0,7,6.5,14.0,637.0,4.67
2024-10-01,1,Tuesday,0,0,0,Cloudy,Dinner,Dishwasher,174,8,7,0,7,6.5,13.0,591.5,4.18
2024-10-02,2,Wednesday,0,0,0,Cloudy,Lunch,Server,90,12,13,1,12,5.0,14.0,840.0,4.73
2024-10-02,2,Wednesday,0,0,0,Cloudy,Lunch,Cook,90,6,7,2,5,5.0,20.0,500.0,3.99
2024-10-02,2,Wednesday,0,0,0,Cloudy,Lunch,Host,90,4,4,0,4,5.0,15.0,300.0,4.66
2024-10-02,2,Wednesday,0,0,0,Cloudy,Lunch,Cashier,90,4,5,0,5,5.0,14.0,350.0,4.62
2024-10-02,2,Wednesday,0,0,0,Cloudy,Lunch,Dishwasher,90,5,6,1,5,5.0,13.0,325.0,4.75
2024-10-02,2,Wednesday,0,0,0,Cloudy,Dinner,Server,166,21,21,4,17,6.5,14.0,1547.0,2.27
2024-10-02,2,Wednesday,0,0,0,Cloudy,Dinner,Cook,166,11,11,0,11,6.5,20.0,1430.0,4.74
2024-10-02,2,Wednesday,0,0,0,Cloudy,Dinner,Host,166,7,6,0,6,6.5,15.0,585.0,4.08
2024-10-02,2,Wednesday,0,0,0,Cloudy,Dinner,Cashier,166,6,6,1,5,6.5,14.0,455.0,4.25
2024-10-02,2,Wednesday,0,0,0,Cloudy,Dinner,Dishwasher,166,8,8,0,8,6.5,13.0,676.0,4.66
2024-10-03,3,Thursday,0,0,0,Cloudy,Lunch,Server,97,13,14,0,14,5.0,14.0,980.0,4.96
2024-10-03,3,Thursday,0,0,0,Cloudy,Lunch,Cook,97,7,8,1,7,5.0,20.0,700.0,4.85
2024-10-03,3,Thursday,0,0,0,Cloudy,Lunch,Host,97,4,4,0,4,5.0,15.0,300.0,4.9
2024-10-03,3,Thursday,0,0,0,Cloudy,Lunch,Cashier,97,4,4,0,4,5.0,14.0,280.0,4.88
2024-10-03,3,Thursday,0,0,0,Cloudy,Lunch,Dishwasher,97,5,5,0,5,5.0,13.0,325.0,4.74
2024-10-03,3,Thursday,0,0,0,Cloudy,Dinner,Server,172,22,22,2,20,6.5,14.0,1820.0,3.54
2024-10-03,3,Thursday,0,0,0,Cloudy,Dinner,Cook,172,11,12,1,11,6.5,20.0,1430.0,4.82
2024-10-03,3,Thursday,0,0,0,Cloudy,Dinner,Host,172,7,8,1,7,6.5,15.0,682.5,4.8
2024-10-03,3,Thursday,0,0,0,Cloudy,Dinner,Cashier,172,7,8,0,8,6.5,14.0,728.0,4.73
2024-10-03,3,Thursday,0,0,0,Cloudy,Dinner,Dishwasher,172,8,8,0,8,6.5,13.0,676.0,4.78
2024-10-04,4,Friday,1,0,1,Rainy,Lunch,Server,96,12,13,0,13,5.0,14.0,910.0,4.78
2024-10-04,4,Friday,1,0,1,Rainy,Lunch,Cook,96,6,6,0,6,5.0,20.0,600.0,4.56
2024-10-04,4,Friday,1,0,1,Rainy,Lunch,Host,96,4,5,0,5,5.0,15.0,375.0,4.61
2024-10-04,4,Friday,1,0,1,Rainy,Lunch,Cashier,96,4,4,0,4,5.0,14.0,280.0,4.84
2024-10-04,4,Friday,1,0,1,Rainy,Lunch,Dishwasher,96,5,5,0,5,5.0,13.0,325.0,5.0
2024-10-04,4,Friday,1,0,1,Rainy,Dinner,Server,216,27,27,1,26,6.5,14.0,2366.0,4.29
2024-10-04,4,Friday,1,0,1,Rainy,Dinner,Cook,216,14,13,0,13,6.5,20.0,1690.0,3.97
2024-10-04,4,Friday,1,0,1,Rainy,Dinner,Host,216,9,8,0,8,6.5,15.0,780.0,4.21
2024-10-04,4,Friday,1,0,1,Rainy,Dinner,Cashier,216,8,6,0,6,6.5,14.0,546.0,3.87
2024-10-04,4,Friday,1,0,1,Rainy,Dinner,Dishwasher,216,10,10,1,9,6.5,13.0,760.5,4.12
2024-10-05,5,Saturday,1,0,0,Sunny,Lunch,Server,112,14,14,1,13,5.0,14.0,910.0,4.04
2024-10-05,5,Saturday,1,0,0,Sunny,Lunch,Cook,112,7,7,1,6,5.0,20.0,600.0,4.29
2024-10-05,5,Saturday,1,0,0,Sunny,Lunch,Host,112,5,5,1,4,5.0,15.0,300.0,4.06
2024-10-05,5,Saturday,1,0,0,Sunny,Lunch,Cashier,112,4,4,0,4,5.0,14.0,280.0,4.8
2024-10-05,5,Saturday,1,0,0,Sunny,Lunch,Dishwasher,112,6,6,0,6,5.0,13.0,390.0,4.67
2024-10-05,5,Saturday,1,0,0,Sunny,Dinner,Server,258,33,31,1,30,6.5,14.0,2730.0,2.93
2024-10-05,5,Saturday,1,0,0,Sunny,Dinner,Cook,258,17,17,2,15,6.5,20.0,1950.0,3.59
2024-10-05,5,Saturday,1,0,0,Sunny,Dinner,Host,258,11,10,1,9,6.5,15.0,877.5,3.74
2024-10-05,5,Saturday,1,0,0,Sunny,Dinner,Cashier,258,10,10,0,10,6.5,14.0,910.0,4.88
2024-10-05,5,Saturday,1,0,0,Sunny,Dinner,Dishwasher,258,12,12,1,11,6.5,13.0,929.5,4.11
2024-10-06,6,Sunday,1,0,1,Rainy,Lunch,Server,108,14,15,0,15,5.0,14.0,1050.0,4.89
2024-10-06,6,Sunday,1,0,1,Rainy,Lunch,Cook,108,7,8,1,7,5.0,20.0,700.0,4.82
2024-10-06,6,Sunday,1,0,1,Rainy,Lunch,Host,108,5,6,0,6,5.0,15.0,450.0,4.71
2024-10-06,6,Sunday,1,0,1,Rainy,Lunch,Cashier,108,4,4,0,4,5.0,14.0,280.0,4.69
2024-10-06,6,Sunday,1,0,1,Rainy,Lunch,Dishwasher,108,5,6,1,5,5.0,13.0,325.0,4.84
2024-10-06,6,Sunday,1,0,1,Rainy,Dinner,Server,219,28,26,3,23,6.5,14.0,2093.0,1.54
2024-10-06,6,Sunday,1,0,1,Rainy,Dinner,Cook,219,14,13,2,11,6.5,20.0,1430.0,3.24
2024-10-06,6,Sunday,1,0,1,Rainy,Dinner,Host,219,9,8,0,8,6.5,15.0,780.0,3.95
2024-10-06,6,Sunday,1,0,1,Rainy,Dinner,Cashier,219,8,6,0,6,6.5,14.0,546.0,3.43
2024-10-06,6,Sunday,1,0,1,Rainy,Dinner,Dishwasher,219,10,10,3,7,6.5,13.0,591.5,2.79
2024-10-07,0,Monday,0,0,0,Rainy,Lunch,Server,83,11,12,0,12,5.0,14.0,840.0,4.88
2024-10-07,0,Monday,0,0,0,Rainy,Lunch,Cook,83,6,6,0,6,5.0,20.0,600.0,4.6
2024-10-07,0,Monday,0,0,0,Rainy,Lunch,Host,83,4,5,1,4,5.0,15.0,300.0,4.77
2024-10-07,0,Monday,0,0,0,Rainy,Lunch,Cashier,83,3,4,0,4,5.0,14.0,280.0,5.0
2024-10-07,0,Monday,0,0,0,Rainy,Lunch,Dishwasher,83,4,5,0,5,5.0,13.0,325.0,4.54
2024-10-07,0,Monday,0,0,0,Rainy,Dinner,Server,169,22,23,1,22,6.5,14.0,2002.0,4.74
2024-10-07,0,Monday,0,0,0,Rainy,Dinner,Cook,169,11,12,0,12,6.5,20.0,1560.0,4.77
2024-10-07,0,Monday,0,0,0,Rainy,Dinner,Host,169,7,7,1,6,6.5,15.0,585.0,4.07
2024-10-07,0,Monday,0,0,0,Rainy,Dinner,Cashier,169,7,8,0,8,6.5,14.0,728.0,4.92
2024-10-07,0,Monday,0,0,0,Rainy,Dinner,Dishwasher,169,8,7,1,6,6.5,13.0,507.0,3.51
2024-10-08,1,Tuesday,0,0,0,Cloudy,Lunch,Server,108,14,15,3,12,5.0,14.0,840.0,3.79
2024-10-08,1,Tuesday,0,0,0,Cloudy,Lunch,Cook,108,7,7,1,6,5.0,20.0,600.0,4.18
2024-10-08,1,Tuesday,0,0,0,Cloudy,Lunch,Host,108,5,6,0,6,5.0,15.0,450.0,4.7
2024-10-08,1,Tuesday,0,0,0,Cloudy,Lunch,Cashier,108,4,4,0,4,5.0,14.0,280.0,4.87
2024-10-08,1,Tuesday,0,0,0,Cloudy,Lunch,Dishwasher,108,5,6,0,6,5.0,13.0,390.0,4.96
2024-10-08,1,Tuesday,0,0,0,Cloudy,Dinner,Server,169,22,22,1,21,6.5,14.0,1911.0,3.98
2024-10-08,1,Tuesday,0,0,0,Cloudy,Dinner,Cook,169,11,11,0,11,6.5,20.0,1430.0,4.68
2024-10-08,1,Tuesday,0,0,0,Cloudy,Dinner,Host,169,7,7,0,7,6.5,15.0,682.5,4.78
2024-10-08,1,Tuesday,0,0,0,Cloudy,Dinner,Cashier,169,7,8,0,8,6.5,14.0,728.0,4.65
2024-10-08,1,Tuesday,0,0,0,Cloudy,Dinner,Dishwasher,169,8,8,0,8,6.5,13.0,676.0,5.0
2024-10-09,2,Wednesday,0,0,0,Sunny,Lunch,Server,102,13,14,3,11,5.0,14.0,770.0,3.09
2024-10-09,2,Wednesday,0,0,0,Sunny,Lunch,Cook,102,7,8,2,6,5.0,20.0,600.0,4.38
2024-10-09,2,Wednesday,0,0,0,Sunny,Lunch,Host,102,5,6,0,6,5.0,15.0,450.0,4.61
2024-10-09,2,Wednesday,0,0,0,Sunny,Lunch,Cashier,102,4,5,0,5,5.0,14.0,350.0,4.81
2024-10-09,2,Wednesday,0,0,0,Sunny,Lunch,Dishwasher,102,5,6,0,6,5.0,13.0,390.0,4.84
2024-10-09,2,Wednesday,0,0,0,Sunny,Dinner,Server,141,18,18,2,16,6.5,14.0,1456.0,3.61
2024-10-09,2,Wednesday,0,0,0,Sunny,Dinner,Cook,141,9,8,0,8,6.5,20.0,1040.0,4.15
2024-10-09,2,Wednesday,0,0,0,Sunny,Dinner,Host,141,6,7,0,7,6.5,15.0,682.5,4.86
2024-10-09,2,Wednesday,0,0,0,Sunny,Dinner,Cashier,141,6,6,2,4,6.5,14.0,364.0,3.55
2024-10-09,2,Wednesday,0,0,0,Sunny,Dinner,Dishwasher,141,7,7,0,7,6.5,13.0,591.5,4.8
2024-10-10,3,Thursday,0,0,0,Cloudy,Lunch,Server,81,11,12,0,12,5.0,14.0,840.0,4.8
2024-10-10,3,Thursday,0,0,0,Cloudy,Lunch,Cook,81,6,7,0,7,5.0,20.0,700.0,4.91
2024-10-10,3,Thursday,0,0,0,Cloudy,Lunch,Host,81,4,4,0,4,5.0,15.0,300.0,4.65
2024-10-10,3,Thursday,0,0,0,Cloudy,Lunch,Cashier,81,3,3,0,3,5.0,14.0,210.0,4.97
2024-10-10,3,Thursday,0,0,0,Cloudy,Lunch,Dishwasher,81,4,5,0,5,5.0,13.0,325.0,4.59
2024-10-10,3,Thursday,0,0,0,Cloudy,Dinner,Server,181,23,23,2,21,6.5,14.0,1911.0,3.43
2024-10-10,3,Thursday,0,0,0,Cloudy,Dinner,Cook,181,12,12,0,12,6.5,20.0,1560.0,4.85
2024-10-10,3,Thursday,0,0,0,Cloudy,Dinner,Host,181,8,8,0,8,6.5,15.0,780.0,4.99
2024-10-10,3,Thursday,0,0,0,Cloudy,Dinner,Cashier,181,7,7,0,7,6.5,14.0,637.0,4.6
2024-10-10,3,Thursday,0,0,0,Cloudy,Dinner,Dishwasher,181,9,8,1,7,6.5,13.0,591.5,3.5
2024-10-11,4,Friday,1,0,0,Sunny,Lunch,Server,115,15,16,1,15,5.0,14.0,1050.0,4.74
2024-10-11,4,Friday,1,0,0,Sunny,Lunch,Cook,115,8,8,0,8,5.0,20.0,800.0,4.83
2024-10-11,4,Friday,1,0,0,Sunny,Lunch,Host,115,5,4,0,4,5.0,15.0,300.0,4.16
2024-10-11,4,Friday,1,0,0,Sunny,Lunch,Cashier,115,5,6,0,6,5.0,14.0,420.0,4.85
2024-10-11,4,Friday,1,0,0,Sunny,Lunch,Dishwasher,115,6,5,0,5,5.0,13.0,325.0,4.02
2024-10-11,4,Friday,1,0,0,Sunny,Dinner,Server,226,29,28,2,26,6.5,14.0,2366.0,2.41
2024-10-11,4,Friday,1,0,0,Sunny,Dinner,Cook,226,15,14,1,13,6.5,20.0,1690.0,3.5
2024-10-11,4,Friday,1,0,0,Sunny,Dinner,Host,226,10,10,0,10,6.5,15.0,975.0,4.73
2024-10-11,4,Friday,1,0,0,Sunny,Dinner,Cashier,226,9,7,1,6,6.5,14.0,546.0,3.08
2024-10-11,4,Friday,1,0,0,Sunny,Dinner,Dishwasher,226,11,11,2,9,6.5,13.0,760.5,3.62
2024-10-12,5,Saturday,1,0,0,Rainy,Lunch,Server,104,13,14,0,14,5.0,14.0,980.0,4.85
2024-10-12,5,Saturday,1,0,0,Rainy,Lunch,Cook,104,7,7,0,7,5.0,20.0,700.0,4.71
2024-10-12,5,Saturday,1,0,0,Rainy,Lunch,Host,104,5,5,0,5,5.0,15.0,375.0,4.88
2024-10-12,5,Saturday,1,0,0,Rainy,Lunch,Cashier,104,4,5,0,5,5.0,14.0,350.0,4.41
2024-10-12,5,Saturday,1,0,0,Rainy,Lunch,Dishwasher,104,5,5,0,5,5.0,13.0,325.0,4.79
2024-10-12,5,Saturday,1,0,0,Rainy,Dinner,Server,207,26,25,3,22,6.5,14.0,2002.0,1.82
2024-10-12,5,Saturday,1,0,0,Rainy,Dinner,Cook,207,13,14,0,14,6.5,20.0,1820.0,4.7
2024-10-12,5,Saturday,1,0,0,Rainy,Dinner,Host,207,9,9,0,9,6.5,15.0,877.5,4.85
2024-10-12,5,Saturday,1,0,0,Rainy,Dinner,Cashier,207,8,7,1,6,6.5,14.0,546.0,3.57
2024-10-12,5,Saturday,1,0,0,Rainy,Dinner,Dishwasher,207,10,11,0,11,6.5,13.0,929.5,4.81
2024-10-13,6,Sunday,1,0,1,Sunny,Lunch,Server,144,18,18,2,16,5.0,14.0,1120.0,3.24
2024-10-13,6,Sunday,1,0,1,Sunny,Lunch,Cook,144,9,8,1,7,5.0,20.0,700.0,3.75
2024-10-13,6,Sunday,1,0,1,Sunny,Lunch,Host,144,6,6,0,6,5.0,15.0,450.0,4.7
2024-10-13,6,Sunday,1,0,1,Sunny,Lunch,Cashier,144,6,5,0,5,5.0,14.0,350.0,4.02
2024-10-13,6,Sunday,1,0,1,Sunny,Lunch,Dishwasher,144,7,7,1,6,5.0,13.0,390.0,4.13
2024-10-13,6,Sunday,1,0,1,Sunny,Dinner,Server,273,35,34,1,33,6.5,14.0,3003.0,3.63
2024-10-13,6,Sunday,1,0,1,Sunny,Dinner,Cook,273,18,18,0,18,6.5,20.0,2340.0,4.89
2024-10-13,6,Sunday,1,0,1,Sunny,Dinner,Host,273,11,9,0,9,6.5,15.0,877.5,3.56
2024-10-13,6,Sunday,1,0,1,Sunny,Dinner,Cashier,273,10,8,1,7,6.5,14.0,637.0,3.52
2024-10-13,6,Sunday,1,0,1,Sunny,Dinner,Dishwasher,273,13,11,0,11,6.5,13.0,929.5,3.66
2024-10-14,0,Monday,0,0,0,Sunny,Lunch,Server,98,13,14,1,13,5.0,14.0,910.0,4.96
2024-10-14,0,Monday,0,0,0,Sunny,Lunch,Cook,98,7,8,0,8,5.0,20.0,800.0,4.99
2024-10-14,0,Monday,0,0,0,Sunny,Lunch,Host,98,4,4,0,4,5.0,15.0,300.0,4.73
2024-10-14,0,Monday,0,0,0,Sunny,Lunch,Cashier,98,4,5,0,5,5.0,14.0,350.0,4.77
2024-10-14,0,Monday,0,0,0,Sunny,Lunch,Dishwasher,98,5,5,0,5,5.0,13.0,325.0,4.63
2024-10-14,0,Monday,0,0,0,Sunny,Dinner,Server,161,21,21,0,21,6.5,14.0,1911.0,4.74
2024-10-14,0,Monday,0,0,0,Sunny,Dinner,Cook,161,11,11,0,11,6.5,20.0,1430.0,4.8
2024-10-14,0,Monday,0,0,0,Sunny,Dinner,Host,161,7,7,1,6,6.5,15.0,585.0,3.96
2024-10-14,0,Monday,0,0,0,Sunny,Dinner,Cashier,161,6,7,1,6,6.5,14.0,546.0,4.85
2024-10-14,0,Monday,0,0,0,Sunny,Dinner,Dishwasher,161,8,8,3,5,6.5,13.0,422.5,2.84
2024-10-15,1,Tuesday,0,0,0,Rainy,Lunch,Server,95,12,13,1,12,5.0,14.0,840.0,4.82
2024-10-15,1,Tuesday,0,0,0,Rainy,Lunch,Cook,95,6,6,1,5,5.0,20.0,500.0,4.23
2024-10-15,1,Tuesday,0,0,0,Rainy,Lunch,Host,95,4,4,0,4,5.0,15.0,300.0,4.85
2024-10-15,1,Tuesday,0,0,0,Rainy,Lunch,Cashier,95,4,5,0,5,5.0,14.0,350.0,4.81
2024-10-15,1,Tuesday,0,0,0,Rainy,Lunch,Dishwasher,95,5,5,1,4,5.0,13.0,260.0,4.17
2024-10-15,1,Tuesday,0,0,0,Rainy,Dinner,Server,147,19,18,2,16,6.5,14.0,1456.0,3.34
2024-10-15,1,Tuesday,0,0,0,Rainy,Dinner,Cook,147,10,9,0,9,6.5,20.0,1170.0,4.2
2024-10-15,1,Tuesday,0,0,0,Rainy,Dinner,Host,147,6,6,1,5,6.5,15.0,487.5,4.16
2024-10-15,1,Tuesday,0,0,0,Rainy,Dinner,Cashier,147,6,6,1,5,6.5,14.0,455.0,3.96
2024-10-15,1,Tuesday,0,0,0,Rainy,Dinner,Dishwasher,147,7,7,1,6,6.5,13.0,507.0,4.18
2024-10-16,2,Wednesday,0,0,0,Rainy,Lunch,Server,91,12,13,0,13,5.0,14.0,910.0,4.96
2024-10-16,2,Wednesday,0,0,0,Rainy,Lunch,Cook,91,6,6,0,6,5.0,20.0,600.0,4.68
2024-10-16,2,Wednesday,0,0,0,Rainy,Lunch,Host,91,4,5,1,4,5.0,15.0,300.0,4.77
2024-10-16,2,Wednesday,0,0,0,Rainy,Lunch,Cashier,91,4,4,0,4,5.0,14.0,280.0,4.85
2024-10-16,2,Wednesday,0,0,0,Rainy,Lunch,Dishwasher,91,5,5,0,5,5.0,13.0,325.0,4.8
2024-10-16,2,Wednesday,0,0,0,Rainy,Dinner,Server,154,20,20,1,19,6.5,14.0,1729.0,4.0
2024-10-16,2,Wednesday,0,0,0,Rainy,Dinner,Cook,154,10,11,0,11,6.5,20.0,1430.0,4.83
2024-10-16,2,Wednesday,0,0,0,Rainy,Dinner,Host,154,7,7,0,7,6.5,15.0,682.5,4.75
2024-10-16,2,Wednesday,0,0,0,Rainy,Dinner,Cashier,154,6,6,1,5,6.5,14.0,455.0,4.2
2024-10-16,2,Wednesday,0,0,0,Rainy,Dinner,Dishwasher,154,7,6,1,5,6.5,13.0,422.5,3.29
2024-10-17,3,Thursday,0,0,0,Sunny,Lunch,Server,97,13,14,3,11,5.0,14.0,770.0,3.68
2024-10-17,3,Thursday,0,0,0,Sunny,Lunch,Cook,97,7,8,0,8,5.0,20.0,800.0,4.69
2024-10-17,3,Thursday,0,0,0,Sunny,Lunch,Host,97,4,4,0,4,5.0,15.0,300.0,4.73
2024-10-17,3,Thursday,0,0,0,Sunny,Lunch,Cashier,97,4,5,0,5,5.0,14.0,350.0,4.62
2024-10-17,3,Thursday,0,0,0,Sunny,Lunch,Dishwasher,97,5,6,0,6,5.0,13.0,390.0,4.73
2024-10-17,3,Thursday,0,0,0,Sunny,Dinner,Server,208,26,27,0,27,6.5,14.0,2457.0,4.74
2024-10-17,3,Thursday,0,0,0,Sunny,Dinner,Cook,208,13,12,0,12,6.5,20.0,1560.0,4.0
2024-10-17,3,Thursday,0,0,0,Sunny,Dinner,Host,208,9,9,2,7,6.5,15.0,682.5,3.54
2024-10-17,3,Thursday,0,0,0,Sunny,Dinner,Cashier,208,8,7,0,7,6.5,14.0,637.0,4.01
2024-10-17,3,Thursday,0,0,0,Sunny,Dinner,Dishwasher,208,10,10,2,8,6.5,13.0,676.0,3.56
2024-10-18,4,Friday,1,0,0,Cloudy,Lunch,Server,101,13,14,1,13,5.0,14.0,910.0,4.6
2024-10-18,4,Friday,1,0,0,Cloudy,Lunch,Cook,101,7,8,0,8,5.0,20.0,800.0,4.67
2024-10-18,4,Friday,1,0,0,Cloudy,Lunch,Host,101,5,5,0,5,5.0,15.0,375.0,4.72
2024-10-18,4,Friday,1,0,0,Cloudy,Lunch,Cashier,101,4,4,1,3,5.0,14.0,210.0,4.24
2024-10-18,4,Friday,1,0,0,Cloudy,Lunch,Dishwasher,101,5,5,1,4,5.0,13.0,260.0,4.1
2024-10-18,4,Friday,1,0,0,Cloudy,Dinner,Server,214,27,26,2,24,6.5,14.0,2184.0,2.62
2024-10-18,4,Friday,1,0,0,Cloudy,Dinner,Cook,214,14,13,0,13,6.5,20.0,1690.0,4.28
2024-10-18,4,Friday,1,0,0,Cloudy,Dinner,Host,214,9,8,0,8,6.5,15.0,780.0,4.19
2024-10-18,4,Friday,1,0,0,Cloudy,Dinner,Cashier,214,8,7,0,7,6.5,14.0,637.0,4.12
2024-10-18,4,Friday,1,0,0,Cloudy,Dinner,Dishwasher,214,10,10,1,9,6.5,13.0,760.5,4.25
2024-10-19,5,Saturday,1,0,0,Snow,Lunch,Server,80,10,10,2,8,5.0,14.0,560.0,3.79
2024-10-19,5,Saturday,1,0,0,Snow,Lunch,Cook,80,5,5,2,3,5.0,20.0,300.0,3.57
2024-10-19,5,Saturday,1,0,0,Snow,Lunch,Host,80,4,4,0,4,5.0,15.0,300.0,4.71
2024-10-19,5,Saturday,1,0,0,Snow,Lunch,Cashier,80,3,3,0,3,5.0,14.0,210.0,4.77
2024-10-19,5,Saturday,1,0,0,Snow,Lunch,Dishwasher,80,4,5,0,5,5.0,13.0,325.0,4.7
2024-10-19,5,Saturday,1,0,0,Snow,Dinner,Server,187,24,25,4,21,6.5,14.0,1911.0,2.97
2024-10-19,5,Saturday,1,0,0,Snow,Dinner,Cook,187,12,12,3,9,6.5,20.0,1170.0,3.25
2024-10-19,5,Saturday,1,0,0,Snow,Dinner,Host,187,8,8,1,7,6.5,15.0,682.5,3.98
2024-10-19,5,Saturday,1,0,0,Snow,Dinner,Cashier,187,7,7,1,6,6.5,14.0,546.0,4.4
2024-10-19,5,Saturday,1,0,0,Snow,Dinner,Dishwasher,187,9,10,1,9,6.5,13.0,760.5,4.81
2024-10-20,6,Sunday,1,0,0,Sunny,Lunch,Server,91,12,13,1,12,5.0,14.0,840.0,4.73
2024-10-20,6,Sunday,1,0,0,Sunny,Lunch,Cook,91,6,7,0,7,5.0,20.0,700.0,4.88
2024-10-20,6,Sunday,1,0,0,Sunny,Lunch,Host,91,4,4,0,4,5.0,15.0,300.0,4.71
2024-10-20,6,Sunday,1,0,0,Sunny,Lunch,Cashier,91,4,5,0,5,5.0,14.0,350.0,4.84
2024-10-20,6,Sunday,1,0,0,Sunny,Lunch,Dishwasher,91,5,6,0,6,5.0,13.0,390.0,4.72
2024-10-20,6,Sunday,1,0,0,Sunny,Dinner,Server,182,23,23,3,20,6.5,14.0,1820.0,3.17
2024-10-20,6,Sunday,1,0,0,Sunny,Dinner,Cook,182,12,12,0,12,6.5,20.0,1560.0,4.84
2024-10-20,6,Sunday,1,0,0,Sunny,Dinner,Host,182,8,8,0,8,6.5,15.0,780.0,4.89
2024-10-20,6,Sunday,1,0,0,Sunny,Dinner,Cashier,182,7,7,1,6,6.5,14.0,546.0,4.25
2024-10-20,6,Sunday,1,0,0,Sunny,Dinner,Dishwasher,182,9,9,0,9,6.5,13.0,760.5,4.81
2024-10-21,0,Monday,0,0,0,Rainy,Lunch,Server,84,11,11,1,10,5.0,14.0,700.0,4.13
2024-10-21,0,Monday,0,0,0,Rainy,Lunch,Cook,84,6,6,0,6,5.0,20.0,600.0,4.67
2024-10-21,0,Monday,0,0,0,Rainy,Lunch,Host,84,4,4,0,4,5.0,15.0,300.0,4.84
2024-10-21,0,Monday,0,0,0,Rainy,Lunch,Cashier,84,3,4,0,4,5.0,14.0,280.0,4.66
2024-10-21,0,Monday,0,0,0,Rainy,Lunch,Dishwasher,84,4,5,0,5,5.0,13.0,325.0,4.7
2024-10-21,0,Monday,0,0,0,Rainy,Dinner,Server,166,21,20,2,18,6.5,14.0,1638.0,2.83
2024-10-21,0,Monday,0,0,0,Rainy,Dinner,Cook,166,11,10,0,10,6.5,20.0,1300.0,4.18
2024-10-21,0,Monday,0,0,0,Rainy,Dinner,Host,166,7,7,2,5,6.5,15.0,487.5,3.7
2024-10-21,0,Monday,0,0,0,Rainy,Dinner,Cashier,166,6,6,0,6,6.5,14.0,546.0,4.79
2024-10-21,0,Monday,0,0,0,Rainy,Dinner,Dishwasher,166,8,8,0,8,6.5,13.0,676.0,4.85
2024-10-22,1,Tuesday,0,0,1,Sunny,Lunch,Server,95,12,13,0,13,5.0,14.0,910.0,4.72
2024-10-22,1,Tuesday,0,0,1,Sunny,Lunch,Cook,95,6,6,0,6,5.0,20.0,600.0,4.63
2024-10-22,1,Tuesday,0,0,1,Sunny,Lunch,Host,95,4,5,1,4,5.0,15.0,300.0,4.89
2024-10-22,1,Tuesday,0,0,1,Sunny,Lunch,Cashier,95,4,5,1,4,5.0,14.0,280.0,5.0
2024-10-22,1,Tuesday,0,0,1,Sunny,Lunch,Dishwasher,95,5,5,1,4,5.0,13.0,260.0,4.21
2024-10-22,1,Tuesday,0,0,1,Sunny,Dinner,Server,215,27,26,3,23,6.5,14.0,2093.0,2.46
2024-10-22,1,Tuesday,0,0,1,Sunny,Dinner,Cook,215,14,12,0,12,6.5,20.0,1560.0,4.03
2024-10-22,1,Tuesday,0,0,1,Sunny,Dinner,Host,215,9,9,0,9,6.5,15.0,877.5,4.54
2024-10-22,1,Tuesday,0,0,1,Sunny,Dinner,Cashier,215,8,7,0,7,6.5,14.0,637.0,4.32
2024-10-22,1,Tuesday,0,0,1,Sunny,Dinner,Dishwasher,215,10,9,1,8,6.5,13.0,676.0,3.77
2024-10-23,2,Wednesday,0,0,0,Cloudy,Lunch,Server,96,12,13,0,13,5.0,14.0,910.0,4.8
2024-10-23,2,Wednesday,0,0,0,Cloudy,Lunch,Cook,96,6,6,1,5,5.0,20.0,500.0,4.05
2024-10-23,2,Wednesday,0,0,0,Cloudy,Lunch,Host,96,4,5,0,5,5.0,15.0,375.0,4.82
2024-10-23,2,Wednesday,0,0,0,Cloudy,Lunch,Cashier,96,4,4,0,4,5.0,14.0,280.0,4.89
2024-10-23,2,Wednesday,0,0,0,Cloudy,Lunch,Dishwasher,96,5,6,2,4,5.0,13.0,260.0,4.18
2024-10-23,2,Wednesday,0,0,0,Cloudy,Dinner,Server,192,24,24,0,24,6.5,14.0,2184.0,4.92
2024-10-23,2,Wednesday,0,0,0,Cloudy,Dinner,Cook,192,12,12,0,12,6.5,20.0,1560.0,4.93
2024-10-23,2,Wednesday,0,0,0,Cloudy,Dinner,Host,192,8,9,0,9,6.5,15.0,877.5,4.89
2024-10-23,2,Wednesday,0,0,0,Cloudy,Dinner,Cashier,192,7,7,1,6,6.5,14.0,546.0,4.21
2024-10-23,2,Wednesday,0,0,0,Cloudy,Dinner,Dishwasher,192,9,10,1,9,6.5,13.0,760.5,4.73
2024-10-24,3,Thursday,0,0,0,Sunny,Lunch,Server,81,11,12,0,12,5.0,14.0,840.0,4.49
2024-10-24,3,Thursday,0,0,0,Sunny,Lunch,Cook,81,6,7,0,7,5.0,20.0,700.0,4.64
2024-10-24,3,Thursday,0,0,0,Sunny,Lunch,Host,81,4,4,0,4,5.0,15.0,300.0,4.66
2024-10-24,3,Thursday,0,0,0,Sunny,Lunch,Cashier,81,3,4,0,4,5.0,14.0,280.0,4.77
2024-10-24,3,Thursday,0,0,0,Sunny,Lunch,Dishwasher,81,4,5,0,5,5.0,13.0,325.0,4.76
2024-10-24,3,Thursday,0,0,0,Sunny,Dinner,Server,190,24,24,0,24,6.5,14.0,2184.0,4.58
2024-10-24,3,Thursday,0,0,0,Sunny,Dinner,Cook,190,12,11,0,11,6.5,20.0,1430.0,4.12
2024-10-24,3,Thursday,0,0,0,Sunny,Dinner,Host,190,8,8,0,8,6.5,15.0,780.0,4.64
2024-10-24,3,Thursday,0,0,0,Sunny,Dinner,Cashier,190,7,7,0,7,6.5,14.0,637.0,4.86
2024-10-24,3,Thursday,0,0,0,Sunny,Dinner,Dishwasher,190,9,8,0,8,6.5,13.0,676.0,4.14
2024-10-25,4,Friday,1,0,0,Sunny,Lunch,Server,121,16,16,1,15,5.0,14.0,1050.0,4.13
2024-10-25,4,Friday,1,0,0,Sunny,Lunch,Cook,121,8,7,0,7,5.0,20.0,700.0,4.08
2024-10-25,4,Friday,1,0,0,Sunny,Lunch,Host,121,5,4,0,4,5.0,15.0,300.0,4.13
2024-10-25,4,Friday,1,0,0,Sunny,Lunch,Cashier,121,5,5,1,4,5.0,14.0,280.0,3.96
2024-10-25,4,Friday,1,0,0,Sunny,Lunch,Dishwasher,121,6,5,2,3,5.0,13.0,195.0,2.88
2024-10-25,4,Friday,1,0,0,Sunny,Dinner,Server,239,30,30,2,28,6.5,14.0,2548.0,3.66
2024-10-25,4,Friday,1,0,0,Sunny,Dinner,Cook,239,15,15,2,13,6.5,20.0,1690.0,3.73
2024-10-25,4,Friday,1,0,0,Sunny,Dinner,Host,239,10,10,0,10,6.5,15.0,975.0,4.98
2024-10-25,4,Friday,1,0,0,Sunny,Dinner,Cashier,239,9,8,0,8,6.5,14.0,728.0,4.23
2024-10-25,4,Friday,1,0,0,Sunny,Dinner,Dishwasher,239,11,9,0,9,6.5,13.0,760.5,3.7
2024-10-26,5,Saturday,1,0,0,Cloudy,Lunch,Server,96,12,12,0,12,5.0,14.0,840.0,4.84
2024-10-26,5,Saturday,1,0,0,Cloudy,Lunch,Cook,96,6,7,0,7,5.0,20.0,700.0,4.55
2024-10-26,5,Saturday,1,0,0,Cloudy,Lunch,Host,96,4,5,0,5,5.0,15.0,375.0,4.81
2024-10-26,5,Saturday,1,0,0,Cloudy,Lunch,Cashier,96,4,5,1,4,5.0,14.0,280.0,4.99
2024-10-26,5,Saturday,1,0,0,Cloudy,Lunch,Dishwasher,96,5,6,0,6,5.0,13.0,390.0,4.74
2024-10-26,5,Saturday,1,0,0,Cloudy,Dinner,Server,258,33,32,3,29,6.5,14.0,2639.0,2.56
2024-10-26,5,Saturday,1,0,0,Cloudy,Dinner,Cook,258,17,15,2,13,6.5,20.0,1690.0,2.62
2024-10-26,5,Saturday,1,0,0,Cloudy,Dinner,Host,258,11,11,1,10,6.5,15.0,975.0,4.28
2024-10-26,5,Saturday,1,0,0,Cloudy,Dinner,Cashier,258,10,8,0,8,6.5,14.0,728.0,3.58
2024-10-26,5,Saturday,1,0,0,Cloudy,Dinner,Dishwasher,258,12,11,1,10,6.5,13.0,845.0,3.67
2024-10-27,6,Sunday,1,0,0,Cloudy,Lunch,Server,125,16,17,2,15,5.0,14.0,1050.0,3.96
2024-10-27,6,Sunday,1,0,0,Cloudy,Lunch,Cook,125,8,8,1,7,5.0,20.0,700.0,4.42
2024-10-27,6,Sunday,1,0,0,Cloudy,Lunch,Host,125,5,5,1,4,5.0,15.0,300.0,3.94
2024-10-27,6,Sunday,1,0,0,Cloudy,Lunch,Cashier,125,5,5,3,2,5.0,14.0,140.0,2.91
2024-10-27,6,Sunday,1,0,0,Cloudy,Lunch,Dishwasher,125,6,5,0,5,5.0,13.0,325.0,4.14
2024-10-27,6,Sunday,1,0,0,Cloudy,Dinner,Server,200,25,25,1,24,6.5,14.0,2184.0,4.07
2024-10-27,6,Sunday,1,0,0,Cloudy,Dinner,Cook,200,13,14,0,14,6.5,20.0,1820.0,4.77
2024-10-27,6,Sunday,1,0,0,Cloudy,Dinner,Host,200,8,8,1,7,6.5,15.0,682.5,4.24
2024-10-27,6,Sunday,1,0,0,Cloudy,Dinner,Cashier,200,8,9,1,8,6.5,14.0,728.0,4.74
2024-10-27,6,Sunday,1,0,0,Cloudy,Dinner,Dishwasher,200,10,10,0,10,6.5,13.0,845.0,4.57
2024-10-28,0,Monday,0,0,0,Cloudy,Lunch,Server,118,15,15,0,15,5.0,14.0,1050.0,4.69
2024-10-28,0,Monday,0,0,0,Cloudy,Lunch,Cook,118,8,8,0,8,5.0,20.0,800.0,4.68
2024-10-28,0,Monday,0,0,0,Cloudy,Lunch,Host,118,5,4,0,4,5.0,15.0,300.0,4.05
2024-10-28,0,Monday,0,0,0,Cloudy,Lunch,Cashier,118,5,6,0,6,5.0,14.0,420.0,4.84
2024-10-28,0,Monday,0,0,0,Cloudy,Lunch,Dishwasher,118,6,5,1,4,5.0,13.0,260.0,3.87
2024-10-28,0,Monday,0,0,0,Cloudy,Dinner,Server,162,21,22,1,21,6.5,14.0,1911.0,4.82
2024-10-28,0,Monday,0,0,0,Cloudy,Dinner,Cook,162,11,11,0,11,6.5,20.0,1430.0,4.8
2024-10-28,0,Monday,0,0,0,Cloudy,Dinner,Host,162,7,8,0,8,6.5,15.0,780.0,4.82
2024-10-28,0,Monday,0,0,0,Cloudy,Dinner,Cashier,162,6,6,0,6,6.5,14.0,546.0,4.75
2024-10-28,0,Monday,0,0,0,Cloudy,Dinner,Dishwasher,162,8,7,0,7,6.5,13.0,591.5,4.23
2024-10-29,1,Tuesday,0,0,0,Cloudy,Lunch,Server,91,12,12,1,11,5.0,14.0,770.0,4.29
2024-10-29,1,Tuesday,0,0,0,Cloudy,Lunch,Cook,91,6,7,0,7,5.0,20.0,700.0,4.85
2024-10-29,1,Tuesday,0,0,0,Cloudy,Lunch,Host,91,4,4,0,4,5.0,15.0,300.0,4.7
2024-10-29,1,Tuesday,0,0,0,Cloudy,Lunch,Cashier,91,4,4,0,4,5.0,14.0,280.0,4.58
2024-10-29,1,Tuesday,0,0,0,Cloudy,Lunch,Dishwasher,91,5,5,1,4,5.0,13.0,260.0,4.24
2024-10-29,1,Tuesday,0,0,0,Cloudy,Dinner,Server,169,22,21,3,18,6.5,14.0,1638.0,2.24
2024-10-29,1,Tuesday,0,0,0,Cloudy,Dinner,Cook,169,11,10,0,10,6.5,20.0,1300.0,4.08
2024-10-29,1,Tuesday,0,0,0,Cloudy,Dinner,Host,169,7,7,0,7,6.5,15.0,682.5,4.66
2024-10-29,1,Tuesday,0,0,0,Cloudy,Dinner,Cashier,169,7,6,0,6,6.5,14.0,546.0,4.08
2024-10-29,1,Tuesday,0,0,0,Cloudy,Dinner,Dishwasher,169,8,8,0,8,6.5,13.0,676.0,4.82
2024-10-30,2,Wednesday,0,0,0,Sunny,Lunch,Server,107,14,14,1,13,5.0,14.0,910.0,4.14
2024-10-30,2,Wednesday,0,0,0,Sunny,Lunch,Cook,107,7,8,1,7,5.0,20.0,700.0,4.8
2024-10-30,2,Wednesday,0,0,0,Sunny,Lunch,Host,107,5,5,0,5,5.0,15.0,375.0,4.67
2024-10-30,2,Wednesday,0,0,0,Sunny,Lunch,Cashier,107,4,5,1,4,5.0,14.0,280.0,4.77
2024-10-30,2,Wednesday,0,0,0,Sunny,Lunch,Dishwasher,107,5,5,1,4,5.0,13.0,260.0,4.34
2024-10-30,2,Wednesday,0,0,0,Sunny,Dinner,Server,187,24,23,1,22,6.5,14.0,2002.0,3.75
2024-10-30,2,Wednesday,0,0,0,Sunny,Dinner,Cook,187,12,11,0,11,6.5,20.0,1430.0,4.0
2024-10-30,2,Wednesday,0,0,0,Sunny,Dinner,Host,187,8,8,0,8,6.5,15.0,780.0,5.0
2024-10-30,2,Wednesday,0,0,0,Sunny,Dinner,Cashier,187,7,8,0,8,6.5,14.0,728.0,4.7
2024-10-30,2,Wednesday,0,0,0,Sunny,Dinner,Dishwasher,187,9,9,0,9,6.5,13.0,760.5,4.84
2024-10-31,3,Thursday,0,1,0,Cloudy,Lunch,Server,124,16,16,5,11,5.0,14.0,770.0,1.42
2024-10-31,3,Thursday,0,1,0,Cloudy,Lunch,Cook,124,8,7,0,7,5.0,20.0,700.0,4.15
2024-10-31,3,Thursday,0,1,0,Cloudy,Lunch,Host,124,5,6,0,6,5.0,15.0,450.0,5.0
2024-10-31,3,Thursday,0,1,0,Cloudy,Lunch,Cashier,124,5,5,0,5,5.0,14.0,350.0,4.77
2024-10-31,3,Thursday,0,1,0,Cloudy,Lunch,Dishwasher,124,6,6,0,6,5.0,13.0,390.0,4.72
2024-10-31,3,Thursday,0,1,0,Cloudy,Dinner,Server,160,20,20,0,20,6.5,14.0,1820.0,4.59
2024-10-31,3,Thursday,0,1,0,Cloudy,Dinner,Cook,160,10,10,0,10,6.5,20.0,1300.0,4.77
2024-10-31,3,Thursday,0,1,0,Cloudy,Dinner,Host,160,7,7,0,7,6.5,15.0,682.5,4.75
2024-10-31,3,Thursday,0,1,0,Cloudy,Dinner,Cashier,160,6,5,0,5,6.5,14.0,455.0,4.28
2024-10-31,3,Thursday,0,1,0,Cloudy,Dinner,Dishwasher,160,8,8,0,8,6.5,13.0,676.0,4.97
2024-11-01,4,Friday,1,0,0,Sunny,Lunch,Server,90,12,12,1,11,5.0,14.0,770.0,4.14
2024-11-01,4,Friday,1,0,0,Sunny,Lunch,Cook,90,6,7,0,7,5.0,20.0,700.0,4.59
2024-11-01,4,Friday,1,0,0,Sunny,Lunch,Host,90,4,5,0,5,5.0,15.0,375.0,4.83
2024-11-01,4,Friday,1,0,0,Sunny,Lunch,Cashier,90,4,4,1,3,5.0,14.0,210.0,4.22
2024-11-01,4,Friday,1,0,0,Sunny,Lunch,Dishwasher,90,5,6,0,6,5.0,13.0,390.0,5.0
2024-11-01,4,Friday,1,0,0,Sunny,Dinner,Server,275,35,34,4,30,6.5,14.0,2730.0,1.25
2024-11-01,4,Friday,1,0,0,Sunny,Dinner,Cook,275,18,18,3,15,6.5,20.0,1950.0,2.7
2024-11-01,4,Friday,1,0,0,Sunny,Dinner,Host,275,11,11,0,11,6.5,15.0,1072.5,4.68
2024-11-01,4,Friday,1,0,0,Sunny,Dinner,Cashier,275,10,10,0,10,6.5,14.0,910.0,4.76
2024-11-01,4,Friday,1,0,0,Sunny,Dinner,Dishwasher,275,13,12,1,11,6.5,13.0,929.5,3.7
2024-11-02,5,Saturday,1,0,0,Snow,Lunch,Server,84,11,11,0,11,5.0,14.0,770.0,4.73
2024-11-02,5,Saturday,1,0,0,Snow,Lunch,Cook,84,6,6,0,6,5.0,20.0,600.0,4.88
2024-11-02,5,Saturday,1,0,0,Snow,Lunch,Host,84,4,4,0,4,5.0,15.0,300.0,4.88
2024-11-02,5,Saturday,1,0,0,Snow,Lunch,Cashier,84,3,3,0,3,5.0,14.0,210.0,4.82
2024-11-02,5,Saturday,1,0,0,Snow,Lunch,Dishwasher,84,4,5,1,4,5.0,13.0,260.0,4.66
2024-11-02,5,Saturday,1,0,0,Snow,Dinner,Server,228,29,28,1,27,6.5,14.0,2457.0,3.71
2024-11-02,5,Saturday,1,0,0,Snow,Dinner,Cook,228,15,13,1,12,6.5,20.0,1560.0,3.25
2024-11-02,5,Saturday,1,0,0,Snow,Dinner,Host,228,10,9,0,9,6.5,15.0,877.5,4.02
2024-11-02,5,Saturday,1,0,0,Snow,Dinner,Cashier,228,9,8,2,6,6.5,14.0,546.0,2.96
2024-11-02,5,Saturday,1,0,0,Snow,Dinner,Dishwasher,228,11,11,2,9,6.5,13.0,760.5,3.47
2024-11-03,6,Sunday,1,0,0,Cloudy,Lunch,Server,114,15,15,2,13,5.0,14.0,910.0,3.5
2024-11-03,6,Sunday,1,0,0,Cloudy,Lunch,Cook,114,8,7,0,7,5.0,20.0,700.0,4.09
2024-11-03,6,Sunday,1,0,0,Cloudy,Lunch,Host,114,5,6,0,6,5.0,15.0,450.0,4.72
2024-11-03,6,Sunday,1,0,0,Cloudy,Lunch,Cashier,114,5,4,0,4,5.0,14.0,280.0,3.88
2024-11-03,6,Sunday,1,0,0,Cloudy,Lunch,Dishwasher,114,6,7,0,7,5.0,13.0,455.0,4.78
2024-11-03,6,Sunday,1,0,0,Cloudy,Dinner,Server,205,26,26,3,23,6.5,14.0,2093.0,2.72
2024-11-03,6,Sunday,1,0,0,Cloudy,Dinner,Cook,205,13,12,2,10,6.5,20.0,1300.0,2.92
2024-11-03,6,Sunday,1,0,0,Cloudy,Dinner,Host,205,9,8,2,6,6.5,15.0,585.0,2.82
2024-11-03,6,Sunday,1,0,0,Cloudy,Dinner,Cashier,205,8,7,2,5,6.5,14.0,455.0,3.18
2024-11-03,6,Sunday,1,0,0,Cloudy,Dinner,Dishwasher,205,10,11,0,11,6.5,13.0,929.5,4.85
2024-11-04,0,Monday,0,0,0,Sunny,Lunch,Server,97,13,13,0,13,5.0,14.0,910.0,4.87
2024-11-04,0,Monday,0,0,0,Sunny,Lunch,Cook,97,7,8,0,8,5.0,20.0,800.0,4.85
2024-11-04,0,Monday,0,0,0,Sunny,Lunch,Host,97,4,4,0,4,5.0,15.0,300.0,4.85
2024-11-04,0,Monday,0,0,0,Sunny,Lunch,Cashier,97,4,5,0,5,5.0,14.0,350.0,4.84
2024-11-04,0,Monday,0,0,0,Sunny,Lunch,Dishwasher,97,5,5,0,5,5.0,13.0,325.0,4.72
2024-11-04,0,Monday,0,0,0,Sunny,Dinner,Server,190,24,24,2,22,6.5,14.0,2002.0,3.53
2024-11-04,0,Monday,0,0,0,Sunny,Dinner,Cook,190,12,11,1,10,6.5,20.0,1300.0,3.46
2024-11-04,0,Monday,0,0,0,Sunny,Dinner,Host,190,8,7,1,6,6.5,15.0,585.0,3.75
2024-11-04,0,Monday,0,0,0,Sunny,Dinner,Cashier,190,7,6,1,5,6.5,14.0,455.0,3.72
2024-11-04,0,Monday,0,0,0,Sunny,Dinner,Dishwasher,190,9,9,0,9,6.5,13.0,760.5,4.87
2024-11-05,1,Tuesday,0,0,0,Sunny,Lunch,Server,108,14,15,1,14,5.0,14.0,980.0,4.92
2024-11-05,1,Tuesday,0,0,0,Sunny,Lunch,Cook,108,7,8,0,8,5.0,20.0,800.0,4.69
2024-11-05,1,Tuesday,0,0,0,Sunny,Lunch,Host,108,5,6,0,6,5.0,15.0,450.0,4.79
2024-11-05,1,Tuesday,0,0,0,Sunny,Lunch,Cashier,108,4,4,0,4,5.0,14.0,280.0,4.77
2024-11-05,1,Tuesday,0,0,0,Sunny,Lunch,Dishwasher,108,5,6,0,6,5.0,13.0,390.0,4.75
2024-11-05,1,Tuesday,0,0,0,Sunny,Dinner,Server,185,24,24,1,23,6.5,14.0,2093.0,4.24
2024-11-05,1,Tuesday,0,0,0,Sunny,Dinner,Cook,185,12,12,1,11,6.5,20.0,1430.0,4.12
2024-11-05,1,Tuesday,0,0,0,Sunny,Dinner,Host,185,8,8,0,8,6.5,15.0,780.0,4.63
2024-11-05,1,Tuesday,0,0,0,Sunny,Dinner,Cashier,185,7,8,0,8,6.5,14.0,728.0,4.82
2024-11-05,1,Tuesday,0,0,0,Sunny,Dinner,Dishwasher,185,9,9,0,9,6.5,13.0,760.5,4.75
2024-11-06,2,Wednesday,0,0,1,Cloudy,Lunch,Server,117,15,15,1,14,5.0,14.0,980.0,3.91
2024-11-06,2,Wednesday,0,0,1,Cloudy,Lunch,Cook,117,8,8,0,8,5.0,20.0,800.0,4.7
2024-11-06,2,Wednesday,0,0,1,Cloudy,Lunch,Host,117,5,5,0,5,5.0,15.0,375.0,4.76
2024-11-06,2,Wednesday,0,0,1,Cloudy,Lunch,Cashier,117,5,5,1,4,5.0,14.0,280.0,4.3
2024-11-06,2,Wednesday,0,0,1,Cloudy,Lunch,Dishwasher,117,6,6,0,6,5.0,13.0,390.0,4.82
2024-11-06,2,Wednesday,0,0,1,Cloudy,Dinner,Server,202,26,26,3,23,6.5,14.0,2093.0,2.83
2024-11-06,2,Wednesday,0,0,1,Cloudy,Dinner,Cook,202,13,13,1,12,6.5,20.0,1560.0,4.06
2024-11-06,2,Wednesday,0,0,1,Cloudy,Dinner,Host,202,9,8,1,7,6.5,15.0,682.5,3.57
2024-11-06,2,Wednesday,0,0,1,Cloudy,Dinner,Cashier,202,8,9,0,9,6.5,14.0,819.0,4.63
2024-11-06,2,Wednesday,0,0,1,Cloudy,Dinner,Dishwasher,202,10,10,1,9,6.5,13.0,760.5,4.12
2024-11-07,3,Thursday,0,0,0,Rainy,Lunch,Server,97,13,14,0,14,5.0,14.0,980.0,4.51
2024-11-07,3,Thursday,0,0,0,Rainy,Lunch,Cook,97,7,8,0,8,5.0,20.0,800.0,4.89
2024-11-07,3,Thursday,0,0,0,Rainy,Lunch,Host,97,4,4,1,3,5.0,15.0,225.0,4.19
2024-11-07,3,Thursday,0,0,0,Rainy,Lunch,Cashier,97,4,5,0,5,5.0,14.0,350.0,4.82
2024-11-07,3,Thursday,0,0,0,Rainy,Lunch,Dishwasher,97,5,6,0,6,5.0,13.0,390.0,4.6
2024-11-07,3,Thursday,0,0,0,Rainy,Dinner,Server,155,20,20,1,19,6.5,14.0,1729.0,4.27
2024-11-07,3,Thursday,0,0,0,Rainy,Dinner,Cook,155,10,9,0,9,6.5,20.0,1170.0,4.54
2024-11-07,3,Thursday,0,0,0,Rainy,Dinner,Host,155,7,8,0,8,6.5,15.0,780.0,4.72
2024-11-07,3,Thursday,0,0,0,Rainy,Dinner,Cashier,155,6,6,0,6,6.5,14.0,546.0,4.86
2024-11-07,3,Thursday,0,0,0,Rainy,Dinner,Dishwasher,155,8,8,0,8,6.5,13.0,676.0,4.9
2024-11-08,4,Friday,1,0,1,Rainy,Lunch,Server,116,15,15,1,14,5.0,14.0,980.0,4.45
2024-11-08,4,Friday,1,0,1,Rainy,Lunch,Cook,116,8,8,0,8,5.0,20.0,800.0,4.9
2024-11-08,4,Friday,1,0,1,Rainy,Lunch,Host,116,5,5,0,5,5.0,15.0,375.0,4.59
2024-11-08,4,Friday,1,0,1,Rainy,Lunch,Cashier,116,5,6,0,6,5.0,14.0,420.0,4.85
2024-11-08,4,Friday,1,0,1,Rainy,Lunch,Dishwasher,116,6,5,0,5,5.0,13.0,325.0,4.17
2024-11-08,4,Friday,1,0,1,Rainy,Dinner,Server,237,30,29,3,26,6.5,14.0,2366.0,2.81
2024-11-08,4,Friday,1,0,1,Rainy,Dinner,Cook,237,15,14,0,14,6.5,20.0,1820.0,3.99
2024-11-08,4,Friday,1,0,1,Rainy,Dinner,Host,237,10,9,1,8,6.5,15.0,780.0,3.56
2024-11-08,4,Friday,1,0,1,Rainy,Dinner,Cashier,237,9,9,0,9,6.5,14.0,819.0,4.81
2024-11-08,4,Friday,1,0,1,Rainy,Dinner,Dishwasher,237,11,10,2,8,6.5,13.0,676.0,2.66
2024-11-09,5,Saturday,1,0,0,Rainy,Lunch,Server,89,12,12,0,12,5.0,14.0,840.0,4.69
2024-11-09,5,Saturday,1,0,0,Rainy,Lunch,Cook,89,6,6,0,6,5.0,20.0,600.0,4.63
2024-11-09,5,Saturday,1,0,0,Rainy,Lunch,Host,89,4,5,0,5,5.0,15.0,375.0,4.71
2024-11-09,5,Saturday,1,0,0,Rainy,Lunch,Cashier,89,4,5,1,4,5.0,14.0,280.0,4.68
2024-11-09,5,Saturday,1,0,0,Rainy,Lunch,Dishwasher,89,5,5,2,3,5.0,13.0,195.0,3.84
2024-11-09,5,Saturday,1,0,0,Rainy,Dinner,Server,231,29,28,3,25,6.5,14.0,2275.0,2.29
2024-11-09,5,Saturday,1,0,0,Rainy,Dinner,Cook,231,15,14,1,13,6.5,20.0,1690.0,3.28
2024-11-09,5,Saturday,1,0,0,Rainy,Dinner,Host,231,10,9,1,8,6.5,15.0,780.0,3.31
2024-11-09,5,Saturday,1,0,0,Rainy,Dinner,Cashier,231,9,9,0,9,6.5,14.0,819.0,4.94
2024-11-09,5,Saturday,1,0,0,Rainy,Dinner,Dishwasher,231,11,11,1,10,6.5,13.0,845.0,4.16
2024-11-10,6,Sunday,1,0,0,Cloudy,Lunch,Server,78,10,11,1,10,5.0,14.0,700.0,4.74
2024-11-10,6,Sunday,1,0,0,Cloudy,Lunch,Cook,78,5,5,1,4,5.0,20.0,400.0,4.07
2024-11-10,6,Sunday,1,0,0,Cloudy,Lunch,Host,78,4,5,0,5,5.0,15.0,375.0,4.72
2024-11-10,6,Sunday,1,0,0,Cloudy,Lunch,Cashier,78,3,4,1,3,5.0,14.0,210.0,4.87
2024-11-10,6,Sunday,1,0,0,Cloudy,Lunch,Dishwasher,78,4,4,0,4,5.0,13.0,260.0,4.71
2024-11-10,6,Sunday,1,0,0,Cloudy,Dinner,Server,222,28,28,1,27,6.5,14.0,2457.0,4.0
2024-11-10,6,Sunday,1,0,0,Cloudy,Dinner,Cook,222,14,13,0,13,6.5,20.0,1690.0,3.81
2024-11-10,6,Sunday,1,0,0,Cloudy,Dinner,Host,222,9,9,0,9,6.5,15.0,877.5,4.72
2024-11-10,6,Sunday,1,0,0,Cloudy,Dinner,Cashier,222,8,7,0,7,6.5,14.0,637.0,4.41
2024-11-10,6,Sunday,1,0,0,Cloudy,Dinner,Dishwasher,222,11,11,3,8,6.5,13.0,676.0,2.88
2024-11-11,0,Monday,0,0,0,Sunny,Lunch,Server,99,13,14,0,14,5.0,14.0,980.0,4.9
2024-11-11,0,Monday,0,0,0,Sunny,Lunch,Cook,99,7,7,0,7,5.0,20.0,700.0,4.89
2024-11-11,0,Monday,0,0,0,Sunny,Lunch,Host,99,4,4,0,4,5.0,15.0,300.0,4.66
2024-11-11,0,Monday,0,0,0,Sunny,Lunch,Cashier,99,4,5,1,4,5.0,14.0,280.0,4.8
2024-11-11,0,Monday,0,0,0,Sunny,Lunch,Dishwasher,99,5,6,0,6,5.0,13.0,390.0,4.69
2024-11-11,0,Monday,0,0,0,Sunny,Dinner,Server,162,21,20,1,19,6.5,14.0,1729.0,3.35
2024-11-11,0,Monday,0,0,0,Sunny,Dinner,Cook,162,11,10,2,8,6.5,20.0,1040.0,3.23
2024-11-11,0,Monday,0,0,0,Sunny,Dinner,Host,162,7,6,1,5,6.5,15.0,487.5,3.69
2024-11-11,0,Monday,0,0,0,Sunny,Dinner,Cashier,162,6,7,0,7,6.5,14.0,637.0,4.99
2024-11-11,0,Monday,0,0,0,Sunny,Dinner,Dishwasher,162,8,7,1,6,6.5,13.0,507.0,3.41
2024-11-12,1,Tuesday,0,0,0,Rainy,Lunch,Server,64,8,8,1,7,5.0,14.0,490.0,4.07
2024-11-12,1,Tuesday,0,0,0,Rainy,Lunch,Cook,64,4,5,1,4,5.0,20.0,400.0,4.57
2024-11-12,1,Tuesday,0,0,0,Rainy,Lunch,Host,64,3,4,0,4,5.0,15.0,300.0,4.68
2024-11-12,1,Tuesday,0,0,0,Rainy,Lunch,Cashier,64,3,3,0,3,5.0,14.0,210.0,4.83
2024-11-12,1,Tuesday,0,0,0,Rainy,Lunch,Dishwasher,64,3,3,0,3,5.0,13.0,195.0,4.6
2024-11-12,1,Tuesday,0,0,0,Rainy,Dinner,Server,169,22,21,0,21,6.5,14.0,1911.0,4.01
2024-11-12,1,Tuesday,0,0,0,Rainy,Dinner,Cook,169,11,11,0,11,6.5,20.0,1430.0,4.58
2024-11-12,1,Tuesday,0,0,0,Rainy,Dinner,Host,169,7,6,0,6,6.5,15.0,585.0,4.08
2024-11-12,1,Tuesday,0,0,0,Rainy,Dinner,Cashier,169,7,8,0,8,6.5,14.0,728.0,4.77
2024-11-12,1,Tuesday,0,0,0,Rainy,Dinner,Dishwasher,169,8,9,0,9,6.5,13.0,760.5,4.88
2024-11-13,2,Wednesday,0,0,0,Sunny,Lunch,Server,98,13,13,0,13,5.0,14.0,910.0,4.84
2024-11-13,2,Wednesday,0,0,0,Sunny,Lunch,Cook,98,7,8,0,8,5.0,20.0,800.0,4.79
2024-11-13,2,Wednesday,0,0,0,Sunny,Lunch,Host,98,4,4,0,4,5.0,15.0,300.0,4.86
2024-11-13,2,Wednesday,0,0,0,Sunny,Lunch,Cashier,98,4,4,0,4,5.0,14.0,280.0,4.73
2024-11-13,2,Wednesday,0,0,0,Sunny,Lunch,Dishwasher,98,5,6,0,6,5.0,13.0,390.0,4.64
2024-11-13,2,Wednesday,0,0,0,Sunny,Dinner,Server,171,22,21,1,20,6.5,14.0,1820.0,3.43
2024-11-13,2,Wednesday,0,0,0,Sunny,Dinner,Cook,171,11,11,1,10,6.5,20.0,1300.0,4.29
2024-11-13,2,Wednesday,0,0,0,Sunny,Dinner,Host,171,7,6,0,6,6.5,15.0,585.0,4.07
2024-11-13,2,Wednesday,0,0,0,Sunny,Dinner,Cashier,171,7,7,0,7,6.5,14.0,637.0,4.74
2024-11-13,2,Wednesday,0,0,0,Sunny,Dinner,Dishwasher,171,8,8,0,8,6.5,13.0,676.0,4.7
2024-11-14,3,Thursday,0,0,0,Cloudy,Lunch,Server,85,11,12,1,11,5.0,14.0,770.0,4.81
2024-11-14,3,Thursday,0,0,0,Cloudy,Lunch,Cook,85,6,7,0,7,5.0,20.0,700.0,4.93
2024-11-14,3,Thursday,0,0,0,Cloudy,Lunch,Host,85,4,4,0,4,5.0,15.0,300.0,4.81
2024-11-14,3,Thursday,0,0,0,Cloudy,Lunch,Cashier,85,4,5,0,5,5.0,14.0,350.0,4.71
2024-11-14,3,Thursday,0,0,0,Cloudy,Lunch,Dishwasher,85,4,4,0,4,5.0,13.0,260.0,4.72
2024-11-14,3,Thursday,0,0,0,Cloudy,Dinner,Server,154,20,20,0,20,6.5,14.0,1820.0,4.81
2024-11-14,3,Thursday,0,0,0,Cloudy,Dinner,Cook,154,10,10,0,10,6.5,20.0,1300.0,4.71
2024-11-14,3,Thursday,0,0,0,Cloudy,Dinner,Host,154,7,8,1,7,6.5,15.0,682.5,4.78
2024-11-14,3,Thursday,0,0,0,Cloudy,Dinner,Cashier,154,6,6,0,6,6.5,14.0,546.0,4.84
2024-11-14,3,Thursday,0,0,0,Cloudy,Dinner,Dishwasher,154,7,8,0,8,6.5,13.0,676.0,4.99
2024-11-15,4,Friday,1,0,0,Sunny,Lunch,Server,103,13,13,0,13,5.0,14.0,910.0,4.7
2024-11-15,4,Friday,1,0,0,Sunny,Lunch,Cook,103,7,7,0,7,5.0,20.0,700.0,4.89
2024-11-15,4,Friday,1,0,0,Sunny,Lunch,Host,103,5,5,0,5,5.0,15.0,375.0,4.79
2024-11-15,4,Friday,1,0,0,Sunny,Lunch,Cashier,103,4,4,0,4,5.0,14.0,280.0,4.94
2024-11-15,4,Friday,1,0,0,Sunny,Lunch,Dishwasher,103,5,5,0,5,5.0,13.0,325.0,4.63
2024-11-15,4,Friday,1,0,0,Sunny,Dinner,Server,217,28,26,4,22,6.5,14.0,2002.0,1.73
2024-11-15,4,Friday,1,0,0,Sunny,Dinner,Cook,217,14,13,0,13,6.5,20.0,1690.0,4.03
2024-11-15,4,Friday,1,0,0,Sunny,Dinner,Host,217,9,8,0,8,6.5,15.0,780.0,4.15
2024-11-15,4,Friday,1,0,0,Sunny,Dinner,Cashier,217,8,8,1,7,6.5,14.0,637.0,4.21
2024-11-15,4,Friday,1,0,0,Sunny,Dinner,Dishwasher,217,10,10,0,10,6.5,13.0,845.0,4.63
2024-11-16,5,Saturday,1,0,0,Sunny,Lunch,Server,103,13,14,0,14,5.0,14.0,980.0,4.72
2024-11-16,5,Saturday,1,0,0,Sunny,Lunch,Cook,103,7,7,0,7,5.0,20.0,700.0,4.8
2024-11-16,5,Saturday,1,0,0,Sunny,Lunch,Host,103,5,5,0,5,5.0,15.0,375.0,4.63
2024-11-16,5,Saturday,1,0,0,Sunny,Lunch,Cashier,103,4,5,0,5,5.0,14.0,350.0,4.83
2024-11-16,5,Saturday,1,0,0,Sunny,Lunch,Dishwasher,103,5,6,1,5,5.0,13.0,325.0,4.6
2024-11-16,5,Saturday,1,0,0,Sunny,Dinner,Server,224,28,27,2,25,6.5,14.0,2275.0,3.41
2024-11-16,5,Saturday,1,0,0,Sunny,Dinner,Cook,224,14,13,1,12,6.5,20.0,1560.0,3.29
2024-11-16,5,Saturday,1,0,0,Sunny,Dinner,Host,224,9,8,0,8,6.5,15.0,780.0,4.21
2024-11-16,5,Saturday,1,0,0,Sunny,Dinner,Cashier,224,8,7,1,6,6.5,14.0,546.0,3.47
2024-11-16,5,Saturday,1,0,0,Sunny,Dinner,Dishwasher,224,11,11,1,10,6.5,13.0,845.0,4.15
2024-11-17,6,Sunday,1,0,0,Sunny,Lunch,Server,117,15,16,2,14,5.0,14.0,980.0,3.78
2024-11-17,6,Sunday,1,0,0,Sunny,Lunch,Cook,117,8,8,1,7,5.0,20.0,700.0,4.17
2024-11-17,6,Sunday,1,0,0,Sunny,Lunch,Host,117,5,5,0,5,5.0,15.0,375.0,4.82
2024-11-17,6,Sunday,1,0,0,Sunny,Lunch,Cashier,117,5,4,0,4,5.0,14.0,280.0,4.15
2024-11-17,6,Sunday,1,0,0,Sunny,Lunch,Dishwasher,117,6,6,2,4,5.0,13.0,260.0,3.27
2024-11-17,6,Sunday,1,0,0,Sunny,Dinner,Server,212,27,25,2,23,6.5,14.0,2093.0,2.36
2024-11-17,6,Sunday,1,0,0,Sunny,Dinner,Cook,212,14,12,0,12,6.5,20.0,1560.0,3.35
2024-11-17,6,Sunday,1,0,0,Sunny,Dinner,Host,212,9,9,3,6,6.5,15.0,585.0,2.47
2024-11-17,6,Sunday,1,0,0,Sunny,Dinner,Cashier,212,8,7,1,6,6.5,14.0,546.0,3.4
2024-11-17,6,Sunday,1,0,0,Sunny,Dinner,Dishwasher,212,10,9,1,8,6.5,13.0,676.0,3.33
2024-11-18,0,Monday,0,0,0,Sunny,Lunch,Server,82,11,12,0,12,5.0,14.0,840.0,4.81
2024-11-18,0,Monday,0,0,0,Sunny,Lunch,Cook,82,6,7,0,7,5.0,20.0,700.0,4.96
2024-11-18,0,Monday,0,0,0,Sunny,Lunch,Host,82,4,4,1,3,5.0,15.0,225.0,4.2
2024-11-18,0,Monday,0,0,0,Sunny,Lunch,Cashier,82,3,3,0,3,5.0,14.0,210.0,4.64
2024-11-18,0,Monday,0,0,0,Sunny,Lunch,Dishwasher,82,4,5,0,5,5.0,13.0,325.0,4.97
2024-11-18,0,Monday,0,0,0,Sunny,Dinner,Server,184,23,24,1,23,6.5,14.0,2093.0,4.89
2024-11-18,0,Monday,0,0,0,Sunny,Dinner,Cook,184,12,12,0,12,6.5,20.0,1560.0,4.7
2024-11-18,0,Monday,0,0,0,Sunny,Dinner,Host,184,8,8,0,8,6.5,15.0,780.0,4.68
2024-11-18,0,Monday,0,0,0,Sunny,Dinner,Cashier,184,7,6,0,6,6.5,14.0,546.0,4.09
2024-11-18,0,Monday,0,0,0,Sunny,Dinner,Dishwasher,184,9,10,2,8,6.5,13.0,676.0,4.03
2024-11-19,1,Tuesday,0,0,0,Sunny,Lunch,Server,82,11,11,3,8,5.0,14.0,560.0,3.02
2024-11-19,1,Tuesday,0,0,0,Sunny,Lunch,Cook,82,6,7,0,7,5.0,20.0,700.0,4.87
2024-11-19,1,Tuesday,0,0,0,Sunny,Lunch,Host,82,4,4,0,4,5.0,15.0,300.0,4.7
2024-11-19,1,Tuesday,0,0,0,Sunny,Lunch,Cashier,82,3,4,0,4,5.0,14.0,280.0,4.96
2024-11-19,1,Tuesday,0,0,0,Sunny,Lunch,Dishwasher,82,4,5,1,4,5.0,13.0,260.0,4.73
2024-11-19,1,Tuesday,0,0,0,Sunny,Dinner,Server,177,23,23,0,23,6.5,14.0,2093.0,4.51
2024-11-19,1,Tuesday,0,0,0,Sunny,Dinner,Cook,177,12,12,0,12,6.5,20.0,1560.0,4.74
2024-11-19,1,Tuesday,0,0,0,Sunny,Dinner,Host,177,8,7,1,6,6.5,15.0,585.0,3.54
2024-11-19,1,Tuesday,0,0,0,Sunny,Dinner,Cashier,177,7,6,0,6,6.5,14.0,546.0,4.44
2024-11-19,1,Tuesday,0,0,0,Sunny,Dinner,Dishwasher,177,9,9,2,7,6.5,13.0,591.5,3.69
2024-11-20,2,Wednesday,0,0,0,Cloudy,Lunch,Server,91,12,12,1,11,5.0,14.0,770.0,3.88
2024-11-20,2,Wednesday,0,0,0,Cloudy,Lunch,Cook,91,6,7,0,7,5.0,20.0,700.0,4.72
2024-11-20,2,Wednesday,0,0,0,Cloudy,Lunch,Host,91,4,5,0,5,5.0,15.0,375.0,4.92
2024-11-20,2,Wednesday,0,0,0,Cloudy,Lunch,Cashier,91,4,5,0,5,5.0,14.0,350.0,4.73
2024-11-20,2,Wednesday,0,0,0,Cloudy,Lunch,Dishwasher,91,5,6,0,6,5.0,13.0,390.0,4.71
2024-11-20,2,Wednesday,0,0,0,Cloudy,Dinner,Server,170,22,22,1,21,6.5,14.0,1911.0,4.01
2024-11-20,2,Wednesday,0,0,0,Cloudy,Dinner,Cook,170,11,11,1,10,6.5,20.0,1300.0,4.2
2024-11-20,2,Wednesday,0,0,0,Cloudy,Dinner,Host,170,7,7,0,7,6.5,15.0,682.5,4.79
2024-11-20,2,Wednesday,0,0,0,Cloudy,Dinner,Cashier,170,7,8,1,7,6.5,14.0,637.0,4.61
2024-11-20,2,Wednesday,0,0,0,Cloudy,Dinner,Dishwasher,170,8,7,1,6,6.5,13.0,507.0,3.63
2024-11-21,3,Thursday,0,0,0,Sunny,Lunch,Server,102,13,13,2,11,5.0,14.0,770.0,3.68
2024-11-21,3,Thursday,0,0,0,Sunny,Lunch,Cook,102,7,7,1,6,5.0,20.0,600.0,4.28
2024-11-21,3,Thursday,0,0,0,Sunny,Lunch,Host,102,5,6,0,6,5.0,15.0,450.0,4.76
2024-11-21,3,Thursday,0,0,0,Sunny,Lunch,Cashier,102,4,5,1,4,5.0,14.0,280.0,4.82
2024-11-21,3,Thursday,0,0,0,Sunny,Lunch,Dishwasher,102,5,5,2,3,5.0,13.0,195.0,3.46
2024-11-21,3,Thursday,0,0,0,Sunny,Dinner,Server,182,23,22,1,21,6.5,14.0,1911.0,3.6
2024-11-21,3,Thursday,0,0,0,Sunny,Dinner,Cook,182,12,12,1,11,6.5,20.0,1430.0,4.07
2024-11-21,3,Thursday,0,0,0,Sunny,Dinner,Host,182,8,9,1,8,6.5,15.0,780.0,4.69
2024-11-21,3,Thursday,0,0,0,Sunny,Dinner,Cashier,182,7,7,0,7,6.5,14.0,637.0,4.68
2024-11-21,3,Thursday,0,0,0,Sunny,Dinner,Dishwasher,182,9,9,0,9,6.5,13.0,760.5,4.93
2024-11-22,4,Friday,1,0,0,Sunny,Lunch,Server,137,18,18,0,18,5.0,14.0,1260.0,4.5
2024-11-22,4,Friday,1,0,0,Sunny,Lunch,Cook,137,9,9,1,8,5.0,20.0,800.0,4.45
2024-11-22,4,Friday,1,0,0,Sunny,Lunch,Host,137,6,6,0,6,5.0,15.0,450.0,4.72
2024-11-22,4,Friday,1,0,0,Sunny,Lunch,Cashier,137,5,6,1,5,5.0,14.0,350.0,4.71
2024-11-22,4,Friday,1,0,0,Sunny,Lunch,Dishwasher,137,7,6,1,5,5.0,13.0,325.0,3.53
2024-11-22,4,Friday,1,0,0,Sunny,Dinner,Server,225,29,29,5,24,6.5,14.0,2184.0,1.79
2024-11-22,4,Friday,1,0,0,Sunny,Dinner,Cook,225,15,14,0,14,6.5,20.0,1820.0,4.21
2024-11-22,4,Friday,1,0,0,Sunny,Dinner,Host,225,9,8,1,7,6.5,15.0,682.5,3.65
2024-11-22,4,Friday,1,0,0,Sunny,Dinner,Cashier,225,9,8,0,8,6.5,14.0,728.0,4.25
2024-11-22,4,Friday,1,0,0,Sunny,Dinner,Dishwasher,225,11,11,2,9,6.5,13.0,760.5,3.46
2024-11-23,5,Saturday,1,0,0,Sunny,Lunch,Server,90,12,13,2,11,5.0,14.0,770.0,4.11
2024-11-23,5,Saturday,1,0,0,Sunny,Lunch,Cook,90,6,7,0,7,5.0,20.0,700.0,4.65
2024-11-23,5,Saturday,1,0,0,Sunny,Lunch,Host,90,4,4,0,4,5.0,15.0,300.0,4.6
2024-11-23,5,Saturday,1,0,0,Sunny,Lunch,Cashier,90,4,5,0,5,5.0,14.0,350.0,4.62
2024-11-23,5,Saturday,1,0,0,Sunny,Lunch,Dishwasher,90,5,5,0,5,5.0,13.0,325.0,4.83
2024-11-23,5,Saturday,1,0,0,Sunny,Dinner,Server,252,32,31,2,29,6.5,14.0,2639.0,2.75
2024-11-23,5,Saturday,1,0,0,Sunny,Dinner,Cook,252,16,15,1,14,6.5,20.0,1820.0,3.7
2024-11-23,5,Saturday,1,0,0,Sunny,Dinner,Host,252,11,9,1,8,6.5,15.0,780.0,2.7
2024-11-23,5,Saturday,1,0,0,Sunny,Dinner,Cashier,252,9,7,1,6,6.5,14.0,546.0,2.91
2024-11-23,5,Saturday,1,0,0,Sunny,Dinner,Dishwasher,252,12,12,1,11,6.5,13.0,929.5,4.2
2024-11-24,6,Sunday,1,0,0,Sunny,Lunch,Server,119,15,15,1,14,5.0,14.0,980.0,4.13
2024-11-24,6,Sunday,1,0,0,Sunny,Lunch,Cook,119,8,8,0,8,5.0,20.0,800.0,4.84
2024-11-24,6,Sunday,1,0,0,Sunny,Lunch,Host,119,5,5,2,3,5.0,15.0,225.0,3.66
2024-11-24,6,Sunday,1,0,0,Sunny,Lunch,Cashier,119,5,6,0,6,5.0,14.0,420.0,4.68
2024-11-24,6,Sunday,1,0,0,Sunny,Lunch,Dishwasher,119,6,7,0,7,5.0,13.0,455.0,4.79
2024-11-24,6,Sunday,1,0,0,Sunny,Dinner,Server,207,26,25,2,23,6.5,14.0,2093.0,2.61
2024-11-24,6,Sunday,1,0,0,Sunny,Dinner,Cook,207,13,13,0,13,6.5,20.0,1690.0,4.77
2024-11-24,6,Sunday,1,0,0,Sunny,Dinner,Host,207,9,10,0,10,6.5,15.0,975.0,4.64
2024-11-24,6,Sunday,1,0,0,Sunny,Dinner,Cashier,207,8,8,0,8,6.5,14.0,728.0,4.71
2024-11-24,6,Sunday,1,0,0,Sunny,Dinner,Dishwasher,207,10,10,1,9,6.5,13.0,760.5,4.31
2024-11-25,0,Monday,0,0,0,Sunny,Lunch,Server,88,11,11,0,11,5.0,14.0,770.0,4.8
2024-11-25,0,Monday,0,0,0,Sunny,Lunch,Cook,88,6,7,0,7,5.0,20.0,700.0,4.8
2024-11-25,0,Monday,0,0,0,Sunny,Lunch,Host,88,4,4,0,4,5.0,15.0,300.0,4.69
2024-11-25,0,Monday,0,0,0,Sunny,Lunch,Cashier,88,4,5,0,5,5.0,14.0,350.0,4.72
2024-11-25,0,Monday,0,0,0,Sunny,Lunch,Dishwasher,88,4,5,1,4,5.0,13.0,260.0,4.58
2024-11-25,0,Monday,0,0,0,Sunny,Dinner,Server,204,26,26,2,24,6.5,14.0,2184.0,3.78
2024-11-25,0,Monday,0,0,0,Sunny,Dinner,Cook,204,13,12,1,11,6.5,20.0,1430.0,3.92
2024-11-25,0,Monday,0,0,0,Sunny,Dinner,Host,204,9,9,0,9,6.5,15.0,877.5,4.82
2024-11-25,0,Monday,0,0,0,Sunny,Dinner,Cashier,204,8,8,1,7,6.5,14.0,637.0,4.12
2024-11-25,0,Monday,0,0,0,Sunny,Dinner,Dishwasher,204,10,10,1,9,6.5,13.0,760.5,4.19
2024-11-26,1,Tuesday,0,0,0,Cloudy,Lunch,Server,78,10,10,1,9,5.0,14.0,630.0,4.07
2024-11-26,1,Tuesday,0,0,0,Cloudy,Lunch,Cook,78,5,5,1,4,5.0,20.0,400.0,4.26
2024-11-26,1,Tuesday,0,0,0,Cloudy,Lunch,Host,78,4,4,0,4,5.0,15.0,300.0,4.9
2024-11-26,1,Tuesday,0,0,0,Cloudy,Lunch,Cashier,78,3,4,0,4,5.0,14.0,280.0,4.9
2024-11-26,1,Tuesday,0,0,0,Cloudy,Lunch,Dishwasher,78,4,4,0,4,5.0,13.0,260.0,4.64
2024-11-26,1,Tuesday,0,0,0,Cloudy,Dinner,Server,168,21,21,1,20,6.5,14.0,1820.0,4.03
2024-11-26,1,Tuesday,0,0,0,Cloudy,Dinner,Cook,168,11,12,0,12,6.5,20.0,1560.0,4.74
2024-11-26,1,Tuesday,0,0,0,Cloudy,Dinner,Host,168,7,7,0,7,6.5,15.0,682.5,4.73
2024-11-26,1,Tuesday,0,0,0,Cloudy,Dinner,Cashier,168,6,5,0,5,6.5,14.0,455.0,4.21
2024-11-26,1,Tuesday,0,0,0,Cloudy,Dinner,Dishwasher,168,8,8,3,5,6.5,13.0,422.5,3.0
2024-11-27,2,Wednesday,0,0,0,Sunny,Lunch,Server,77,10,10,0,10,5.0,14.0,700.0,4.67
2024-11-27,2,Wednesday,0,0,0,Sunny,Lunch,Cook,77,5,6,0,6,5.0,20.0,600.0,4.76
2024-11-27,2,Wednesday,0,0,0,Sunny,Lunch,Host,77,4,5,0,5,5.0,15.0,375.0,4.71
2024-11-27,2,Wednesday,0,0,0,Sunny,Lunch,Cashier,77,3,3,0,3,5.0,14.0,210.0,4.59
2024-11-27,2,Wednesday,0,0,0,Sunny,Lunch,Dishwasher,77,4,5,0,5,5.0,13.0,325.0,4.79
2024-11-27,2,Wednesday,0,0,0,Sunny,Dinner,Server,211,27,27,2,25,6.5,14.0,2275.0,4.1
2024-11-27,2,Wednesday,0,0,0,Sunny,Dinner,Cook,211,14,12,1,11,6.5,20.0,1430.0,2.97
2024-11-27,2,Wednesday,0,0,0,Sunny,Dinner,Host,211,9,8,0,8,6.5,15.0,780.0,4.25
2024-11-27,2,Wednesday,0,0,0,Sunny,Dinner,Cashier,211,8,6,1,5,6.5,14.0,455.0,3.22
2024-11-27,2,Wednesday,0,0,0,Sunny,Dinner,Dishwasher,211,10,8,0,8,6.5,13.0,676.0,3.65
2024-11-28,3,Thursday,0,1,0,Cloudy,Lunch,Server,147,19,18,1,17,5.0,14.0,1190.0,3.53
2024-11-28,3,Thursday,0,1,0,Cloudy,Lunch,Cook,147,10,10,2,8,5.0,20.0,800.0,3.98
2024-11-28,3,Thursday,0,1,0,Cloudy,Lunch,Host,147,6,6,0,6,5.0,15.0,450.0,4.71
2024-11-28,3,Thursday,0,1,0,Cloudy,Lunch,Cashier,147,6,7,1,6,5.0,14.0,420.0,4.64
2024-11-28,3,Thursday,0,1,0,Cloudy,Lunch,Dishwasher,147,7,7,0,7,5.0,13.0,455.0,4.8
2024-11-28,3,Thursday,0,1,0,Cloudy,Dinner,Server,252,32,31,4,27,6.5,14.0,2457.0,1.43
2024-11-28,3,Thursday,0,1,0,Cloudy,Dinner,Cook,252,16,15,1,14,6.5,20.0,1820.0,3.25
2024-11-28,3,Thursday,0,1,0,Cloudy,Dinner,Host,252,11,11,0,11,6.5,15.0,1072.5,4.75
2024-11-28,3,Thursday,0,1,0,Cloudy,Dinner,Cashier,252,9,9,1,8,6.5,14.0,728.0,4.1
2024-11-28,3,Thursday,0,1,0,Cloudy,Dinner,Dishwasher,252,12,11,1,10,6.5,13.0,845.0,3.33
2024-11-29,4,Friday,1,0,0,Sunny,Lunch,Server,96,12,12,0,12,5.0,14.0,840.0,4.94
2024-11-29,4,Friday,1,0,0,Sunny,Lunch,Cook,96,6,6,0,6,5.0,20.0,600.0,4.69
2024-11-29,4,Friday,1,0,0,Sunny,Lunch,Host,96,4,4,0,4,5.0,15.0,300.0,4.92
2024-11-29,4,Friday,1,0,0,Sunny,Lunch,Cashier,96,4,5,0,5,5.0,14.0,350.0,4.89
2024-11-29,4,Friday,1,0,0,Sunny,Lunch,Dishwasher,96,5,5,0,5,5.0,13.0,325.0,4.78
2024-11-29,4,Friday,1,0,0,Sunny,Dinner,Server,198,25,24,2,22,6.5,14.0,2002.0,3.14
2024-11-29,4,Friday,1,0,0,Sunny,Dinner,Cook,198,13,12,0,12,6.5,20.0,1560.0,4.32
2024-11-29,4,Friday,1,0,0,Sunny,Dinner,Host,198,8,9,0,9,6.5,15.0,877.5,4.83
2024-11-29,4,Friday,1,0,0,Sunny,Dinner,Cashier,198,8,8,1,7,6.5,14.0,637.0,4.04
2024-11-29,4,Friday,1,0,0,Sunny,Dinner,Dishwasher,198,9,9,1,8,6.5,13.0,676.0,4.3
2024-11-30,5,Saturday,1,0,0,Sunny,Lunch,Server,116,15,15,0,15,5.0,14.0,1050.0,4.78
2024-11-30,5,Saturday,1,0,0,Sunny,Lunch,Cook,116,8,9,2,7,5.0,20.0,700.0,4.33
2024-11-30,5,Saturday,1,0,0,Sunny,Lunch,Host,116,5,4,0,4,5.0,15.0,300.0,4.13
2024-11-30,5,Saturday,1,0,0,Sunny,Lunch,Cashier,116,5,5,0,5,5.0,14.0,350.0,4.72
2024-11-30,5,Saturday,1,0,0,Sunny,Lunch,Dishwasher,116,6,5,0,5,5.0,13.0,325.0,3.98
2024-11-30,5,Saturday,1,0,0,Sunny,Dinner,Server,255,32,30,3,27,6.5,14.0,2457.0,1.42
2024-11-30,5,Saturday,1,0,0,Sunny,Dinner,Cook,255,16,16,0,16,6.5,20.0,2080.0,4.62
2024-11-30,5,Saturday,1,0,0,Sunny,Dinner,Host,255,11,11,1,10,6.5,15.0,975.0,4.26
2024-11-30,5,Saturday,1,0,0,Sunny,Dinner,Cashier,255,10,9,0,9,6.5,14.0,819.0,4.03
2024-11-30,5,Saturday,1,0,0,Sunny,Dinner,Dishwasher,255,12,11,0,11,6.5,13.0,929.5,4.0
2024-12-01,6,Sunday,1,0,0,Sunny,Lunch,Server,106,14,15,1,14,5.0,14.0,980.0,4.69
2024-12-01,6,Sunday,1,0,0,Sunny,Lunch,Cook,106,7,7,1,6,5.0,20.0,600.0,4.24
2024-12-01,6,Sunday,1,0,0,Sunny,Lunch,Host,106,5,6,0,6,5.0,15.0,450.0,4.74
2024-12-01,6,Sunday,1,0,0,Sunny,Lunch,Cashier,106,4,4,0,4,5.0,14.0,280.0,4.81
2024-12-01,6,Sunday,1,0,0,Sunny,Lunch,Dishwasher,106,5,6,0,6,5.0,13.0,390.0,4.75
2024-12-01,6,Sunday,1,0,0,Sunny,Dinner,Server,263,33,33,5,28,6.5,14.0,2548.0,1.06
2024-12-01,6,Sunday,1,0,0,Sunny,Dinner,Cook,263,17,16,0,16,6.5,20.0,2080.0,4.13
2024-12-01,6,Sunday,1,0,0,Sunny,Dinner,Host,263,11,10,1,9,6.5,15.0,877.5,3.22
2024-12-01,6,Sunday,1,0,0,Sunny,Dinner,Cashier,263,10,10,1,9,6.5,14.0,819.0,4.15
2024-12-01,6,Sunday,1,0,0,Sunny,Dinner,Dishwasher,263,12,10,0,10,6.5,13.0,845.0,3.68
2024-12-02,0,Monday,0,0,0,Snow,Lunch,Server,103,13,14,1,13,5.0,14.0,910.0,4.91
2024-12-02,0,Monday,0,0,0,Snow,Lunch,Cook,103,7,8,0,8,5.0,20.0,800.0,4.79
2024-12-02,0,Monday,0,0,0,Snow,Lunch,Host,103,5,6,0,6,5.0,15.0,450.0,4.74
2024-12-02,0,Monday,0,0,0,Snow,Lunch,Cashier,103,4,5,0,5,5.0,14.0,350.0,4.84
2024-12-02,0,Monday,0,0,0,Snow,Lunch,Dishwasher,103,5,6,1,5,5.0,13.0,325.0,4.89
2024-12-02,0,Monday,0,0,0,Snow,Dinner,Server,127,16,17,0,17,6.5,14.0,1547.0,4.78
2024-12-02,0,Monday,0,0,0,Snow,Dinner,Cook,127,8,9,0,9,6.5,20.0,1170.0,4.61
2024-12-02,0,Monday,0,0,0,Snow,Dinner,Host,127,6,6,1,5,6.5,15.0,487.5,4.07
2024-12-02,0,Monday,0,0,0,Snow,Dinner,Cashier,127,5,5,0,5,6.5,14.0,455.0,4.53
2024-12-02,0,Monday,0,0,0,Snow,Dinner,Dishwasher,127,6,7,0,7,6.5,13.0,591.5,4.88
2024-12-03,1,Tuesday,0,0,0,Sunny,Lunch,Server,97,13,14,1,13,5.0,14.0,910.0,4.97
2024-12-03,1,Tuesday,0,0,0,Sunny,Lunch,Cook,97,7,8,0,8,5.0,20.0,800.0,4.56
2024-12-03,1,Tuesday,0,0,0,Sunny,Lunch,Host,97,4,5,0,5,5.0,15.0,375.0,4.64
2024-12-03,1,Tuesday,0,0,0,Sunny,Lunch,Cashier,97,4,4,0,4,5.0,14.0,280.0,4.76
2024-12-03,1,Tuesday,0,0,0,Sunny,Lunch,Dishwasher,97,5,6,1,5,5.0,13.0,325.0,4.87
2024-12-03,1,Tuesday,0,0,0,Sunny,Dinner,Server,185,24,25,2,23,6.5,14.0,2093.0,4.31
2024-12-03,1,Tuesday,0,0,0,Sunny,Dinner,Cook,185,12,12,1,11,6.5,20.0,1430.0,4.09
2024-12-03,1,Tuesday,0,0,0,Sunny,Dinner,Host,185,8,7,0,7,6.5,15.0,682.5,4.35
2024-12-03,1,Tuesday,0,0,0,Sunny,Dinner,Cashier,185,7,7,1,6,6.5,14.0,546.0,4.24
2024-12-03,1,Tuesday,0,0,0,Sunny,Dinner,Dishwasher,185,9,8,0,8,6.5,13.0,676.0,4.08
2024-12-04,2,Wednesday,0,0,1,Cloudy,Lunch,Server,115,15,15,0,15,5.0,14.0,1050.0,4.94
2024-12-04,2,Wednesday,0,0,1,Cloudy,Lunch,Cook,115,8,7,0,7,5.0,20.0,700.0,4.13
2024-12-04,2,Wednesday,0,0,1,Cloudy,Lunch,Host,115,5,4,1,3,5.0,15.0,225.0,3.57
2024-12-04,2,Wednesday,0,0,1,Cloudy,Lunch,Cashier,115,5,5,1,4,5.0,14.0,280.0,4.19
2024-12-04,2,Wednesday,0,0,1,Cloudy,Lunch,Dishwasher,115,6,6,0,6,5.0,13.0,390.0,4.82
2024-12-04,2,Wednesday,0,0,1,Cloudy,Dinner,Server,206,26,26,1,25,6.5,14.0,2275.0,3.95
2024-12-04,2,Wednesday,0,0,1,Cloudy,Dinner,Cook,206,13,13,1,12,6.5,20.0,1560.0,4.15
2024-12-04,2,Wednesday,0,0,1,Cloudy,Dinner,Host,206,9,9,1,8,6.5,15.0,780.0,4.15
2024-12-04,2,Wednesday,0,0,1,Cloudy,Dinner,Cashier,206,8,7,1,6,6.5,14.0,546.0,4.05
2024-12-04,2,Wednesday,0,0,1,Cloudy,Dinner,Dishwasher,206,10,10,0,10,6.5,13.0,845.0,4.81
2024-12-05,3,Thursday,0,0,0,Cloudy,Lunch,Server,111,14,14,1,13,5.0,14.0,910.0,4.21
2024-12-05,3,Thursday,0,0,0,Cloudy,Lunch,Cook,111,7,6,0,6,5.0,20.0,600.0,4.19
2024-12-05,3,Thursday,0,0,0,Cloudy,Lunch,Host,111,5,4,1,3,5.0,15.0,225.0,3.91
2024-12-05,3,Thursday,0,0,0,Cloudy,Lunch,Cashier,111,4,4,1,3,5.0,14.0,210.0,4.21
2024-12-05,3,Thursday,0,0,0,Cloudy,Lunch,Dishwasher,111,6,6,0,6,5.0,13.0,390.0,4.55
2024-12-05,3,Thursday,0,0,0,Cloudy,Dinner,Server,160,20,19,2,17,6.5,14.0,1547.0,3.38
2024-12-05,3,Thursday,0,0,0,Cloudy,Dinner,Cook,160,10,11,1,10,6.5,20.0,1300.0,4.77
2024-12-05,3,Thursday,0,0,0,Cloudy,Dinner,Host,160,7,7,2,5,6.5,15.0,487.5,3.34
2024-12-05,3,Thursday,0,0,0,Cloudy,Dinner,Cashier,160,6,6,0,6,6.5,14.0,546.0,4.88
2024-12-05,3,Thursday,0,0,0,Cloudy,Dinner,Dishwasher,160,8,9,0,9,6.5,13.0,760.5,4.87
2024-12-06,4,Friday,1,0,0,Sunny,Lunch,Server,90,12,12,0,12,5.0,14.0,840.0,4.74
2024-12-06,4,Friday,1,0,0,Sunny,Lunch,Cook,90,6,6,1,5,5.0,20.0,500.0,3.99
2024-12-06,4,Friday,1,0,0,Sunny,Lunch,Host,90,4,5,0,5,5.0,15.0,375.0,4.71
2024-12-06,4,Friday,1,0,0,Sunny,Lunch,Cashier,90,4,4,1,3,5.0,14.0,210.0,3.76
2024-12-06,4,Friday,1,0,0,Sunny,Lunch,Dishwasher,90,5,5,0,5,5.0,13.0,325.0,4.84
2024-12-06,4,Friday,1,0,0,Sunny,Dinner,Server,233,30,29,4,25,6.5,14.0,2275.0,1.32
2024-12-06,4,Friday,1,0,0,Sunny,Dinner,Cook,233,15,14,1,13,6.5,20.0,1690.0,3.51
2024-12-06,4,Friday,1,0,0,Sunny,Dinner,Host,233,10,9,0,9,6.5,15.0,877.5,4.36
2024-12-06,4,Friday,1,0,0,Sunny,Dinner,Cashier,233,9,9,0,9,6.5,14.0,819.0,4.91
2024-12-06,4,Friday,1,0,0,Sunny,Dinner,Dishwasher,233,11,11,0,11,6.5,13.0,929.5,4.72
2024-12-07,5,Saturday,1,0,0,Sunny,Lunch,Server,106,14,15,1,14,5.0,14.0,980.0,4.69
2024-12-07,5,Saturday,1,0,0,Sunny,Lunch,Cook,106,7,8,0,8,5.0,20.0,800.0,4.66
2024-12-07,5,Saturday,1,0,0,Sunny,Lunch,Host,106,5,6,0,6,5.0,15.0,450.0,4.6
2024-12-07,5,Saturday,1,0,0,Sunny,Lunch,Cashier,106,4,5,0,5,5.0,14.0,350.0,4.63
2024-12-07,5,Saturday,1,0,0,Sunny,Lunch,Dishwasher,106,5,6,1,5,5.0,13.0,325.0,4.8
2024-12-07,5,Saturday,1,0,0,Sunny,Dinner,Server,273,35,34,5,29,6.5,14.0,2639.0,1.08
2024-12-07,5,Saturday,1,0,0,Sunny,Dinner,Cook,273,18,18,2,16,6.5,20.0,2080.0,3.56
2024-12-07,5,Saturday,1,0,0,Sunny,Dinner,Host,273,11,11,0,11,6.5,15.0,1072.5,4.78
2024-12-07,5,Saturday,1,0,0,Sunny,Dinner,Cashier,273,10,10,1,9,6.5,14.0,819.0,4.03
2024-12-07,5,Saturday,1,0,0,Sunny,Dinner,Dishwasher,273,13,11,2,9,6.5,13.0,760.5,2.48
2024-12-08,6,Sunday,1,0,0,Snow,Lunch,Server,71,9,10,1,9,5.0,14.0,630.0,4.89
2024-12-08,6,Sunday,1,0,0,Snow,Lunch,Cook,71,5,6,0,6,5.0,20.0,600.0,4.7
2024-12-08,6,Sunday,1,0,0,Snow,Lunch,Host,71,3,4,0,4,5.0,15.0,300.0,5.0
2024-12-08,6,Sunday,1,0,0,Snow,Lunch,Cashier,71,3,4,0,4,5.0,14.0,280.0,4.95
2024-12-08,6,Sunday,1,0,0,Snow,Lunch,Dishwasher,71,4,5,2,3,5.0,13.0,195.0,3.99
2024-12-08,6,Sunday,1,0,0,Snow,Dinner,Server,161,21,20,1,19,6.5,14.0,1729.0,3.29
2024-12-08,6,Sunday,1,0,0,Snow,Dinner,Cook,161,11,11,0,11,6.5,20.0,1430.0,4.9
2024-12-08,6,Sunday,1,0,0,Snow,Dinner,Host,161,7,6,1,5,6.5,15.0,487.5,3.41
2024-12-08,6,Sunday,1,0,0,Snow,Dinner,Cashier,161,6,6,2,4,6.5,14.0,364.0,3.72
2024-12-08,6,Sunday,1,0,0,Snow,Dinner,Dishwasher,161,8,8,1,7,6.5,13.0,591.5,4.24
2024-12-09,0,Monday,0,0,0,Cloudy,Lunch,Server,90,12,13,2,11,5.0,14.0,770.0,4.5
2024-12-09,0,Monday,0,0,0,Cloudy,Lunch,Cook,90,6,7,0,7,5.0,20.0,700.0,4.73
2024-12-09,0,Monday,0,0,0,Cloudy,Lunch,Host,90,4,5,0,5,5.0,15.0,375.0,4.82
2024-12-09,0,Monday,0,0,0,Cloudy,Lunch,Cashier,90,4,5,1,4,5.0,14.0,280.0,4.77
2024-12-09,0,Monday,0,0,0,Cloudy,Lunch,Dishwasher,90,5,6,2,4,5.0,13.0,260.0,4.09
2024-12-09,0,Monday,0,0,0,Cloudy,Dinner,Server,186,24,24,0,24,6.5,14.0,2184.0,4.92
2024-12-09,0,Monday,0,0,0,Cloudy,Dinner,Cook,186,12,12,1,11,6.5,20.0,1430.0,4.18
2024-12-09,0,Monday,0,0,0,Cloudy,Dinner,Host,186,8,8,0,8,6.5,15.0,780.0,4.88
2024-12-09,0,Monday,0,0,0,Cloudy,Dinner,Cashier,186,7,7,0,7,6.5,14.0,637.0,4.75
2024-12-09,0,Monday,0,0,0,Cloudy,Dinner,Dishwasher,186,9,9,0,9,6.5,13.0,760.5,4.73
2024-12-10,1,Tuesday,0,0,0,Sunny,Lunch,Server,130,17,16,0,16,5.0,14.0,1120.0,4.23
2024-12-10,1,Tuesday,0,0,0,Sunny,Lunch,Cook,130,9,8,0,8,5.0,20.0,800.0,4.16
2024-12-10,1,Tuesday,0,0,0,Sunny,Lunch,Host,130,6,7,1,6,5.0,15.0,450.0,5.0
2024-12-10,1,Tuesday,0,0,0,Sunny,Lunch,Cashier,130,5,5,0,5,5.0,14.0,350.0,4.88
2024-12-10,1,Tuesday,0,0,0,Sunny,Lunch,Dishwasher,130,6,6,1,5,5.0,13.0,325.0,4.14
2024-12-10,1,Tuesday,0,0,0,Sunny,Dinner,Server,189,24,23,1,22,6.5,14.0,2002.0,3.44
2024-12-10,1,Tuesday,0,0,0,Sunny,Dinner,Cook,189,12,13,1,12,6.5,20.0,1560.0,4.73
2024-12-10,1,Tuesday,0,0,0,Sunny,Dinner,Host,189,8,8,1,7,6.5,15.0,682.5,4.33
2024-12-10,1,Tuesday,0,0,0,Sunny,Dinner,Cashier,189,7,7,0,7,6.5,14.0,637.0,4.91
2024-12-10,1,Tuesday,0,0,0,Sunny,Dinner,Dishwasher,189,9,10,1,9,6.5,13.0,760.5,4.84
2024-12-11,2,Wednesday,0,0,0,Snow,Lunch,Server,60,8,8,0,8,5.0,14.0,560.0,4.59
2024-12-11,2,Wednesday,0,0,0,Snow,Lunch,Cook,60,4,5,1,4,5.0,20.0,400.0,4.71
2024-12-11,2,Wednesday,0,0,0,Snow,Lunch,Host,60,3,4,0,4,5.0,15.0,300.0,4.69
2024-12-11,2,Wednesday,0,0,0,Snow,Lunch,Cashier,60,3,4,0,4,5.0,14.0,280.0,4.68
2024-12-11,2,Wednesday,0,0,0,Snow,Lunch,Dishwasher,60,3,3,0,3,5.0,13.0,195.0,4.68
2024-12-11,2,Wednesday,0,0,0,Snow,Dinner,Server,102,13,14,0,14,6.5,14.0,1274.0,4.78
2024-12-11,2,Wednesday,0,0,0,Snow,Dinner,Cook,102,7,8,1,7,6.5,20.0,910.0,4.53
2024-12-11,2,Wednesday,0,0,0,Snow,Dinner,Host,102,5,6,0,6,6.5,15.0,585.0,4.63
2024-12-11,2,Wednesday,0,0,0,Snow,Dinner,Cashier,102,4,5,1,4,6.5,14.0,364.0,4.72
2024-12-11,2,Wednesday,0,0,0,Snow,Dinner,Dishwasher,102,5,5,1,4,6.5,13.0,338.0,4.23
2024-12-12,3,Thursday,0,0,0,Sunny,Lunch,Server,86,11,11,1,10,5.0,14.0,700.0,4.05
2024-12-12,3,Thursday,0,0,0,Sunny,Lunch,Cook,86,6,6,0,6,5.0,20.0,600.0,4.89
2024-12-12,3,Thursday,0,0,0,Sunny,Lunch,Host,86,4,5,0,5,5.0,15.0,375.0,5.0
2024-12-12,3,Thursday,0,0,0,Sunny,Lunch,Cashier,86,4,5,0,5,5.0,14.0,350.0,4.95
2024-12-12,3,Thursday,0,0,0,Sunny,Lunch,Dishwasher,86,4,4,0,4,5.0,13.0,260.0,4.77
2024-12-12,3,Thursday,0,0,0,Sunny,Dinner,Server,162,21,21,0,21,6.5,14.0,1911.0,4.62
2024-12-12,3,Thursday,0,0,0,Sunny,Dinner,Cook,162,11,12,2,10,6.5,20.0,1300.0,4.21
2024-12-12,3,Thursday,0,0,0,Sunny,Dinner,Host,162,7,7,0,7,6.5,15.0,682.5,4.66
2024-12-12,3,Thursday,0,0,0,Sunny,Dinner,Cashier,162,6,5,1,4,6.5,14.0,364.0,3.51
2024-12-12,3,Thursday,0,0,0,Sunny,Dinner,Dishwasher,162,8,8,1,7,6.5,13.0,591.5,4.26
2024-12-13,4,Friday,1,0,0,Snow,Lunch,Server,76,10,10,0,10,5.0,14.0,700.0,4.92
2024-12-13,4,Friday,1,0,0,Snow,Lunch,Cook,76,5,5,0,5,5.0,20.0,500.0,4.77
2024-12-13,4,Friday,1,0,0,Snow,Lunch,Host,76,4,5,1,4,5.0,15.0,300.0,4.74
2024-12-13,4,Friday,1,0,0,Snow,Lunch,Cashier,76,3,3,0,3,5.0,14.0,210.0,4.76
2024-12-13,4,Friday,1,0,0,Snow,Lunch,Dishwasher,76,4,4,0,4,5.0,13.0,260.0,4.64
2024-12-13,4,Friday,1,0,0,Snow,Dinner,Server,180,23,24,1,23,6.5,14.0,2093.0,5.0
2024-12-13,4,Friday,1,0,0,Snow,Dinner,Cook,180,12,12,1,11,6.5,20.0,1430.0,4.14
2024-12-13,4,Friday,1,0,0,Snow,Dinner,Host,180,8,8,0,8,6.5,15.0,780.0,4.81
2024-12-13,4,Friday,1,0,0,Snow,Dinner,Cashier,180,7,6,0,6,6.5,14.0,546.0,4.33
2024-12-13,4,Friday,1,0,0,Snow,Dinner,Dishwasher,180,9,9,1,8,6.5,13.0,676.0,4.06
2024-12-14,5,Saturday,1,0,0,Rainy,Lunch,Server,112,14,14,1,13,5.0,14.0,910.0,4.15
2024-12-14,5,Saturday,1,0,0,Rainy,Lunch,Cook,112,7,6,0,6,5.0,20.0,600.0,4.37
2024-12-14,5,Saturday,1,0,0,Rainy,Lunch,Host,112,5,5,1,4,5.0,15.0,300.0,3.87
2024-12-14,5,Saturday,1,0,0,Rainy,Lunch,Cashier,112,4,4,0,4,5.0,14.0,280.0,4.83
2024-12-14,5,Saturday,1,0,0,Rainy,Lunch,Dishwasher,112,6,5,1,4,5.0,13.0,260.0,3.53
2024-12-14,5,Saturday,1,0,0,Rainy,Dinner,Server,242,31,30,2,28,6.5,14.0,2548.0,2.65
2024-12-14,5,Saturday,1,0,0,Rainy,Dinner,Cook,242,16,15,0,15,6.5,20.0,1950.0,4.19
2024-12-14,5,Saturday,1,0,0,Rainy,Dinner,Host,242,10,8,0,8,6.5,15.0,780.0,3.73
2024-12-14,5,Saturday,1,0,0,Rainy,Dinner,Cashier,242,9,8,0,8,6.5,14.0,728.0,4.19
2024-12-14,5,Saturday,1,0,0,Rainy,Dinner,Dishwasher,242,11,10,2,8,6.5,13.0,676.0,3.36
2024-12-15,6,Sunday,1,0,0,Rainy,Lunch,Server,82,11,11,0,11,5.0,14.0,770.0,4.86
2024-12-15,6,Sunday,1,0,0,Rainy,Lunch,Cook,82,6,7,2,5,5.0,20.0,500.0,4.14
2024-12-15,6,Sunday,1,0,0,Rainy,Lunch,Host,82,4,5,1,4,5.0,15.0,300.0,4.77
2024-12-15,6,Sunday,1,0,0,Rainy,Lunch,Cashier,82,3,4,0,4,5.0,14.0,280.0,4.59
2024-12-15,6,Sunday,1,0,0,Rainy,Lunch,Dishwasher,82,4,5,0,5,5.0,13.0,325.0,4.88
2024-12-15,6,Sunday,1,0,0,Rainy,Dinner,Server,193,25,26,1,25,6.5,14.0,2275.0,4.96
2024-12-15,6,Sunday,1,0,0,Rainy,Dinner,Cook,193,13,12,3,9,6.5,20.0,1170.0,2.98
2024-12-15,6,Sunday,1,0,0,Rainy,Dinner,Host,193,8,8,1,7,6.5,15.0,682.5,4.2
2024-12-15,6,Sunday,1,0,0,Rainy,Dinner,Cashier,193,7,7,0,7,6.5,14.0,637.0,4.75
2024-12-15,6,Sunday,1,0,0,Rainy,Dinner,Dishwasher,193,9,9,0,9,6.5,13.0,760.5,4.64
2024-12-16,0,Monday,0,0,0,Sunny,Lunch,Server,74,10,11,1,10,5.0,14.0,700.0,4.73
2024-12-16,0,Monday,0,0,0,Sunny,Lunch,Cook,74,5,5,2,3,5.0,20.0,300.0,3.67
2024-12-16,0,Monday,0,0,0,Sunny,Lunch,Host,74,3,4,2,2,5.0,15.0,150.0,4.2
2024-12-16,0,Monday,0,0,0,Sunny,Lunch,Cashier,74,3,4,0,4,5.0,14.0,280.0,4.8
2024-12-16,0,Monday,0,0,0,Sunny,Lunch,Dishwasher,74,4,4,1,3,5.0,13.0,195.0,4.27
2024-12-16,0,Monday,0,0,0,Sunny,Dinner,Server,180,23,22,0,22,6.5,14.0,2002.0,4.08
2024-12-16,0,Monday,0,0,0,Sunny,Dinner,Cook,180,12,12,0,12,6.5,20.0,1560.0,4.65
2024-12-16,0,Monday,0,0,0,Sunny,Dinner,Host,180,8,8,2,6,6.5,15.0,585.0,3.64
2024-12-16,0,Monday,0,0,0,Sunny,Dinner,Cashier,180,7,6,0,6,6.5,14.0,546.0,4.07
2024-12-16,0,Monday,0,0,0,Sunny,Dinner,Dishwasher,180,9,8,0,8,6.5,13.0,676.0,4.05
2024-12-17,1,Tuesday,0,0,1,Cloudy,Lunch,Server,112,14,14,0,14,5.0,14.0,980.0,4.89
2024-12-17,1,Tuesday,0,0,1,Cloudy,Lunch,Cook,112,7,6,0,6,5.0,20.0,600.0,4.01
2024-12-17,1,Tuesday,0,0,1,Cloudy,Lunch,Host,112,5,5,0,5,5.0,15.0,375.0,4.73
2024-12-17,1,Tuesday,0,0,1,Cloudy,Lunch,Cashier,112,4,4,1,3,5.0,14.0,210.0,4.13
2024-12-17,1,Tuesday,0,0,1,Cloudy,Lunch,Dishwasher,112,6,7,0,7,5.0,13.0,455.0,4.79
2024-12-17,1,Tuesday,0,0,1,Cloudy,Dinner,Server,170,22,23,0,23,6.5,14.0,2093.0,5.0
2024-12-17,1,Tuesday,0,0,1,Cloudy,Dinner,Cook,170,11,12,0,12,6.5,20.0,1560.0,4.97
2024-12-17,1,Tuesday,0,0,1,Cloudy,Dinner,Host,170,7,7,0,7,6.5,15.0,682.5,4.92
2024-12-17,1,Tuesday,0,0,1,Cloudy,Dinner,Cashier,170,7,6,0,6,6.5,14.0,546.0,4.11
2024-12-17,1,Tuesday,0,0,1,Cloudy,Dinner,Dishwasher,170,8,9,1,8,6.5,13.0,676.0,4.69
2024-12-18,2,Wednesday,0,0,0,Snow,Lunch,Server,99,13,13,2,11,5.0,14.0,770.0,3.49
2024-12-18,2,Wednesday,0,0,0,Snow,Lunch,Cook,99,7,8,1,7,5.0,20.0,700.0,4.62
2024-12-18,2,Wednesday,0,0,0,Snow,Lunch,Host,99,4,5,0,5,5.0,15.0,375.0,4.92
2024-12-18,2,Wednesday,0,0,0,Snow,Lunch,Cashier,99,4,5,0,5,5.0,14.0,350.0,4.8
2024-12-18,2,Wednesday,0,0,0,Snow,Lunch,Dishwasher,99,5,6,0,6,5.0,13.0,390.0,4.97
2024-12-18,2,Wednesday,0,0,0,Snow,Dinner,Server,133,17,17,2,15,6.5,14.0,1365.0,3.6
2024-12-18,2,Wednesday,0,0,0,Snow,Dinner,Cook,133,9,10,0,10,6.5,20.0,1300.0,4.66
2024-12-18,2,Wednesday,0,0,0,Snow,Dinner,Host,133,6,6,1,5,6.5,15.0,487.5,4.18
2024-12-18,2,Wednesday,0,0,0,Snow,Dinner,Cashier,133,5,5,0,5,6.5,14.0,455.0,4.8
2024-12-18,2,Wednesday,0,0,0,Snow,Dinner,Dishwasher,133,7,7,0,7,6.5,13.0,591.5,4.75
2024-12-19,3,Thursday,0,0,0,Rainy,Lunch,Server,97,13,14,1,13,5.0,14.0,910.0,4.67
2024-12-19,3,Thursday,0,0,0,Rainy,Lunch,Cook,97,7,8,0,8,5.0,20.0,800.0,4.77
2024-12-19,3,Thursday,0,0,0,Rainy,Lunch,Host,97,4,4,0,4,5.0,15.0,300.0,4.47
2024-12-19,3,Thursday,0,0,0,Rainy,Lunch,Cashier,97,4,5,0,5,5.0,14.0,350.0,4.76
2024-12-19,3,Thursday,0,0,0,Rainy,Lunch,Dishwasher,97,5,6,0,6,5.0,13.0,390.0,4.93
2024-12-19,3,Thursday,0,0,0,Rainy,Dinner,Server,132,17,16,2,14,6.5,14.0,1274.0,2.92
2024-12-19,3,Thursday,0,0,0,Rainy,Dinner,Cook,132,9,8,0,8,6.5,20.0,1040.0,4.24
2024-12-19,3,Thursday,0,0,0,Rainy,Dinner,Host,132,6,6,0,6,6.5,15.0,585.0,4.85
2024-12-19,3,Thursday,0,0,0,Rainy,Dinner,Cashier,132,5,4,0,4,6.5,14.0,364.0,4.16
2024-12-19,3,Thursday,0,0,0,Rainy,Dinner,Dishwasher,132,6,6,0,6,6.5,13.0,507.0,4.67
2024-12-20,4,Friday,1,0,0,Rainy,Lunch,Server,89,12,12,1,11,5.0,14.0,770.0,4.04
2024-12-20,4,Friday,1,0,0,Rainy,Lunch,Cook,89,6,7,0,7,5.0,20.0,700.0,4.73
2024-12-20,4,Friday,1,0,0,Rainy,Lunch,Host,89,4,5,0,5,5.0,15.0,375.0,4.91
2024-12-20,4,Friday,1,0,0,Rainy,Lunch,Cashier,89,4,5,0,5,5.0,14.0,350.0,4.83
2024-12-20,4,Friday,1,0,0,Rainy,Lunch,Dishwasher,89,5,6,0,6,5.0,13.0,390.0,4.92
2024-12-20,4,Friday,1,0,0,Rainy,Dinner,Server,199,25,24,4,20,6.5,14.0,1820.0,1.44
2024-12-20,4,Friday,1,0,0,Rainy,Dinner,Cook,199,13,12,1,11,6.5,20.0,1430.0,3.41
2024-12-20,4,Friday,1,0,0,Rainy,Dinner,Host,199,8,9,0,9,6.5,15.0,877.5,4.7
2024-12-20,4,Friday,1,0,0,Rainy,Dinner,Cashier,199,8,7,1,6,6.5,14.0,546.0,2.98
2024-12-20,4,Friday,1,0,0,Rainy,Dinner,Dishwasher,199,10,11,1,10,6.5,13.0,845.0,4.69
2024-12-21,5,Saturday,1,0,0,Cloudy,Lunch,Server,139,18,17,2,15,5.0,14.0,1050.0,2.87
2024-12-21,5,Saturday,1,0,0,Cloudy,Lunch,Cook,139,9,9,1,8,5.0,20.0,800.0,4.29
2024-12-21,5,Saturday,1,0,0,Cloudy,Lunch,Host,139,6,6,0,6,5.0,15.0,450.0,4.98
2024-12-21,5,Saturday,1,0,0,Cloudy,Lunch,Cashier,139,5,4,0,4,5.0,14.0,280.0,4.03
2024-12-21,5,Saturday,1,0,0,Cloudy,Lunch,Dishwasher,139,7,6,1,5,5.0,13.0,325.0,3.8
2024-12-21,5,Saturday,1,0,0,Cloudy,Dinner,Server,264,33,32,0,32,6.5,14.0,2912.0,4.09
2024-12-21,5,Saturday,1,0,0,Cloudy,Dinner,Cook,264,17,15,1,14,6.5,20.0,1820.0,2.89
2024-12-21,5,Saturday,1,0,0,Cloudy,Dinner,Host,264,11,9,0,9,6.5,15.0,877.5,3.47
2024-12-21,5,Saturday,1,0,0,Cloudy,Dinner,Cashier,264,10,9,2,7,6.5,14.0,637.0,2.77
2024-12-21,5,Saturday,1,0,0,Cloudy,Dinner,Dishwasher,264,12,11,0,11,6.5,13.0,929.5,4.1
2024-12-22,6,Sunday,1,0,0,Sunny,Lunch,Server,107,14,15,1,14,5.0,14.0,980.0,4.85
2024-12-22,6,Sunday,1,0,0,Sunny,Lunch,Cook,107,7,8,0,8,5.0,20.0,800.0,4.71
2024-12-22,6,Sunday,1,0,0,Sunny,Lunch,Host,107,5,6,0,6,5.0,15.0,450.0,5.0
2024-12-22,6,Sunday,1,0,0,Sunny,Lunch,Cashier,107,4,5,0,5,5.0,14.0,350.0,4.71
2024-12-22,6,Sunday,1,0,0,Sunny,Lunch,Dishwasher,107,5,6,0,6,5.0,13.0,390.0,4.62
2024-12-22,6,Sunday,1,0,0,Sunny,Dinner,Server,189,24,23,5,18,6.5,14.0,1638.0,1.74
2024-12-22,6,Sunday,1,0,0,Sunny,Dinner,Cook,189,12,11,0,11,6.5,20.0,1430.0,4.02
2024-12-22,6,Sunday,1,0,0,Sunny,Dinner,Host,189,8,8,0,8,6.5,15.0,780.0,4.89
2024-12-22,6,Sunday,1,0,0,Sunny,Dinner,Cashier,189,7,7,0,7,6.5,14.0,637.0,4.9
2024-12-22,6,Sunday,1,0,0,Sunny,Dinner,Dishwasher,189,9,9,0,9,6.5,13.0,760.5,4.83
2024-12-23,0,Monday,0,0,0,Sunny,Lunch,Server,113,15,15,2,13,5.0,14.0,910.0,3.23
2024-12-23,0,Monday,0,0,0,Sunny,Lunch,Cook,113,8,8,1,7,5.0,20.0,700.0,4.2
2024-12-23,0,Monday,0,0,0,Sunny,Lunch,Host,113,5,5,0,5,5.0,15.0,375.0,4.79
2024-12-23,0,Monday,0,0,0,Sunny,Lunch,Cashier,113,5,4,0,4,5.0,14.0,280.0,4.1
2024-12-23,0,Monday,0,0,0,Sunny,Lunch,Dishwasher,113,6,5,0,5,5.0,13.0,325.0,3.95
2024-12-23,0,Monday,0,0,0,Sunny,Dinner,Server,150,19,19,3,16,6.5,14.0,1456.0,3.27
2024-12-23,0,Monday,0,0,0,Sunny,Dinner,Cook,150,10,10,0,10,6.5,20.0,1300.0,4.95
2024-12-23,0,Monday,0,0,0,Sunny,Dinner,Host,150,6,7,0,7,6.5,15.0,682.5,4.67
2024-12-23,0,Monday,0,0,0,Sunny,Dinner,Cashier,150,6,7,0,7,6.5,14.0,637.0,4.84
2024-12-23,0,Monday,0,0,0,Sunny,Dinner,Dishwasher,150,7,7,1,6,6.5,13.0,507.0,4.12
2024-12-24,1,Tuesday,0,1,0,Sunny,Lunch,Server,116,15,15,1,14,5.0,14.0,980.0,4.01
2024-12-24,1,Tuesday,0,1,0,Sunny,Lunch,Cook,116,8,7,0,7,5.0,20.0,700.0,4.23
2024-12-24,1,Tuesday,0,1,0,Sunny,Lunch,Host,116,5,4,0,4,5.0,15.0,300.0,4.11
2024-12-24,1,Tuesday,0,1,0,Sunny,Lunch,Cashier,116,5,5,0,5,5.0,14.0,350.0,4.69
2024-12-24,1,Tuesday,0,1,0,Sunny,Lunch,Dishwasher,116,6,5,0,5,5.0,13.0,325.0,4.08
2024-12-24,1,Tuesday,0,1,0,Sunny,Dinner,Server,225,29,29,3,26,6.5,14.0,2366.0,3.32
2024-12-24,1,Tuesday,0,1,0,Sunny,Dinner,Cook,225,15,15,0,15,6.5,20.0,1950.0,4.51
2024-12-24,1,Tuesday,0,1,0,Sunny,Dinner,Host,225,9,9,1,8,6.5,15.0,780.0,3.97
2024-12-24,1,Tuesday,0,1,0,Sunny,Dinner,Cashier,225,9,8,0,8,6.5,14.0,728.0,4.39
2024-12-24,1,Tuesday,0,1,0,Sunny,Dinner,Dishwasher,225,11,10,2,8,6.5,13.0,676.0,3.3
2024-12-25,2,Wednesday,0,0,0,Sunny,Lunch,Server,95,12,13,0,13,5.0,14.0,910.0,4.82
2024-12-25,2,Wednesday,0,0,0,Sunny,Lunch,Cook,95,6,6,0,6,5.0,20.0,600.0,4.97
2024-12-25,2,Wednesday,0,0,0,Sunny,Lunch,Host,95,4,4,0,4,5.0,15.0,300.0,5.0
2024-12-25,2,Wednesday,0,0,0,Sunny,Lunch,Cashier,95,4,5,0,5,5.0,14.0,350.0,4.75
2024-12-25,2,Wednesday,0,0,0,Sunny,Lunch,Dishwasher,95,5,6,1,5,5.0,13.0,325.0,4.98
2024-12-25,2,Wednesday,0,0,0,Sunny,Dinner,Server,154,20,20,0,20,6.5,14.0,1820.0,4.85
2024-12-25,2,Wednesday,0,0,0,Sunny,Dinner,Cook,154,10,10,0,10,6.5,20.0,1300.0,4.79
2024-12-25,2,Wednesday,0,0,0,Sunny,Dinner,Host,154,7,6,0,6,6.5,15.0,585.0,3.97
2024-12-25,2,Wednesday,0,0,0,Sunny,Dinner,Cashier,154,6,6,0,6,6.5,14.0,546.0,4.62
2024-12-25,2,Wednesday,0,0,0,Sunny,Dinner,Dishwasher,154,7,6,1,5,6.5,13.0,422.5,3.65
2024-12-26,3,Thursday,0,0,0,Sunny,Lunch,Server,112,14,14,2,12,5.0,14.0,840.0,3.87
2024-12-26,3,Thursday,0,0,0,Sunny,Lunch,Cook,112,7,7,0,7,5.0,20.0,700.0,4.83
2024-12-26,3,Thursday,0,0,0,Sunny,Lunch,Host,112,5,5,1,4,5.0,15.0,300.0,4.14
2024-12-26,3,Thursday,0,0,0,Sunny,Lunch,Cashier,112,4,3,0,3,5.0,14.0,210.0,4.27
2024-12-26,3,Thursday,0,0,0,Sunny,Lunch,Dishwasher,112,6,6,0,6,5.0,13.0,390.0,4.63
2024-12-26,3,Thursday,0,0,0,Sunny,Dinner,Server,193,25,25,1,24,6.5,14.0,2184.0,4.29
2024-12-26,3,Thursday,0,0,0,Sunny,Dinner,Cook,193,13,13,0,13,6.5,20.0,1690.0,4.77
2024-12-26,3,Thursday,0,0,0,Sunny,Dinner,Host,193,8,8,1,7,6.5,15.0,682.5,4.27
2024-12-26,3,Thursday,0,0,0,Sunny,Dinner,Cashier,193,7,7,1,6,6.5,14.0,546.0,3.9
2024-12-26,3,Thursday,0,0,0,Sunny,Dinner,Dishwasher,193,9,9,2,7,6.5,13.0,591.5,3.51
2024-12-27,4,Friday,1,0,0,Cloudy,Lunch,Server,103,13,13,2,11,5.0,14.0,770.0,3.38
2024-12-27,4,Friday,1,0,0,Cloudy,Lunch,Cook,103,7,7,0,7,5.0,20.0,700.0,4.83
2024-12-27,4,Friday,1,0,0,Cloudy,Lunch,Host,103,5,6,0,6,5.0,15.0,450.0,4.7
2024-12-27,4,Friday,1,0,0,Cloudy,Lunch,Cashier,103,4,5,0,5,5.0,14.0,350.0,4.88
2024-12-27,4,Friday,1,0,0,Cloudy,Lunch,Dishwasher,103,5,6,0,6,5.0,13.0,390.0,4.83
2024-12-27,4,Friday,1,0,0,Cloudy,Dinner,Server,230,29,28,3,25,6.5,14.0,2275.0,2.24
2024-12-27,4,Friday,1,0,0,Cloudy,Dinner,Cook,230,15,14,1,13,6.5,20.0,1690.0,3.45
2024-12-27,4,Friday,1,0,0,Cloudy,Dinner,Host,230,10,10,2,8,6.5,15.0,780.0,3.89
2024-12-27,4,Friday,1,0,0,Cloudy,Dinner,Cashier,230,9,8,2,6,6.5,14.0,546.0,2.72
2024-12-27,4,Friday,1,0,0,Cloudy,Dinner,Dishwasher,230,11,11,2,9,6.5,13.0,760.5,3.48
2024-12-28,5,Saturday,1,0,0,Sunny,Lunch,Server,118,15,15,0,15,5.0,14.0,1050.0,4.59
2024-12-28,5,Saturday,1,0,0,Sunny,Lunch,Cook,118,8,9,1,8,5.0,20.0,800.0,4.79
2024-12-28,5,Saturday,1,0,0,Sunny,Lunch,Host,118,5,5,1,4,5.0,15.0,300.0,4.2
2024-12-28,5,Saturday,1,0,0,Sunny,Lunch,Cashier,118,5,5,0,5,5.0,14.0,350.0,4.86
2024-12-28,5,Saturday,1,0,0,Sunny,Lunch,Dishwasher,118,6,7,2,5,5.0,13.0,325.0,4.31
2024-12-28,5,Saturday,1,0,0,Sunny,Dinner,Server,244,31,31,2,29,6.5,14.0,2639.0,4.03
2024-12-28,5,Saturday,1,0,0,Sunny,Dinner,Cook,244,16,16,1,15,6.5,20.0,1950.0,4.1
2024-12-28,5,Saturday,1,0,0,Sunny,Dinner,Host,244,10,10,0,10,6.5,15.0,975.0,4.75
2024-12-28,5,Saturday,1,0,0,Sunny,Dinner,Cashier,244,9,9,0,9,6.5,14.0,819.0,4.58
2024-12-28,5,Saturday,1,0,0,Sunny,Dinner,Dishwasher,244,12,12,2,10,6.5,13.0,845.0,3.07
2024-12-29,6,Sunday,1,0,0,Cloudy,Lunch,Server,106,14,15,3,12,5.0,14.0,840.0,3.6
2024-12-29,6,Sunday,1,0,0,Cloudy,Lunch,Cook,106,7,8,0,8,5.0,20.0,800.0,4.95
2024-12-29,6,Sunday,1,0,0,Cloudy,Lunch,Host,106,5,6,1,5,5.0,15.0,375.0,4.75
2024-12-29,6,Sunday,1,0,0,Cloudy,Lunch,Cashier,106,4,4,0,4,5.0,14.0,280.0,4.9
2024-12-29,6,Sunday,1,0,0,Cloudy,Lunch,Dishwasher,106,5,6,1,5,5.0,13.0,325.0,4.74
2024-12-29,6,Sunday,1,0,0,Cloudy,Dinner,Server,189,24,25,1,24,6.5,14.0,2184.0,4.75
2024-12-29,6,Sunday,1,0,0,Cloudy,Dinner,Cook,189,12,11,1,10,6.5,20.0,1300.0,3.94
2024-12-29,6,Sunday,1,0,0,Cloudy,Dinner,Host,189,8,8,0,8,6.5,15.0,780.0,4.58
2024-12-29,6,Sunday,1,0,0,Cloudy,Dinner,Cashier,189,7,7,0,7,6.5,14.0,637.0,4.76
2024-12-29,6,Sunday,1,0,0,Cloudy,Dinner,Dishwasher,189,9,8,1,7,6.5,13.0,591.5,3.29
2024-12-30,0,Monday,0,0,0,Rainy,Lunch,Server,100,13,13,0,13,5.0,14.0,910.0,4.99
2024-12-30,0,Monday,0,0,0,Rainy,Lunch,Cook,100,7,7,0,7,5.0,20.0,700.0,4.75
2024-12-30,0,Monday,0,0,0,Rainy,Lunch,Host,100,4,4,0,4,5.0,15.0,300.0,4.81
2024-12-30,0,Monday,0,0,0,Rainy,Lunch,Cashier,100,4,4,0,4,5.0,14.0,280.0,4.74
2024-12-30,0,Monday,0,0,0,Rainy,Lunch,Dishwasher,100,5,5,0,5,5.0,13.0,325.0,4.68
2024-12-30,0,Monday,0,0,0,Rainy,Dinner,Server,178,23,24,1,23,6.5,14.0,2093.0,4.86
2024-12-30,0,Monday,0,0,0,Rainy,Dinner,Cook,178,12,12,0,12,6.5,20.0,1560.0,4.92
2024-12-30,0,Monday,0,0,0,Rainy,Dinner,Host,178,8,8,1,7,6.5,15.0,682.5,3.99
2024-12-30,0,Monday,0,0,0,Rainy,Dinner,Cashier,178,7,7,0,7,6.5,14.0,637.0,4.76
2024-12-30,0,Monday,0,0,0,Rainy,Dinner,Dishwasher,178,9,9,1,8,6.5,13.0,676.0,4.08
